Model,Horizon,Window,Macrozona,Estacion,Planta,RMSE,MAE,sMAPE,rRMSE,Coverage_90,Pinball_P05,Pinball_P95
INFORMER,Day 1,Raw,Zona Central,Verano,alto_solar,0.21358368227144298,0.21352015001078448,200.0,0.0,0.0,0.014763883625467619,0.10708234210809082
INFORMER,Day 1,Invierno,Zona Central,Verano,alto_solar,1.138679964167687,0.7459687946150856,175.26815378741486,164.78331465656578,0.20833333333333334,0.057515531903967104,0.1832306040843833
INFORMER,Day 1,Operational,Zona Central,Verano,alto_solar,1.3121710125177053,0.901877667104903,166.71046989620072,145.97789019616394,0.20833333333333334,0.07025836757723786,0.24935894332059738
INFORMER,Day 1,Otoño,Zona Central,Verano,alto_solar,1.3008000521649012,0.8792750354138358,167.15063792846374,149.5679013439783,0.25,0.06707477771997218,0.23828712855417208
INFORMER,Day 1,Primavera,Zona Central,Verano,alto_solar,0.9827818380305,0.7024535846345922,172.1100194835121,145.80388378113767,0.3333333333333333,0.051891223259432684,0.08644327884109475
INFORMER,Day 1,Verano,Zona Central,Verano,alto_solar,1.3121710125177053,0.901877667104903,166.71046989620072,145.97789019616394,0.20833333333333334,0.07025836757723786,0.24935894332059738
INFORMER,7-Day Rollout,Raw,Zona Central,Verano,alto_solar,0.22193505679945746,0.22189213601606234,200.0,0.0,0.0,0.12276616634002753,0.056279309448741786
INFORMER,7-Day Rollout,Invierno,Zona Central,Verano,alto_solar,0.677646755597134,0.40233551247902577,169.1404540320518,232.00627433664894,0.10714285714285714,0.10913867403972592,0.11565673722636263
INFORMER,7-Day Rollout,Operational,Zona Central,Verano,alto_solar,1.2095529457721192,0.8039085847641607,162.88982229707,152.20415232982032,0.125,0.10671176068759189,0.42191699731476895
INFORMER,7-Day Rollout,Otoño,Zona Central,Verano,alto_solar,1.2108029675079781,0.8025528770466779,162.80771306647074,152.5916633027246,0.11904761904761904,0.10375655230170759,0.42216728712207574
INFORMER,7-Day Rollout,Primavera,Zona Central,Verano,alto_solar,0.8854532206730755,0.544920626286815,173.48236483099225,191.43993453259313,0.09523809523809523,0.10372580964953418,0.2955650794437177
INFORMER,7-Day Rollout,Verano,Zona Central,Verano,alto_solar,1.2095529457721192,0.8039085847641607,162.88982229707,152.20415232982032,0.125,0.10671176068759189,0.42191699731476895
INFORMER,Day 1,Raw,Zona Central,Verano,chancon,1.1855309331713766,0.875445353796143,162.524917183762,131.2551521591911,0.375,0.05275029901495145,0.09667889396647909
INFORMER,Day 1,Invierno,Zona Central,Verano,chancon,0.7168415848897772,0.5217508817246804,171.54938996836756,152.27745992255544,0.375,0.05594991667118545,0.06898950050041706
INFORMER,Day 1,Otoño,Zona Central,Verano,chancon,1.0494279203671106,0.7669033615432758,167.24603075404775,136.49554065973237,0.2916666666666667,0.06623540776078395,0.11217503303608589
INFORMER,Day 1,Primavera,Zona Central,Verano,chancon,0.6426156183727076,0.4590563681752731,159.0249077395696,149.74319301277805,0.4166666666666667,0.04422843718202785,0.08434794440011811
INFORMER,Day 1,Verano,Zona Central,Verano,chancon,1.185157970577052,0.8748870004589359,162.28939193733876,131.21887196812622,0.2916666666666667,0.06627245435180763,0.15991171364051607
INFORMER,7-Day Rollout,Raw,Zona Central,Verano,chancon,1.237457298800647,0.8974365031653655,162.86748436781448,134.7724928440027,0.15476190476190477,0.09963642082343756,0.46008608881493274
INFORMER,7-Day Rollout,Invierno,Zona Central,Verano,chancon,0.4288513380299108,0.29914129432461867,167.26763314126808,235.96626344552612,0.17261904761904762,0.10946996997112299,0.05381214921620716
INFORMER,7-Day Rollout,Otoño,Zona Central,Verano,chancon,1.1039687731191905,0.8026644113486198,167.81274979705796,137.62535726029333,0.11904761904761904,0.10354187975158634,0.41481449513813307
INFORMER,7-Day Rollout,Primavera,Zona Central,Verano,chancon,0.7040823973305802,0.44328249976180295,172.5003959129338,204.64019133196635,0.08928571428571429,0.10501923668146317,0.24476261708502237
INFORMER,7-Day Rollout,Verano,Zona Central,Verano,chancon,1.2361871276382135,0.8964900480683095,162.62204198181973,134.63382658492569,0.125,0.10118453890900128,0.5033615457861396
INFORMER,Day 1,Raw,Zona Central,Verano,chimbarongo,0.4383777870886804,0.3193229613825679,141.26401077759823,145.71868573853703,0.5,0.028309411322698,0.08469269494526095
INFORMER,Day 1,Invierno,Zona Central,Verano,chimbarongo,0.5039540460343024,0.3517582926651812,158.22739235354732,173.01948631831345,0.4166666666666667,0.04221256602068024,0.07871419927602506
INFORMER,Day 1,Otoño,Zona Central,Verano,chimbarongo,1.2291778099291493,0.9051877708019068,172.18141913123458,135.49112525312972,0.125,0.07584735235432163,0.19808650234481326
INFORMER,Day 1,Primavera,Zona Central,Verano,chimbarongo,0.2426387351026629,0.22771975630125021,143.12085304814926,128.71831059636304,0.4166666666666667,0.03821220671182459,0.08162257751256265
INFORMER,Day 1,Verano,Zona Central,Verano,chimbarongo,0.4393657732419305,0.32104634602243703,142.40196438120387,146.67244999196768,0.4583333333333333,0.03910131060983985,0.07778977840983627
INFORMER,7-Day Rollout,Raw,Zona Central,Verano,chimbarongo,1.0845354415564379,0.7542274886025206,157.3689188210656,140.83614496012177,0.18452380952380953,0.09249165918917719,0.4196493118996581
INFORMER,7-Day Rollout,Invierno,Zona Central,Verano,chimbarongo,0.3319297180533481,0.24982063068758484,168.60653499140247,317.47654648166593,0.15476190476190477,0.11844149939773463,0.0462136608171802
INFORMER,7-Day Rollout,Otoño,Zona Central,Verano,chimbarongo,1.1532841730441736,0.8474112684079144,169.78764039960996,136.32055089025715,0.08333333333333333,0.10772006157423884,0.4214738102305766
INFORMER,7-Day Rollout,Primavera,Zona Central,Verano,chimbarongo,0.6324067588899376,0.38935424133990587,169.71716893039894,220.48893257486034,0.08928571428571429,0.10368141223077851,0.2177362357817222
INFORMER,7-Day Rollout,Verano,Zona Central,Verano,chimbarongo,1.0828186811091913,0.753733132690156,157.8028568160733,140.6982684609456,0.17857142857142858,0.09501221554682203,0.44630028411831
INFORMER,Day 1,Raw,Zona Central,Verano,don_eugenio,1.2083665330500337,0.8455416214176997,162.48329436656934,140.9254889915057,0.375,0.05078339912603649,0.14347502717355387
INFORMER,Day 1,Invierno,Zona Central,Verano,don_eugenio,0.885287884076629,0.6272583114187,173.23664294897122,152.21225061628567,0.2916666666666667,0.056671278101809254,0.06847842087760612
INFORMER,Day 1,Otoño,Zona Central,Verano,don_eugenio,1.4212229640151857,1.033208412642125,175.67315234474836,137.33527305267316,0.125,0.07854942122260884,0.2975366944864315
INFORMER,Day 1,Primavera,Zona Central,Verano,don_eugenio,0.7969166404022585,0.5352172876397768,163.32694417340764,158.56609046526003,0.3333333333333333,0.050822958226005244,0.09790810023744907
INFORMER,Day 1,Verano,Zona Central,Verano,don_eugenio,1.2083044233535623,0.8468130198307335,162.77372624286912,140.92039714104433,0.2916666666666667,0.05955465228762478,0.20635648766377326
INFORMER,7-Day Rollout,Raw,Zona Central,Verano,don_eugenio,1.336064679575515,0.9564571016491925,162.69072752144032,136.20647498705992,0.13095238095238096,0.1001272340174773,0.5038386647610652
INFORMER,7-Day Rollout,Invierno,Zona Central,Verano,don_eugenio,0.5150984397553532,0.34190892552307905,170.93778743812672,233.24499193133025,0.125,0.11227377110045446,0.06623975374246652
INFORMER,7-Day Rollout,Otoño,Zona Central,Verano,don_eugenio,1.2734064812983794,0.9093420569554708,169.5223381672094,140.11314560949947,0.07738095238095238,0.1078400039207996,0.5132883062683332
INFORMER,7-Day Rollout,Primavera,Zona Central,Verano,don_eugenio,0.9895851342507521,0.6438832492226322,170.37742578843012,167.5892745684993,0.10119047619047619,0.10274309686890426,0.37497695491899885
INFORMER,7-Day Rollout,Verano,Zona Central,Verano,don_eugenio,1.3340235689430604,0.9555267869332963,162.46674441840423,135.99767167441087,0.11904761904761904,0.10072612078808103,0.546015954764327
INFORMER,Day 1,Raw,Zona Central,Verano,el_pilpen,1.6152762113591763,1.1210431792539264,164.07256828074918,141.72745321360532,0.20833333333333334,0.07091541197566281,0.3681032024358805
INFORMER,Day 1,Invierno,Zona Central,Verano,el_pilpen,0.876337893858232,0.6324188527457105,175.57639062472325,149.38780196848623,0.375,0.061823712340750105,0.062182973192345094
INFORMER,Day 1,Otoño,Zona Central,Verano,el_pilpen,1.3765661583903601,1.0035360711869241,175.2899713543521,136.8993460259658,0.08333333333333333,0.08080576855354593,0.2730544176352851
INFORMER,Day 1,Primavera,Zona Central,Verano,el_pilpen,0.9061873799958958,0.62873838086792,165.67744978376615,148.1083725484825,0.375,0.059016305034977755,0.10873499105491652
INFORMER,Day 1,Verano,Zona Central,Verano,el_pilpen,1.6155730679308755,1.1227491360962933,164.42460272417557,141.7454016095015,0.20833333333333334,0.07885595664580856,0.42639703741078855
INFORMER,7-Day Rollout,Raw,Zona Central,Verano,el_pilpen,1.5881758436653608,1.1496708870320078,166.61616417122863,134.87429246429642,0.13095238095238096,0.1111810531918158,0.6886254479134508
INFORMER,7-Day Rollout,Invierno,Zona Central,Verano,el_pilpen,0.5228686796780379,0.34217492890279355,165.27306794385345,215.84623017447166,0.1488095238095238,0.10719851129760431,0.06604543991582087
INFORMER,7-Day Rollout,Otoño,Zona Central,Verano,el_pilpen,1.319895673931099,0.9337604647480475,169.52299753921923,141.6081913055622,0.07738095238095238,0.11116566473854272,0.5425393680211484
INFORMER,7-Day Rollout,Primavera,Zona Central,Verano,el_pilpen,0.9951648154946955,0.6331177145661752,176.83345971662766,177.97071016907051,0.10119047619047619,0.1100169024726321,0.3876434626690709
INFORMER,7-Day Rollout,Verano,Zona Central,Verano,el_pilpen,1.5866276195060065,1.1488790499197012,166.5516125846842,134.74180104940777,0.125,0.11238945764234605,0.73296279954888
INFORMER,Day 1,Raw,Zona Central,Verano,el_roble,2.8591141443628176,1.8332880797485511,177.7161659759588,178.5723604041354,0.20833333333333334,0.14905873984098436,0.3778231497233115
INFORMER,Day 1,Invierno,Zona Central,Verano,el_roble,2.6386861347122457,1.8879285297977428,178.19349132164504,151.75048661286354,0.20833333333333334,0.18592582376829037,0.21818076380683746
INFORMER,Day 1,Otoño,Zona Central,Verano,el_roble,3.9481551307662697,2.8460489362684407,172.2344530356415,138.55257617063234,0.125,0.22659996942402358,0.7841635530203955
INFORMER,Day 1,Primavera,Zona Central,Verano,el_roble,2.7070443552788532,1.8107273725327104,166.6160247643437,157.71087274403678,0.25,0.15336692000661664,0.35938884279457867
INFORMER,Day 1,Verano,Zona Central,Verano,el_roble,2.8600721559007636,1.8391329211493332,177.79144659086683,178.6321951546866,0.125,0.1751993113507827,0.4747095799073579
INFORMER,7-Day Rollout,Raw,Zona Central,Verano,el_roble,3.930363622960056,2.716991148846102,167.77005542482956,145.2936607629787,0.1130952380952381,0.3166090089774419,1.482518706397622
INFORMER,7-Day Rollout,Invierno,Zona Central,Verano,el_roble,1.6329484469763613,1.0664074842197155,167.08417476607735,212.78017441661,0.11904761904761904,0.31935415909483816,0.21488468826357593
INFORMER,7-Day Rollout,Otoño,Zona Central,Verano,el_roble,3.5194389975571183,2.4844223750533763,170.74230985853336,144.80016418542738,0.07738095238095238,0.32890778673083976,1.3353389956236699
INFORMER,7-Day Rollout,Primavera,Zona Central,Verano,el_roble,2.8358975521076486,1.7695119511370736,174.95165870430597,184.19247981229648,0.08333333333333333,0.31321126983519726,1.0622133090517307
INFORMER,7-Day Rollout,Verano,Zona Central,Verano,el_roble,3.9247600962031406,2.714491802719186,167.5677243500476,145.08626865446882,0.08928571428571429,0.3164307407644845,1.5959159206625155
INFORMER,Day 1,Raw,Zona Central,Verano,el_sauce,1.0046227773428076,0.6363107819731036,181.92623552196875,181.5062233435496,0.16666666666666666,0.03742895556303362,0.13029346042312687
INFORMER,Day 1,Invierno,Zona Central,Verano,el_sauce,0.8414505628253806,0.5846563149243593,176.12078630012294,160.82747096627804,0.2916666666666667,0.05265807748461763,0.07055742753048744
INFORMER,Day 1,Otoño,Zona Central,Verano,el_sauce,1.3046679360448667,0.9453359873283868,174.66360006114593,139.00980289600707,0.125,0.06984676286623047,0.22212140488718438
INFORMER,Day 1,Primavera,Zona Central,Verano,el_sauce,0.7429832595332003,0.4960443864062351,162.01449008882324,160.18900302862673,0.3333333333333333,0.044909986200946155,0.08924943743792642
INFORMER,Day 1,Verano,Zona Central,Verano,el_sauce,1.0033107358647937,0.6369449337944388,181.94337918049655,181.2691754695463,0.125,0.05591362896375358,0.1795205799086641
INFORMER,7-Day Rollout,Raw,Zona Central,Verano,el_sauce,1.2404793727072685,0.872760294377388,168.6546718872461,142.9665631866286,0.10119047619047619,0.10017188644085848,0.4614522979958218
INFORMER,7-Day Rollout,Invierno,Zona Central,Verano,el_sauce,0.48896301130537095,0.3211793562445212,169.8967523131403,240.35869626734788,0.11904761904761904,0.10185302772610863,0.07330985954147787
INFORMER,7-Day Rollout,Otoño,Zona Central,Verano,el_sauce,1.2101473369264346,0.8569948591990678,172.74191805819862,144.28149008572692,0.07142857142857142,0.10681953635895416,0.45334766885615096
INFORMER,7-Day Rollout,Primavera,Zona Central,Verano,el_sauce,0.877533373091622,0.5266098299880035,177.2595022656318,203.45753373001165,0.07142857142857142,0.10199191550695798,0.3283168252228019
INFORMER,7-Day Rollout,Verano,Zona Central,Verano,el_sauce,1.2385852202972223,0.8717133884028521,168.4401724499803,142.74767722663242,0.08333333333333333,0.10212985785609427,0.5012833969158583
INFORMER,Day 1,Raw,Zona Central,Verano,la_acacia,0.6057757980563018,0.6055543745557467,200.0,0.0,0.0,0.08685616633544364,0.2841784109671913
INFORMER,Day 1,Invierno,Zona Central,Verano,la_acacia,0.5879232293516601,0.5375291646287982,139.20901751907283,161.5573226082558,0.375,0.1185392374771671,0.2297352142173359
INFORMER,Day 1,Operational,Zona Central,Verano,la_acacia,3.6704672481464784,2.746723993991812,168.57050321232865,131.57227625414703,0.25,0.1913172555156052,0.6322491231995325
INFORMER,Day 1,Otoño,Zona Central,Verano,la_acacia,3.0260898959446423,2.1877847129362635,165.49382975821754,137.97954452752316,0.20833333333333334,0.1775033616567574,0.32083380192149596
INFORMER,Day 1,Primavera,Zona Central,Verano,la_acacia,0.520701589944155,0.47616651302814716,133.59434828708157,181.97811789809165,0.4166666666666667,0.06469281627663197,0.2628734035522941
INFORMER,Day 1,Verano,Zona Central,Verano,la_acacia,3.6704672481464784,2.746723993991812,168.57050321232865,131.57227625414703,0.25,0.1913172555156052,0.6322491231995325
INFORMER,7-Day Rollout,Raw,Zona Central,Verano,la_acacia,0.6320552764192517,0.6318975073241052,200.0,0.0,0.0,0.3595749870208757,0.1566982076636384
INFORMER,7-Day Rollout,Invierno,Zona Central,Verano,la_acacia,0.5185254162018248,0.4664013210848534,113.91873177859108,115.24654476855858,0.35106382978723405,0.1628741433067548,0.17246637374773616
INFORMER,7-Day Rollout,Operational,Zona Central,Verano,la_acacia,3.417687391556027,2.527099566868163,167.406039056208,133.48943674184116,0.10714285714285714,0.2807204808088413,1.222611967637273
INFORMER,7-Day Rollout,Otoño,Zona Central,Verano,la_acacia,2.6849955550129447,1.8915043741045727,169.49149373282216,149.2601278629354,0.1130952380952381,0.3117023620870982,0.7754082522130071
INFORMER,7-Day Rollout,Primavera,Zona Central,Verano,la_acacia,1.8355710452165195,1.301718683021699,156.1749966573382,151.80621236481173,0.17261904761904762,0.2608307255254528,0.5775142606478508
INFORMER,7-Day Rollout,Verano,Zona Central,Verano,la_acacia,3.417687391556027,2.527099566868163,167.406039056208,133.48943674184116,0.10714285714285714,0.2807204808088413,1.222611967637273
INFORMER,Day 1,Raw,Zona Central,Verano,la_blanquina,0.6326766077382144,0.6311832502833568,195.89991841950638,7328.575740662764,0.041666666666666664,0.10170018770634971,0.3026073281236073
INFORMER,Day 1,Invierno,Zona Central,Verano,la_blanquina,2.481905622474676,1.7785073147388175,173.45875839032905,151.64785439650694,0.375,0.16673212509485894,0.20289808040446
INFORMER,Day 1,Operational,Zona Central,Verano,la_blanquina,2.975317267478732,2.114327193897528,162.03512781047456,140.48467406117098,0.2916666666666667,0.19096368963170485,0.3031798964540941
INFORMER,Day 1,Otoño,Zona Central,Verano,la_blanquina,2.975317267478732,2.114327193897528,162.03512781047456,140.48467406117098,0.2916666666666667,0.19096368963170485,0.3031798964540941
INFORMER,Day 1,Primavera,Zona Central,Verano,la_blanquina,3.1568731705050324,2.2292341193096945,170.45387742830297,145.29999905767107,0.25,0.18199969485503972,0.37844055357345513
INFORMER,Day 1,Verano,Zona Central,Verano,la_blanquina,4.795954289542722,3.5868033420604966,171.29980928807075,130.61900245795823,0.16666666666666666,0.23665715967460224,0.9967286547102656
INFORMER,7-Day Rollout,Raw,Zona Central,Verano,la_blanquina,2.113166909368076,1.4000590419988537,171.31186537760107,180.33638344258952,0.16666666666666666,0.3110180207039298,0.6046357645580775
INFORMER,7-Day Rollout,Invierno,Zona Central,Verano,la_blanquina,1.4489305382054412,0.9650339482643522,168.66237979443775,236.718008386149,0.16071428571428573,0.3267120847901121,0.17011564644958752
INFORMER,7-Day Rollout,Operational,Zona Central,Verano,la_blanquina,2.0204279431485297,1.3325528142460306,170.2885527480129,182.73839975601163,0.125,0.31440355290925204,0.5512724063320223
INFORMER,7-Day Rollout,Otoño,Zona Central,Verano,la_blanquina,2.0204279431485297,1.3325528142460306,170.2885527480129,182.73839975601163,0.125,0.31440355290925204,0.5512724063320223
INFORMER,7-Day Rollout,Primavera,Zona Central,Verano,la_blanquina,2.593609510435852,1.605172886881822,174.750606782583,193.61325189504396,0.08928571428571429,0.304232231826782,0.8640349308368361
INFORMER,7-Day Rollout,Verano,Zona Central,Verano,la_blanquina,4.0735925930188515,2.814801630874475,163.4496651955842,143.29249822092746,0.07142857142857142,0.3268938657694629,1.3967596451264053
INFORMER,Day 1,Raw,Zona Central,Verano,la_frontera,1.1565290027739281,0.8511975892785509,150.5748274762003,133.3883412348077,0.625,0.05184592929811819,0.1265263059531815
INFORMER,Day 1,Invierno,Zona Central,Verano,la_frontera,1.7466718881553207,1.1410423518294313,173.48178814046332,163.87147914990544,0.20833333333333334,0.09520666177898723,0.27395157373733436
INFORMER,Day 1,Otoño,Zona Central,Verano,la_frontera,2.1668456723084977,1.4907661721032734,167.82790392051012,145.36147903765547,0.20833333333333334,0.11302189065027052,0.4167687674111222
INFORMER,Day 1,Primavera,Zona Central,Verano,la_frontera,1.5398903766254415,1.0809805886113952,168.99734492485862,150.33731194198674,0.2916666666666667,0.08057423337485338,0.1441463817341344
INFORMER,Day 1,Verano,Zona Central,Verano,la_frontera,1.1564000658250222,0.8541227521511446,153.71963820107612,133.98311193942297,0.5,0.07478809563809674,0.10818157856420947
INFORMER,7-Day Rollout,Raw,Zona Central,Verano,la_frontera,1.5344459445808287,1.0586817311890362,157.74436469934864,144.84933480467794,0.21428571428571427,0.14657564821758404,0.4860751471498411
INFORMER,7-Day Rollout,Invierno,Zona Central,Verano,la_frontera,1.0113223307336214,0.5935891073713178,167.63980935700462,247.99732451292758,0.09523809523809523,0.1796411195488488,0.1798466334118633
INFORMER,7-Day Rollout,Otoño,Zona Central,Verano,la_frontera,2.1017097943357363,1.4418992675086233,167.077197867113,146.33216016437328,0.10714285714285714,0.17341552620237052,0.8082384886129148
INFORMER,7-Day Rollout,Primavera,Zona Central,Verano,la_frontera,1.4203759263459166,0.8619542916636211,169.51388767879791,193.34234670764278,0.08928571428571429,0.1648980830238917,0.4556295486788975
INFORMER,7-Day Rollout,Verano,Zona Central,Verano,la_frontera,1.531454069038806,1.0565562143000486,157.23794401231268,144.51921673926236,0.18452380952380953,0.1501467649020578,0.5152319928602859
INFORMER,Day 1,Raw,Zona Central,Verano,la_manga_i,0.9114015706346699,0.6410236160057442,153.94093584982963,139.53290092267176,0.5,0.04018197032613292,0.07484880651706292
INFORMER,Day 1,Invierno,Zona Central,Verano,la_manga_i,0.8455922099979143,0.5792034198433006,170.42680109824187,158.67276723130342,0.2916666666666667,0.05596315180737293,0.09205810572748312
INFORMER,Day 1,Otoño,Zona Central,Verano,la_manga_i,0.9754390603398996,0.677569120763413,163.02566295181612,146.34022461772454,0.2916666666666667,0.05817052386749613,0.10993281905296808
INFORMER,Day 1,Primavera,Zona Central,Verano,la_manga_i,0.8183388873113039,0.5776023999399816,166.88494208409466,149.68680555667723,0.2916666666666667,0.055380998646918055,0.09047117316125276
INFORMER,Day 1,Verano,Zona Central,Verano,la_manga_i,0.9120795176749058,0.6420851017222352,154.6221472237704,139.86448263562318,0.375,0.05128001813354786,0.08398184752804816
INFORMER,7-Day Rollout,Raw,Zona Central,Verano,la_manga_i,0.9004348071507947,0.6447532603699249,153.8712766712535,137.37493130946226,0.21428571428571427,0.08803567574803065,0.28501149815154786
INFORMER,7-Day Rollout,Invierno,Zona Central,Verano,la_manga_i,0.509903978877503,0.3332730578967823,167.40663180675259,230.48145422813113,0.14285714285714285,0.10869163066570524,0.0668813568404219
INFORMER,7-Day Rollout,Otoño,Zona Central,Verano,la_manga_i,0.9123440139824609,0.6436445290930264,160.8576799495788,144.21395510147622,0.13690476190476192,0.09592297587568326,0.3005848874519697
INFORMER,7-Day Rollout,Primavera,Zona Central,Verano,la_manga_i,0.701183324850597,0.458454791818586,171.43195093206353,188.20152521724899,0.10714285714285714,0.09848216183825682,0.22833087166719274
INFORMER,7-Day Rollout,Verano,Zona Central,Verano,la_manga_i,0.8993039011535015,0.643855950719219,153.76504229616418,137.21685586129183,0.20238095238095238,0.08922727728769189,0.3043889870407873
INFORMER,Day 1,Raw,Zona Central,Verano,los_libertadores,3.446676960620442,2.398055247652034,165.27032953178218,142.59430094294478,0.20833333333333334,0.17405115783525008,0.5767425693416348
INFORMER,Day 1,Invierno,Zona Central,Verano,los_libertadores,0.5749050296017995,0.5747776677211126,200.0,0.0,0.0,0.14021145688990752,0.24501455823580445
INFORMER,Day 1,Operational,Zona Central,Verano,los_libertadores,3.5982766115461384,2.5034227073192596,166.058471156089,142.66192172918554,0.20833333333333334,0.17413584794849157,0.7157595013578734
INFORMER,Day 1,Otoño,Zona Central,Verano,los_libertadores,3.2496888854310453,2.2372121593604484,166.3846718696731,145.66745194341877,0.25,0.18250059730683765,0.5937634578906001
INFORMER,Day 1,Primavera,Zona Central,Verano,los_libertadores,2.8647776888881866,1.8436867341709633,166.72577534435973,163.04803461873712,0.20833333333333334,0.14529720488159606,0.5349833937749889
INFORMER,Day 1,Verano,Zona Central,Verano,los_libertadores,3.5982766115461384,2.5034227073192596,166.058471156089,142.66192172918554,0.20833333333333334,0.17413584794849157,0.7157595013578734
INFORMER,7-Day Rollout,Raw,Zona Central,Verano,los_libertadores,3.5044833510126847,2.4448086063688,164.7635072972359,142.23091303250064,0.1130952380952381,0.2816757770277383,1.3210727441412884
INFORMER,7-Day Rollout,Invierno,Zona Central,Verano,los_libertadores,1.1293081469955584,0.7499118769444711,182.73908993016437,379.6234692532541,0.07142857142857142,0.3147809760761633,0.3012926087279717
INFORMER,7-Day Rollout,Operational,Zona Central,Verano,los_libertadores,3.5472840148347027,2.481290662727718,165.2647023323795,141.66698099839195,0.10119047619047619,0.2727913323933968,1.3809990035891089
INFORMER,7-Day Rollout,Otoño,Zona Central,Verano,los_libertadores,3.0917002024301117,2.133210042965597,166.37410681284206,146.1824264302064,0.11904761904761904,0.27653877959784107,1.133213476368113
INFORMER,7-Day Rollout,Primavera,Zona Central,Verano,los_libertadores,2.7140341555621816,1.6846771581320357,161.22236685006516,169.86870788599586,0.125,0.26451027870734245,0.9492686376354799
INFORMER,7-Day Rollout,Verano,Zona Central,Verano,los_libertadores,3.5472840148347027,2.481290662727718,165.2647023323795,141.66698099839195,0.10119047619047619,0.2727913323933968,1.3809990035891089
INFORMER,Day 1,Raw,Zona Central,Verano,los_patos,0.21118463580569205,0.21113961189985275,200.0,0.0,0.0,0.047268733040740085,0.09477837954958289
INFORMER,Day 1,Invierno,Zona Central,Verano,los_patos,0.6910708199063065,0.4692383484604458,169.77765399786045,172.7226885970931,0.2916666666666667,0.05131245503046861,0.07566513286437847
INFORMER,Day 1,Operational,Zona Central,Verano,los_patos,1.7959857085758408,1.3252111331870158,172.9378750024001,133.66358058784593,0.16666666666666666,0.0834535353196164,0.4735681265903016
INFORMER,Day 1,Otoño,Zona Central,Verano,los_patos,1.4888834383736873,1.0694625490383867,174.52851994698986,138.9712422658013,0.08333333333333333,0.07890348595780476,0.3332282917312114
INFORMER,Day 1,Primavera,Zona Central,Verano,los_patos,0.8026992950509036,0.5498366022172073,161.2152515360158,153.17061540225086,0.4166666666666667,0.04942799222189933,0.0972998134559021
INFORMER,Day 1,Verano,Zona Central,Verano,los_patos,1.7959857085758408,1.3252111331870158,172.9378750024001,133.66358058784593,0.16666666666666666,0.0834535353196164,0.4735681265903016
INFORMER,7-Day Rollout,Raw,Zona Central,Verano,los_patos,0.21690172388076753,0.21687530974547067,200.0,0.0,0.0,0.124364657201139,0.053773925333683026
INFORMER,7-Day Rollout,Invierno,Zona Central,Verano,los_patos,0.3357252669985739,0.24067399340440584,163.71603020033035,312.5293361475215,0.13690476190476192,0.10810392979332217,0.06031016709197766
INFORMER,7-Day Rollout,Operational,Zona Central,Verano,los_patos,1.6845377362837346,1.2346246284876197,173.5071268199864,135.02864041957818,0.07142857142857142,0.11721779366711244,0.7520021762909546
INFORMER,7-Day Rollout,Otoño,Zona Central,Verano,los_patos,1.4587658787289042,1.0459019869673025,173.2068859674931,139.19474640702737,0.05357142857142857,0.11304306767833622,0.615841318576999
INFORMER,7-Day Rollout,Primavera,Zona Central,Verano,los_patos,0.8879104825885332,0.5215282973024278,169.5348103198888,203.2065974695075,0.125,0.1005024832031116,0.294133964876058
INFORMER,7-Day Rollout,Verano,Zona Central,Verano,los_patos,1.6845377362837346,1.2346246284876197,173.5071268199864,135.02864041957818,0.07142857142857142,0.11721779366711244,0.7520021762909546
INFORMER,Day 1,Raw,Zona Central,Verano,peralillo,0.5704621461476055,0.44264099414275887,147.10898188306237,125.59574360408105,0.625,0.029238239206561423,0.08030346966168629
INFORMER,Day 1,Invierno,Zona Central,Verano,peralillo,0.7829681053259225,0.5585909613346303,175.83132725849774,156.65526714682028,0.20833333333333334,0.05896889721852858,0.07684554567995297
INFORMER,Day 1,Otoño,Zona Central,Verano,peralillo,1.508593516596835,1.0822499665276457,175.81675053333612,139.09323726099365,0.125,0.08495830216367418,0.3491325556805047
INFORMER,Day 1,Primavera,Zona Central,Verano,peralillo,0.9390903960908977,0.6373858981068329,166.1900563925987,154.0822981636199,0.2916666666666667,0.05623624438157932,0.1259334315619638
INFORMER,Day 1,Verano,Zona Central,Verano,peralillo,0.5715315307685718,0.4446530581586785,147.59554536862439,125.8360191590735,0.5833333333333334,0.042535864867971895,0.06875343563568213
INFORMER,7-Day Rollout,Raw,Zona Central,Verano,peralillo,1.3811583311734585,0.9600243266106929,162.27398709928624,140.4442906189188,0.17857142857142858,0.0982454368059003,0.5723380452206582
INFORMER,7-Day Rollout,Invierno,Zona Central,Verano,peralillo,0.42126553983689813,0.2842513563177195,164.60534794951326,238.2437149587956,0.13690476190476192,0.10167495004747984,0.0593200189193363
INFORMER,7-Day Rollout,Otoño,Zona Central,Verano,peralillo,1.4254760552007097,1.011225520849361,173.40033456005136,140.7764511472218,0.06547619047619048,0.11107296916750437,0.5800093667357162
INFORMER,7-Day Rollout,Primavera,Zona Central,Verano,peralillo,0.9268429164700727,0.5456469854685191,173.27785024759768,200.64410536393257,0.07142857142857142,0.09844494225499568,0.31403802214229937
INFORMER,7-Day Rollout,Verano,Zona Central,Verano,peralillo,1.3803142336538456,0.9596644238757803,162.28758854783513,140.35703443369385,0.18452380952380953,0.09993369096401264,0.603626849931013
INFORMER,Day 1,Raw,Zona Central,Verano,pfv_marchigue_ii,5.026844835021574,3.6438867126901946,168.68507930280302,135.14532009773114,0.20833333333333334,0.22459247590353093,1.0240410409867764
INFORMER,Day 1,Invierno,Zona Central,Verano,pfv_marchigue_ii,3.091445199484604,2.1529947196443877,175.9821081444426,152.20634585760942,0.20833333333333334,0.17303896186252435,0.2730479164669913
INFORMER,Day 1,Otoño,Zona Central,Verano,pfv_marchigue_ii,5.035491111335843,3.6427354852397307,179.97175822749583,138.0803114519624,0.08333333333333333,0.25617830224703847,1.2025410707545234
INFORMER,Day 1,Primavera,Zona Central,Verano,pfv_marchigue_ii,3.8006778976669855,2.620202070257316,174.9906765787094,149.40872823183994,0.16666666666666666,0.193691109920231,0.6410073974868284
INFORMER,Day 1,Verano,Zona Central,Verano,pfv_marchigue_ii,5.026077418404657,3.6485035195946693,169.1672110859745,135.124688316217,0.20833333333333334,0.23378980240474143,1.0781278284887472
INFORMER,7-Day Rollout,Raw,Zona Central,Verano,pfv_marchigue_ii,4.6670135007242655,3.298459537729621,170.31216969973718,140.51502336952677,0.152,0.3043711157657206,1.477830074750632
INFORMER,7-Day Rollout,Invierno,Zona Central,Verano,pfv_marchigue_ii,1.9082666552991492,1.179171725774982,167.77030289119597,212.6552205879725,0.125,0.29860864947217386,0.31445075770330044
INFORMER,7-Day Rollout,Otoño,Zona Central,Verano,pfv_marchigue_ii,4.655980245851471,3.3214956113765117,177.15888762995456,140.2290360674473,0.06547619047619048,0.34287666579707765,1.9779654885675835
INFORMER,7-Day Rollout,Primavera,Zona Central,Verano,pfv_marchigue_ii,3.1320706805413017,1.8875923913556736,174.65367347274764,187.0295374183371,0.07738095238095238,0.29687815079696656,1.1149013058826107
INFORMER,7-Day Rollout,Verano,Zona Central,Verano,pfv_marchigue_ii,4.79548007475945,3.453593766521978,168.46604109013182,136.29746795609756,0.15254237288135594,0.2776963244279121,1.611052397966101
LSTM,Day 1,Raw,Zona Central,Verano,alto_solar,0.586582991288586,0.45831206999719143,200.0,0.0,0.0,0.13944985057848194,0.06111341984942561
LSTM,Day 1,Invierno,Zona Central,Verano,alto_solar,0.7355362728064361,0.5335175247649507,150.959893882606,106.44264314580624,0.25,0.09325451093560937,0.03473858694439213
LSTM,Day 1,Operational,Zona Central,Verano,alto_solar,0.9599522222164043,0.6872192571269503,142.9874706534149,106.79385442252256,0.20833333333333334,0.08464558961519895,0.22431161204828334
LSTM,Day 1,Otoño,Zona Central,Verano,alto_solar,0.9424410987806563,0.6678901982086245,143.01544557797754,108.36326232485919,0.20833333333333334,0.08229201689682668,0.20732632963869643
LSTM,Day 1,Primavera,Zona Central,Verano,alto_solar,0.6672171217044581,0.500989383621345,144.31190261623766,98.98722575575607,0.20833333333333334,0.08085944841507929,0.14555547497736068
LSTM,Day 1,Verano,Zona Central,Verano,alto_solar,0.9599522222164043,0.6872192571269503,142.9874706534149,106.79385442252256,0.20833333333333334,0.08464558961519895,0.22431161204828334
LSTM,7-Day Rollout,Raw,Zona Central,Verano,alto_solar,0.5193786623062865,0.4374720383258093,200.0,0.0,0.0,0.17444117792571584,0.04570577200502161
LSTM,7-Day Rollout,Invierno,Zona Central,Verano,alto_solar,0.5497146252940868,0.4197759542087927,162.01721102930463,188.20608393596427,0.18452380952380953,0.11769461969621,0.037369612690140705
LSTM,7-Day Rollout,Operational,Zona Central,Verano,alto_solar,0.90037489433938,0.6251248093238766,141.27690935611176,113.2987175559287,0.20238095238095238,0.08851941175013225,0.1760855614580491
LSTM,7-Day Rollout,Otoño,Zona Central,Verano,alto_solar,0.8981478066827958,0.6233799966312723,141.25846502285384,113.1892400259737,0.21428571428571427,0.08747078673151831,0.15523188506472035
LSTM,7-Day Rollout,Primavera,Zona Central,Verano,alto_solar,0.7185680101362543,0.5110637876113331,160.77562889859627,155.35841940145892,0.13095238095238096,0.11367758771397174,0.13010663553206023
LSTM,7-Day Rollout,Verano,Zona Central,Verano,alto_solar,0.90037489433938,0.6251248093238766,141.27690935611176,113.2987175559287,0.20238095238095238,0.08851941175013225,0.1760855614580491
LSTM,Day 1,Raw,Zona Central,Verano,chancon,0.585141921433322,0.39010269877568743,120.14352271316142,64.78354109833231,0.875,0.04163953545272913,0.06351768615022596
LSTM,Day 1,Invierno,Zona Central,Verano,chancon,0.31662409299925426,0.20497194064470628,135.59239433535834,67.25992694693204,0.75,0.04142527469666674,0.06880510313203564
LSTM,Day 1,Otoño,Zona Central,Verano,chancon,0.4618105349614183,0.34020773469334625,125.82555580755381,60.0661345372516,0.875,0.04207507169412566,0.04976777572131449
LSTM,Day 1,Primavera,Zona Central,Verano,chancon,0.47683116448603935,0.29939767291458946,137.23757824656542,111.11186696481514,0.75,0.03290275100540991,0.06480380654102197
LSTM,Day 1,Verano,Zona Central,Verano,chancon,0.5911328994918577,0.3977668350562453,120.66161100649191,65.44932758356393,0.875,0.041579732221240805,0.061367930518463294
LSTM,7-Day Rollout,Raw,Zona Central,Verano,chancon,0.6193365570274925,0.4203634326608846,91.70337304558859,67.45245414198641,0.9107142857142857,0.042234169841148764,0.0737374632763282
LSTM,7-Day Rollout,Invierno,Zona Central,Verano,chancon,0.8406863117976969,0.5309282772348828,133.5008587131354,462.56963691895317,0.6130952380952381,0.08331078151375745,0.10172940307288744
LSTM,7-Day Rollout,Otoño,Zona Central,Verano,chancon,0.4320561432936431,0.28721881835803115,85.1597382053502,53.861923022774015,0.9404761904761905,0.04079197257010817,0.06800370276047103
LSTM,7-Day Rollout,Primavera,Zona Central,Verano,chancon,0.7082462657701626,0.4782704706823487,138.506529906356,205.85041166610316,0.5892857142857143,0.0851600043803046,0.08630313894727382
LSTM,7-Day Rollout,Verano,Zona Central,Verano,chancon,0.62241892669096,0.4234023380503502,87.04872117185916,67.7879909649173,0.9107142857142857,0.04213766527190317,0.07233295758570815
LSTM,Day 1,Raw,Zona Central,Verano,chimbarongo,0.3187140876658458,0.237589657617112,119.5946967128506,105.94195086720704,0.4583333333333333,0.051309688140948606,0.04647758601543808
LSTM,Day 1,Invierno,Zona Central,Verano,chimbarongo,0.46789773405151214,0.3772209902357038,153.74002416877428,160.64049139429892,0.2916666666666667,0.06237944380203164,0.04790817738697423
LSTM,Day 1,Otoño,Zona Central,Verano,chimbarongo,0.8328831775449603,0.6387459648928294,141.10225805330649,91.8079369952778,0.2916666666666667,0.07154102917993442,0.17451850905781616
LSTM,Day 1,Primavera,Zona Central,Verano,chimbarongo,0.46276795894499023,0.3679278168439926,149.12584678420836,245.49546818368864,0.2916666666666667,0.05620728628755197,0.06017217287600076
LSTM,Day 1,Verano,Zona Central,Verano,chimbarongo,0.3245256190449966,0.23896790218229094,120.13348839320794,108.33562951267925,0.4583333333333333,0.051003489744228615,0.047541641529339096
LSTM,7-Day Rollout,Raw,Zona Central,Verano,chimbarongo,0.8105940838699622,0.5635859310708232,129.9834621878041,105.26253133405446,0.2857142857142857,0.06602956008228353,0.1580636391854872
LSTM,7-Day Rollout,Invierno,Zona Central,Verano,chimbarongo,0.49755505623991086,0.4010119335731967,172.47915544867797,475.8900825931775,0.14285714285714285,0.11126771835401779,0.04558220510817552
LSTM,7-Day Rollout,Otoño,Zona Central,Verano,chimbarongo,0.817811416679398,0.6210737425030262,141.79792723099368,96.66698412396147,0.23214285714285715,0.0773490090352628,0.13751127179132824
LSTM,7-Day Rollout,Primavera,Zona Central,Verano,chimbarongo,0.6170227659101414,0.4673366897361345,166.77864914659338,215.12529573326745,0.10714285714285714,0.10119392480723437,0.09081856432514397
LSTM,7-Day Rollout,Verano,Zona Central,Verano,chimbarongo,0.8130718200259623,0.5655167901437553,130.52359276348002,105.64815624981503,0.2857142857142857,0.06814760480360096,0.15705545080023686
LSTM,Day 1,Raw,Zona Central,Verano,don_eugenio,0.8101615613424655,0.5466808312097177,131.94719884714777,94.4849191628359,0.625,0.04117974409818998,0.20613937040398014
LSTM,Day 1,Invierno,Zona Central,Verano,don_eugenio,0.46049968648284584,0.3486162120680092,143.33576137466258,79.17615834170924,0.5833333333333334,0.03660448639105501,0.04977129089747908
LSTM,Day 1,Otoño,Zona Central,Verano,don_eugenio,1.035897447690022,0.7288667602115311,145.38815307415413,100.10059113536552,0.5833333333333334,0.05417381927157597,0.24589137777511497
LSTM,Day 1,Primavera,Zona Central,Verano,don_eugenio,0.6432453396650659,0.45481676639368135,150.30250001645317,127.9894201596831,0.625,0.033941823725278174,0.14593155803158883
LSTM,Day 1,Verano,Zona Central,Verano,don_eugenio,0.8244244244471706,0.5509510066670676,132.88804375044728,96.14979061603356,0.6666666666666666,0.03975171174388379,0.2045680556368704
LSTM,7-Day Rollout,Raw,Zona Central,Verano,don_eugenio,1.034655304592123,0.7082948711724555,137.94767068081592,105.47898916834635,0.43452380952380953,0.051309632889607604,0.30420016643492265
LSTM,7-Day Rollout,Invierno,Zona Central,Verano,don_eugenio,0.4398008161971608,0.328673967160003,162.71784090604103,199.14899737227003,0.4166666666666667,0.06115819367420326,0.038489119659740445
LSTM,7-Day Rollout,Otoño,Zona Central,Verano,don_eugenio,0.9760944754419981,0.6782297937457077,146.33536619572774,107.39985179499551,0.31547619047619047,0.052748653574794205,0.2557446186483546
LSTM,7-Day Rollout,Primavera,Zona Central,Verano,don_eugenio,0.7865310165863494,0.5401653708060967,155.51240649082524,133.20143758538924,0.27976190476190477,0.05874399784703808,0.1654258769620442
LSTM,7-Day Rollout,Verano,Zona Central,Verano,don_eugenio,1.0440849545889634,0.714126754318628,138.4803445727802,106.43974076626128,0.4166666666666667,0.05088819988706098,0.31304887949785076
LSTM,Day 1,Raw,Zona Central,Verano,el_pilpen,1.2712857455639999,0.8929021868310277,142.0072705711925,111.54506564170579,0.2916666666666667,0.08806188915650637,0.383446965245912
LSTM,Day 1,Invierno,Zona Central,Verano,el_pilpen,0.36747125715611473,0.2792783865200666,136.94430854386405,62.64218833612255,0.4583333333333333,0.05070100169493041,0.03931130110965269
LSTM,Day 1,Otoño,Zona Central,Verano,el_pilpen,0.9019611870924945,0.6440043168695411,142.03220472785904,89.69993625162985,0.4583333333333333,0.06223716796351558,0.1542330332500569
LSTM,Day 1,Primavera,Zona Central,Verano,el_pilpen,0.6349968789151859,0.42027027770745917,137.72798280438218,103.78466571662027,0.3333333333333333,0.05954837933865443,0.14324732018752306
LSTM,Day 1,Verano,Zona Central,Verano,el_pilpen,1.222478602520743,0.8489503754487183,140.16211720288354,107.25650477403164,0.2916666666666667,0.07703512814405257,0.31590450148190335
LSTM,7-Day Rollout,Raw,Zona Central,Verano,el_pilpen,1.3066450775416767,0.9440779207039431,143.84293254338857,110.96556532975627,0.13095238095238096,0.0959987352698353,0.5184430677800093
LSTM,7-Day Rollout,Invierno,Zona Central,Verano,el_pilpen,0.6276370881425083,0.41293191182605715,160.38864546626493,259.09583927777436,0.43452380952380953,0.06860759596501165,0.06404891998924027
LSTM,7-Day Rollout,Otoño,Zona Central,Verano,el_pilpen,0.8102122257079868,0.574926210680479,138.84680713256904,86.9255730753696,0.4642857142857143,0.05930503796933494,0.0961683887335312
LSTM,7-Day Rollout,Primavera,Zona Central,Verano,el_pilpen,0.8191379356465812,0.5757291587754784,161.24356095788818,146.490870520759,0.1130952380952381,0.10875403282222275,0.20235527779229545
LSTM,7-Day Rollout,Verano,Zona Central,Verano,el_pilpen,1.2623986457271457,0.9058664020212769,141.03832917673617,107.20717645175529,0.15476190476190477,0.08868196155354963,0.4415406225491748
LSTM,Day 1,Raw,Zona Central,Verano,el_roble,2.6217919003946095,1.8905765786767006,134.1276173859681,163.7498695408846,0.625,0.22762150634080172,0.28411143142730017
LSTM,Day 1,Invierno,Zona Central,Verano,el_roble,1.0174141010279147,0.7057224293239415,118.19169949283051,58.51134884392458,0.7916666666666666,0.1333995654635752,0.18702660329484708
LSTM,Day 1,Otoño,Zona Central,Verano,el_roble,2.179045554599024,1.509882949313275,106.45828414846514,76.469228078245,0.7916666666666666,0.15257294101775187,0.19549550066494714
LSTM,Day 1,Primavera,Zona Central,Verano,el_roble,2.049898048167068,1.3807639303461958,122.2602255399529,119.42590064410805,0.75,0.11842694626733041,0.2844961985829288
LSTM,Day 1,Verano,Zona Central,Verano,el_roble,2.6147529758927726,1.8798711150884628,134.08831826272643,163.31023778799434,0.625,0.22479699092606706,0.280996253155172
LSTM,7-Day Rollout,Raw,Zona Central,Verano,el_roble,2.370468315595975,1.603015664567162,91.15119349059711,87.62904716592207,0.8571428571428571,0.16331588150704712,0.24643424918571602
LSTM,7-Day Rollout,Invierno,Zona Central,Verano,el_roble,2.3091260431112017,1.455558197745783,122.78626961943874,300.8890103744045,0.6666666666666666,0.1722891656973724,0.29154475588714596
LSTM,7-Day Rollout,Otoño,Zona Central,Verano,el_roble,1.7700221283558975,1.1845814250454265,92.28626692911162,72.82396284625871,0.8869047619047619,0.14444609453690144,0.21595032795221675
LSTM,7-Day Rollout,Primavera,Zona Central,Verano,el_roble,2.174377486182167,1.449845974026608,118.00954363944697,141.22653370544535,0.7440476190476191,0.17725864601695016,0.26054598432317694
LSTM,7-Day Rollout,Verano,Zona Central,Verano,el_roble,2.3726695285390935,1.6047733004417664,90.05136791398955,87.71027023509497,0.8630952380952381,0.16274296800743504,0.2434182230852805
LSTM,Day 1,Raw,Zona Central,Verano,el_sauce,0.9075124189781916,0.6842265554393331,171.08783838726762,163.9611957054936,0.0,0.11034083726505438,0.28186388107327126
LSTM,Day 1,Invierno,Zona Central,Verano,el_sauce,0.5157508678389879,0.4036243011554082,149.20872469689465,98.57609155871566,0.25,0.08012920559073487,0.04480839309593043
LSTM,Day 1,Otoño,Zona Central,Verano,el_sauce,0.9647765576692772,0.7169194364238743,146.18250922352976,102.79504494213487,0.041666666666666664,0.0777250962739951,0.24741559311096353
LSTM,Day 1,Primavera,Zona Central,Verano,el_sauce,0.5989100796807533,0.43413634807317675,147.35957710905055,129.12647403136845,0.25,0.06557604504365978,0.14022227511328916
LSTM,Day 1,Verano,Zona Central,Verano,el_sauce,0.9013238587105424,0.67785194174697,171.13710665049115,162.84310220069975,0.0,0.10903104258080325,0.2833849045913667
LSTM,7-Day Rollout,Raw,Zona Central,Verano,el_sauce,1.0336313092742049,0.7599131626560675,150.46152364760098,119.12710452131034,0.05952380952380952,0.09645099753740526,0.41125569065587203
LSTM,7-Day Rollout,Invierno,Zona Central,Verano,el_sauce,0.44073333973130324,0.35397414960268253,162.46237081157696,216.65052057120002,0.17261904761904762,0.11392473451977878,0.038785599208758646
LSTM,7-Day Rollout,Otoño,Zona Central,Verano,el_sauce,0.9457015378093342,0.6967750512230092,151.01282174762935,112.75257391223663,0.041666666666666664,0.09559304829229436,0.30480856686292934
LSTM,7-Day Rollout,Primavera,Zona Central,Verano,el_sauce,0.771786590937744,0.5368112835297195,169.1011239072903,178.93997102910402,0.10119047619047619,0.11640021898710984,0.20297033448202587
LSTM,7-Day Rollout,Verano,Zona Central,Verano,el_sauce,1.0337663677420155,0.7596764414192876,150.54989715486553,119.1421836559407,0.05357142857142857,0.09633080449064091,0.4138597731102588
LSTM,Day 1,Raw,Zona Central,Verano,la_acacia,1.6420807611840162,1.3224324534336727,200.0,0.0,0.0,0.45974806348482766,0.13853607351581268
LSTM,Day 1,Invierno,Zona Central,Verano,la_acacia,1.1374279978489046,0.9691029616461341,153.75075612623502,312.5575123044236,0.25,0.1739865332198974,0.1342233394124417
LSTM,Day 1,Operational,Zona Central,Verano,la_acacia,2.5261427704967714,1.9288388782491286,136.1770546369321,90.55260052383214,0.2916666666666667,0.1980282878813644,0.4339698711720606
LSTM,Day 1,Otoño,Zona Central,Verano,la_acacia,1.811229712669514,1.3658600985266578,133.60331601298154,82.5859969076834,0.375,0.16985200169632056,0.2053073808638147
LSTM,Day 1,Primavera,Zona Central,Verano,la_acacia,1.3582368981072048,1.0888963641846203,166.58562559077026,474.6853075747281,0.08333333333333333,0.1733670042348725,0.1580276192581855
LSTM,Day 1,Verano,Zona Central,Verano,la_acacia,2.5261427704967714,1.9288388782491286,136.1770546369321,90.55260052383214,0.2916666666666667,0.1980282878813644,0.4339698711720606
LSTM,7-Day Rollout,Raw,Zona Central,Verano,la_acacia,1.30304073312782,1.1055808345831575,200.0,0.0,0.0,0.4650431865560157,0.10118573992734872
LSTM,7-Day Rollout,Invierno,Zona Central,Verano,la_acacia,1.195936808479683,1.0669299449143501,137.43913236245595,265.80680644046663,0.2872340425531915,0.2362380683636435,0.1422832451156066
LSTM,7-Day Rollout,Operational,Zona Central,Verano,la_acacia,2.50610787282171,1.8421623358029007,139.1425451039444,97.8845897912719,0.27976190476190477,0.18291736428114486,0.4176470352636812
LSTM,7-Day Rollout,Otoño,Zona Central,Verano,la_acacia,1.8378192548948533,1.4198720621856669,145.99871681571196,102.16521083709875,0.23214285714285715,0.248253720779801,0.2599688250213495
LSTM,7-Day Rollout,Primavera,Zona Central,Verano,la_acacia,1.3036656807905054,1.0241954082665048,140.00093434932032,107.81633852121261,0.24404761904761904,0.20677110450784916,0.12930749720826068
LSTM,7-Day Rollout,Verano,Zona Central,Verano,la_acacia,2.50610787282171,1.8421623358029007,139.1425451039444,97.8845897912719,0.27976190476190477,0.18291736428114486,0.4176470352636812
LSTM,Day 1,Raw,Zona Central,Verano,la_blanquina,2.071051103317546,1.441835085337516,178.90088629217107,23989.909991624078,0.4166666666666667,0.26582597386926254,0.22652756862516998
LSTM,Day 1,Invierno,Zona Central,Verano,la_blanquina,1.0764666598580308,0.7845762683621919,120.9780073973872,65.77359663421709,0.75,0.1187019935362817,0.1529783356992995
LSTM,Day 1,Operational,Zona Central,Verano,la_blanquina,1.594956986469926,1.099622621239784,111.93730490794896,75.30861156722565,0.875,0.10893802874682783,0.121404882662076
LSTM,Day 1,Otoño,Zona Central,Verano,la_blanquina,1.594956986469926,1.099622621239784,111.93730490794896,75.30861156722565,0.875,0.10893802874682783,0.121404882662076
LSTM,Day 1,Primavera,Zona Central,Verano,la_blanquina,1.7704518107683134,1.1848032214281072,120.51536412751538,81.48779901573747,0.7916666666666666,0.11669240592770318,0.16110165839660728
LSTM,Day 1,Verano,Zona Central,Verano,la_blanquina,3.268246747444729,2.2845386144084237,114.77683970029709,89.01150931911825,0.75,0.17011816665374987,0.41608720018994066
LSTM,7-Day Rollout,Raw,Zona Central,Verano,la_blanquina,1.6874325264958228,1.1826599292960185,141.03929693208357,144.0044692080893,0.6369047619047619,0.16511131000384227,0.16007426087242158
LSTM,7-Day Rollout,Invierno,Zona Central,Verano,la_blanquina,1.7405633734209356,1.165437934142184,139.45145228442232,284.3633178829867,0.6011904761904762,0.1713333716683857,0.20388411411678972
LSTM,7-Day Rollout,Operational,Zona Central,Verano,la_blanquina,1.6536031377099798,1.1051453870074641,119.48886201128283,149.56078599157806,0.7619047619047619,0.14659557308216226,0.18276556010988287
LSTM,7-Day Rollout,Otoño,Zona Central,Verano,la_blanquina,1.6536031377099798,1.1051453870074641,119.48886201128283,149.56078599157806,0.7619047619047619,0.14659557308216226,0.18276556010988287
LSTM,7-Day Rollout,Primavera,Zona Central,Verano,la_blanquina,2.031819684329566,1.3705841912804837,134.8461581744751,151.6755759741569,0.6726190476190477,0.16290044758588051,0.17896592647926565
LSTM,7-Day Rollout,Verano,Zona Central,Verano,la_blanquina,2.85029159327128,1.9228406156457605,103.60322859853149,100.26172076164201,0.8333333333333334,0.153515951135861,0.26478657812057516
LSTM,Day 1,Raw,Zona Central,Verano,la_frontera,0.548166672738689,0.42554338906241657,111.33389359969708,63.22283576239058,0.625,0.05397427227180742,0.06361591363153524
LSTM,Day 1,Invierno,Zona Central,Verano,la_frontera,1.0051029052600078,0.7551603392833689,144.60623763121836,94.29801950770181,0.5,0.09411710669179835,0.05072759315905088
LSTM,Day 1,Otoño,Zona Central,Verano,la_frontera,1.451069898624543,1.0353907056075211,136.918422766765,97.34411146427686,0.4166666666666667,0.09116013141853425,0.24630337559889695
LSTM,Day 1,Primavera,Zona Central,Verano,la_frontera,0.8421622909952914,0.6655885275368204,136.1382172693105,82.21910920996241,0.4583333333333333,0.08414804399446592,0.07950948990218004
LSTM,Day 1,Verano,Zona Central,Verano,la_frontera,0.5497063089644559,0.4248517445735664,112.77238510677157,63.69020904131987,0.625,0.05679595069084605,0.06250582165773978
LSTM,7-Day Rollout,Raw,Zona Central,Verano,la_frontera,0.952476639873827,0.6656187812988542,123.44121975125759,89.91232841402393,0.4583333333333333,0.07412691414772007,0.09093897972151789
LSTM,7-Day Rollout,Invierno,Zona Central,Verano,la_frontera,0.9504582719381323,0.7353534304653793,163.65889402463435,233.07218810332267,0.30952380952380953,0.13044671860946794,0.07948242817952975
LSTM,7-Day Rollout,Otoño,Zona Central,Verano,la_frontera,1.4077208618255017,1.0081889121969911,137.47487152779826,98.01297742178784,0.35714285714285715,0.09621836430453098,0.140875481911488
LSTM,7-Day Rollout,Primavera,Zona Central,Verano,la_frontera,1.0909529199480992,0.8076488091852523,156.40611655003752,148.5011071913589,0.2976190476190476,0.11916136097445533,0.09516256220116777
LSTM,7-Day Rollout,Verano,Zona Central,Verano,la_frontera,0.9522266583498143,0.6641411541261512,123.16811734039716,89.8590781173949,0.4642857142857143,0.07343997899825772,0.09011960633347979
LSTM,Day 1,Raw,Zona Central,Verano,la_manga_i,0.5995194973746665,0.4385746928649799,127.18437009778236,91.78467244700528,0.25,0.06259340682057275,0.13482427466709246
LSTM,Day 1,Invierno,Zona Central,Verano,la_manga_i,0.4200024668461702,0.3258162232329293,139.890520114153,78.81216604232907,0.375,0.057781375896593094,0.03306605097944463
LSTM,Day 1,Otoño,Zona Central,Verano,la_manga_i,0.5700221428502299,0.3933164737633585,130.75463140678735,85.51756005414826,0.625,0.04473488408499785,0.03224704012342654
LSTM,Day 1,Primavera,Zona Central,Verano,la_manga_i,0.5170534644212819,0.35827170820751536,137.61868762916473,94.57705431245448,0.5416666666666666,0.045177375651352734,0.052784573183938276
LSTM,Day 1,Verano,Zona Central,Verano,la_manga_i,0.5279548229384677,0.37127491672193474,123.61826059256036,80.96018684150576,0.7083333333333334,0.03913682758696571,0.04438255247441706
LSTM,7-Day Rollout,Raw,Zona Central,Verano,la_manga_i,0.6504401434048919,0.483760889983716,129.7783619388444,99.2344690715624,0.16071428571428573,0.07800512566186943,0.16069702375726896
LSTM,7-Day Rollout,Invierno,Zona Central,Verano,la_manga_i,0.44072897242826314,0.3613333768876146,160.04807283577424,199.21369256492716,0.22023809523809523,0.10506291968460162,0.03337751904121197
LSTM,7-Day Rollout,Otoño,Zona Central,Verano,la_manga_i,0.5716883532088596,0.4257742103630638,132.43951468260076,90.36661307374379,0.36904761904761907,0.06570204402522081,0.057941348922118094
LSTM,7-Day Rollout,Primavera,Zona Central,Verano,la_manga_i,0.5851118007548559,0.4390503028481048,158.1904632073677,157.0472791094088,0.20833333333333334,0.09205029382889891,0.09608558216834134
LSTM,7-Day Rollout,Verano,Zona Central,Verano,la_manga_i,0.5331329036166432,0.39590188050592384,121.08192028255213,81.34605075841897,0.5,0.05472078171355746,0.04703647874670166
LSTM,Day 1,Raw,Zona Central,Verano,los_libertadores,2.2786024776210536,1.4900760237748425,132.63963115439387,94.26927186258487,0.7083333333333334,0.12052838002952437,0.2220782081130893
LSTM,Day 1,Invierno,Zona Central,Verano,los_libertadores,1.8313214893779484,1.2746431529521942,183.33333333333331,0.0,0.375,0.2714607745409012,0.2066799117873114
LSTM,Day 1,Operational,Zona Central,Verano,los_libertadores,2.410436198301612,1.5502226973573368,100.0333167215353,95.56726660531521,0.75,0.11929223549862704,0.21825270814200248
LSTM,Day 1,Otoño,Zona Central,Verano,los_libertadores,2.081637150692943,1.3194150608032942,117.861950616175,93.30947986178649,0.75,0.10961199424540002,0.18559276390199866
LSTM,Day 1,Primavera,Zona Central,Verano,los_libertadores,1.872077342696844,1.24473056398953,129.77692808213976,106.5487673144546,0.75,0.10345237037011733,0.11474401662902295
LSTM,Day 1,Verano,Zona Central,Verano,los_libertadores,2.410436198301612,1.5502226973573368,100.0333167215353,95.56726660531521,0.75,0.11929223549862704,0.21825270814200248
LSTM,7-Day Rollout,Raw,Zona Central,Verano,los_libertadores,2.645777775803017,1.7652435147957433,133.6048831899289,107.37999044133562,0.44642857142857145,0.15135868748960396,0.39908233455914477
LSTM,7-Day Rollout,Invierno,Zona Central,Verano,los_libertadores,1.5057379798077235,1.083935399955849,171.87045235445402,506.1625360639875,0.35714285714285715,0.2538394426866176,0.14739667638067974
LSTM,7-Day Rollout,Operational,Zona Central,Verano,los_libertadores,2.630224955600174,1.760089716364053,121.14290176764885,105.04262620309794,0.5,0.14874827223719053,0.39198424978336943
LSTM,7-Day Rollout,Otoño,Zona Central,Verano,los_libertadores,2.062432440371753,1.3784049971423407,131.0887996717718,97.51636922782458,0.5595238095238095,0.14475587901147158,0.1641921545172398
LSTM,7-Day Rollout,Primavera,Zona Central,Verano,los_libertadores,1.989419629983556,1.290877775116176,143.31671397619783,124.51580290386661,0.42857142857142855,0.1522840761111861,0.26923333672784533
LSTM,7-Day Rollout,Verano,Zona Central,Verano,los_libertadores,2.630224955600174,1.760089716364053,121.14290176764885,105.04262620309794,0.5,0.14874827223719053,0.39198424978336943
LSTM,Day 1,Raw,Zona Central,Verano,los_patos,0.6546423623560276,0.46157648290197056,200.0,0.0,0.375,0.09467420312575996,0.06851240055014696
LSTM,Day 1,Invierno,Zona Central,Verano,los_patos,0.4476282878420517,0.32426369019473594,127.45385840253121,111.87791343682387,0.6666666666666666,0.0372271093307063,0.051829635111304666
LSTM,Day 1,Operational,Zona Central,Verano,los_patos,1.3496231999455948,0.9469752541432778,117.56777040891349,100.44371093142068,0.7083333333333334,0.06267993184737862,0.25518543099363644
LSTM,Day 1,Otoño,Zona Central,Verano,los_patos,1.0542732135250126,0.7280139809202714,120.25507685471244,98.40505602719765,0.7083333333333334,0.052669556888092,0.16113612258050128
LSTM,Day 1,Primavera,Zona Central,Verano,los_patos,0.41870889181843995,0.24432528407002488,103.77193585702551,79.89778866089303,0.8333333333333334,0.028184533903064826,0.043029390221151244
LSTM,Day 1,Verano,Zona Central,Verano,los_patos,1.3496231999455948,0.9469752541432778,117.56777040891349,100.44371093142068,0.7083333333333334,0.06267993184737862,0.25518543099363644
LSTM,7-Day Rollout,Raw,Zona Central,Verano,los_patos,0.5915010110143272,0.4571275578900462,200.0,0.0,0.19047619047619047,0.11279808670238015,0.05374111531834522
LSTM,7-Day Rollout,Invierno,Zona Central,Verano,los_patos,0.5470897885134448,0.40555205546566175,155.46892699211818,509.2902596989256,0.3869047619047619,0.06817087794143369,0.056271803219438234
LSTM,7-Day Rollout,Operational,Zona Central,Verano,los_patos,1.251404607462883,0.8952049081036377,130.12043634853302,100.30969275481266,0.4583333333333333,0.06592693403474101,0.25905379492323843
LSTM,7-Day Rollout,Otoño,Zona Central,Verano,los_patos,1.0244107629586634,0.7268647616037924,133.39943598384315,97.74878782530112,0.5059523809523809,0.05879833709667374,0.1523342483487189
LSTM,7-Day Rollout,Primavera,Zona Central,Verano,los_patos,0.7122147177095539,0.4936943757336935,151.46704334975797,162.99698256916747,0.4166666666666667,0.06358507773625206,0.08310067194530742
LSTM,7-Day Rollout,Verano,Zona Central,Verano,los_patos,1.251404607462883,0.8952049081036377,130.12043634853302,100.30969275481266,0.4583333333333333,0.06592693403474101,0.25905379492323843
LSTM,Day 1,Raw,Zona Central,Verano,peralillo,0.19785173060353137,0.17021480366713604,103.57522331270783,43.560007261332196,0.4583333333333333,0.05070869626783292,0.03274849934633913
LSTM,Day 1,Invierno,Zona Central,Verano,peralillo,0.4074168019679672,0.31437590224049927,142.85461104180942,81.51543788086663,0.3333333333333333,0.08156441211889008,0.028537320641801995
LSTM,Day 1,Otoño,Zona Central,Verano,peralillo,1.0573630637386306,0.7622447244357318,146.377449033037,97.48951581561973,0.20833333333333334,0.07673377018654719,0.18297356322485334
LSTM,Day 1,Primavera,Zona Central,Verano,peralillo,0.5131159225041176,0.35905534105851206,132.6570177425096,84.19006401608183,0.4166666666666667,0.06631239216512697,0.021392950454033412
LSTM,Day 1,Verano,Zona Central,Verano,peralillo,0.16465698403439138,0.132797405168238,102.14650718355351,36.25308190742134,0.5416666666666666,0.03750399203234072,0.03589157231064257
LSTM,7-Day Rollout,Raw,Zona Central,Verano,peralillo,1.0829526318239069,0.7320861910126607,134.54845431338623,110.12098375511906,0.1488095238095238,0.08182300992042962,0.36741727037161515
LSTM,7-Day Rollout,Invierno,Zona Central,Verano,peralillo,0.42492771867981427,0.3380941329944481,160.19764772516137,240.31483402710973,0.20238095238095238,0.10625561695727244,0.033418674647161285
LSTM,7-Day Rollout,Otoño,Zona Central,Verano,peralillo,0.9262504887456051,0.6456848457843686,140.5302419441447,91.4741823991047,0.2916666666666667,0.06936933281526547,0.09358174404589503
LSTM,7-Day Rollout,Primavera,Zona Central,Verano,peralillo,0.7560782994917155,0.52017392400734,162.74292087103203,163.67676905204803,0.11904761904761904,0.10812906816333571,0.14141416600279702
LSTM,7-Day Rollout,Verano,Zona Central,Verano,peralillo,0.8905653301376367,0.5698494537922456,127.44362573137369,90.55699467555364,0.40476190476190477,0.05549172991708348,0.11431304381212593
LSTM,Day 1,Raw,Zona Central,Verano,pfv_marchigue_ii,4.054565244159582,2.9154518793026605,144.19751724143913,109.00585471855536,0.125,0.24317570794373755,1.3055538708964984
LSTM,Day 1,Invierno,Zona Central,Verano,pfv_marchigue_ii,2.1259474824445386,1.5434854129950206,149.8171739481109,104.67036512308681,0.16666666666666666,0.2342758556207021,0.28399500710268816
LSTM,Day 1,Otoño,Zona Central,Verano,pfv_marchigue_ii,4.108079031969387,2.94985473305375,156.95483165842558,112.64935627165218,0.041666666666666664,0.25090907842289506,1.4007236797488682
LSTM,Day 1,Primavera,Zona Central,Verano,pfv_marchigue_ii,2.8886470808173867,1.9766749176196754,151.98415025070628,113.55581774516335,0.125,0.21698034175205974,0.6404454847564921
LSTM,Day 1,Verano,Zona Central,Verano,pfv_marchigue_ii,3.8460702752080493,2.7294284105300903,142.54431645756014,103.40052568165852,0.2916666666666667,0.21352642259250085,0.9062357613195976
LSTM,7-Day Rollout,Raw,Zona Central,Verano,pfv_marchigue_ii,3.88959169336004,2.746862265095115,149.96908849891597,117.10831082995274,0.088,0.254472392616421,1.474725632988661
LSTM,7-Day Rollout,Invierno,Zona Central,Verano,pfv_marchigue_ii,1.5116313174005365,1.0857863710261881,157.08638481702718,168.4545974520031,0.16666666666666666,0.2990273394788216,0.16827781918968654
LSTM,7-Day Rollout,Otoño,Zona Central,Verano,pfv_marchigue_ii,3.842883254132592,2.7462229166142476,156.43954400196935,115.74014192326092,0.041666666666666664,0.27847742955155336,1.3797249152270004
LSTM,7-Day Rollout,Primavera,Zona Central,Verano,pfv_marchigue_ii,2.644440259143497,1.7170973777823337,162.59546409753318,157.91100803400712,0.10714285714285714,0.31425878610427,0.6617032697568825
LSTM,7-Day Rollout,Verano,Zona Central,Verano,pfv_marchigue_ii,3.862274054902213,2.7652991302784975,144.7091282610739,109.77382160473424,0.13559322033898305,0.237923629150205,1.2513437488187356
LSTM_LOCAL,Day 1,Raw,Zona Central,Verano,alto_solar,0.8891102870864026,0.5940884440205991,116.66666666666667,0.0,1.0,0.0,0.20406600286563256
LSTM_LOCAL,Day 1,Invierno,Zona Central,Verano,alto_solar,0.751940927257,0.39523218883550726,73.46268330057572,108.81663181797492,1.0,0.034202299405781865,0.07639946562752213
LSTM_LOCAL,Day 1,Operational,Zona Central,Verano,alto_solar,1.3387473888648849,0.8193012437841389,163.61966276100912,148.9344890778727,0.5,0.044506067688053014,0.6162031109333231
LSTM_LOCAL,Day 1,Otoño,Zona Central,Verano,alto_solar,1.3153345015055362,0.7876822247344535,161.29099333155378,151.23909368553086,0.5,0.04302001187994999,0.5782643946348496
LSTM_LOCAL,Day 1,Primavera,Zona Central,Verano,alto_solar,1.0991728099353628,0.6730278588393048,195.0271494076745,163.07145536630122,0.4166666666666667,0.03369657776317278,0.6369150146057109
LSTM_LOCAL,Day 1,Verano,Zona Central,Verano,alto_solar,1.3387473888648849,0.8193012437841389,163.61966276100912,148.9344890778727,0.5,0.044506067688053014,0.6162031109333231
LSTM_LOCAL,7-Day Rollout,Raw,Zona Central,Verano,alto_solar,0.8827989406940491,0.5229731673080962,129.76190476190476,0.0,0.8154761904761905,0.0062454769741244875,0.12750582506663977
LSTM_LOCAL,7-Day Rollout,Invierno,Zona Central,Verano,alto_solar,0.7285858636999991,0.4153573357971687,100.23847653543558,249.44632343503721,0.9166666666666666,0.0173163695599994,0.10688935193338703
LSTM_LOCAL,7-Day Rollout,Operational,Zona Central,Verano,alto_solar,1.1508355124022707,0.6662325240544132,153.48319473826402,144.815441315326,0.5952380952380952,0.03946409234652362,0.3647985891149368
LSTM_LOCAL,7-Day Rollout,Otoño,Zona Central,Verano,alto_solar,1.1285806448066864,0.6520741167228802,152.36006857756323,142.22958019070018,0.5952380952380952,0.03935123637493235,0.3389704221550519
LSTM_LOCAL,7-Day Rollout,Primavera,Zona Central,Verano,alto_solar,0.9673325676506639,0.46120171600519133,195.5598323312631,209.142706919649,0.3392857142857143,0.023171171853872304,0.43335345426480454
LSTM_LOCAL,7-Day Rollout,Verano,Zona Central,Verano,alto_solar,1.1508355124022707,0.6662325240544132,153.48319473826402,144.815441315326,0.5952380952380952,0.03946409234652362,0.3647985891149368
LSTM_LOCAL,Day 1,Raw,Zona Central,Verano,chancon,0.3893395547805042,0.2728897708754327,101.0055803121437,43.10543156187687,0.9583333333333334,0.03923833995759197,0.09622200480650168
LSTM_LOCAL,Day 1,Invierno,Zona Central,Verano,chancon,0.5904757047501862,0.3289200049669792,67.96344904729725,125.43376718185904,0.7916666666666666,0.02353735034897303,0.06240295876826472
LSTM_LOCAL,Day 1,Otoño,Zona Central,Verano,chancon,1.1337746537645388,0.736556127051396,154.4393638366035,147.46623502999154,0.5416666666666666,0.03842014191686758,0.5861667202516401
LSTM_LOCAL,Day 1,Primavera,Zona Central,Verano,chancon,0.44548994381563334,0.2527703707261632,53.19557267406129,103.80869175100838,1.0,0.021457256434950982,0.04456132038418829
LSTM_LOCAL,Day 1,Verano,Zona Central,Verano,chancon,0.3932462410448784,0.27934918583681184,101.38030878407929,43.5396204022407,0.875,0.039735674904659395,0.09531756566526998
LSTM_LOCAL,7-Day Rollout,Raw,Zona Central,Verano,chancon,0.6509235161884089,0.4882392980199213,118.81271625026446,70.89261586037813,0.7559523809523809,0.047066953599780734,0.09540323291437838
LSTM_LOCAL,7-Day Rollout,Invierno,Zona Central,Verano,chancon,0.34313252596788735,0.15951621606964614,68.88124637920934,188.80132306738926,0.9642857142857143,0.009087132452070061,0.03147427910487297
LSTM_LOCAL,7-Day Rollout,Otoño,Zona Central,Verano,chancon,1.1937530127438996,0.774172332697877,169.84436615695498,148.81823549704058,0.4226190476190476,0.03991065477451208,0.6588806555526118
LSTM_LOCAL,7-Day Rollout,Primavera,Zona Central,Verano,chancon,0.7594050026644756,0.3996192590954403,116.50586664521387,220.71959991174893,0.7678571428571429,0.01719803125136726,0.26341184567950443
LSTM_LOCAL,7-Day Rollout,Verano,Zona Central,Verano,chancon,0.6498077661545273,0.48811786354053766,118.82454058064282,70.77092468122717,0.7440476190476191,0.04730779257841365,0.09407064929698777
LSTM_LOCAL,Day 1,Raw,Zona Central,Verano,chimbarongo,0.8091770914251618,0.5493016314382354,136.89135684056933,268.973989478974,0.375,0.05880838059820235,0.1659626370451104
LSTM_LOCAL,Day 1,Invierno,Zona Central,Verano,chimbarongo,0.20405122559964736,0.10284688900234566,53.60634577947751,70.05566978515776,1.0,0.013399468194378037,0.06548226367558534
LSTM_LOCAL,Day 1,Otoño,Zona Central,Verano,chimbarongo,1.294326736877706,0.860122129204683,178.65110114032825,142.67243079736397,0.08333333333333333,0.04523704508222484,0.6318852851283735
LSTM_LOCAL,Day 1,Primavera,Zona Central,Verano,chimbarongo,0.10929352621898512,0.06917193996882058,45.042395217620815,57.979522717486674,1.0,0.009425183331668072,0.06193896046956416
LSTM_LOCAL,Day 1,Verano,Zona Central,Verano,chimbarongo,0.7632162713855154,0.5252794441767037,136.7424667050649,254.78270547079768,0.375,0.05752640659144769,0.1601898767286913
LSTM_LOCAL,7-Day Rollout,Raw,Zona Central,Verano,chimbarongo,0.8615317164500446,0.624802377242737,122.50341426770905,111.8772158626472,0.4642857142857143,0.0797946685966833,0.17667347696517388
LSTM_LOCAL,7-Day Rollout,Invierno,Zona Central,Verano,chimbarongo,0.34021152532021337,0.17474399425061296,96.29563638112751,325.39774011606227,0.8154761904761905,0.01418605457677889,0.06747661719900003
LSTM_LOCAL,7-Day Rollout,Otoño,Zona Central,Verano,chimbarongo,1.2109519417715853,0.8089374844988372,182.5632879364026,143.13699924294914,0.023809523809523808,0.04730733483598707,0.5990640224509468
LSTM_LOCAL,7-Day Rollout,Primavera,Zona Central,Verano,chimbarongo,0.6793740811235905,0.2697723476547651,173.49375097854264,236.86411294670694,0.1488095238095238,0.01485881109507092,0.24763876081698402
LSTM_LOCAL,7-Day Rollout,Verano,Zona Central,Verano,chimbarongo,0.8196812119727772,0.5941687990327322,122.39188649070454,106.50696116214256,0.4642857142857143,0.07842676503158233,0.16697046108096678
LSTM_LOCAL,Day 1,Raw,Zona Central,Verano,don_eugenio,0.4297134767210604,0.29108301194598124,93.6114339068879,50.115242500387915,1.0,0.03324150153518227,0.07360638110815981
LSTM_LOCAL,Day 1,Invierno,Zona Central,Verano,don_eugenio,0.6305200264085346,0.3557600279309554,69.26582608841034,108.40865892837147,0.7916666666666666,0.02837099902559809,0.07993101220369381
LSTM_LOCAL,Day 1,Otoño,Zona Central,Verano,don_eugenio,1.3527777067152569,0.8867696197121404,131.6379012492503,130.72128753565772,0.5833333333333334,0.04999772054434289,0.5373742874003559
LSTM_LOCAL,Day 1,Primavera,Zona Central,Verano,don_eugenio,0.5722116850606193,0.32040669427563745,50.10550382623378,113.85553421597731,0.9583333333333334,0.02512884810566902,0.08192399479448802
LSTM_LOCAL,Day 1,Verano,Zona Central,Verano,don_eugenio,0.4353464157774317,0.29487606743350625,93.76581338593611,50.772958055566505,1.0,0.03321733075038841,0.07369683663516002
LSTM_LOCAL,7-Day Rollout,Raw,Zona Central,Verano,don_eugenio,0.7689953061194166,0.535173764317239,108.0341837287585,78.3960099606845,0.8392857142857143,0.04226361664848335,0.08762904167652867
LSTM_LOCAL,7-Day Rollout,Invierno,Zona Central,Verano,don_eugenio,0.3965532891936476,0.2177669219614429,78.2263996983089,179.56581033762205,0.8928571428571429,0.012470637268880378,0.04146501908875662
LSTM_LOCAL,7-Day Rollout,Otoño,Zona Central,Verano,don_eugenio,1.2839380022074254,0.8279037200848377,156.78268075272592,141.27193076120852,0.4642857142857143,0.04457206853989452,0.6362876684341288
LSTM_LOCAL,7-Day Rollout,Primavera,Zona Central,Verano,don_eugenio,1.0250599902885342,0.5831300997016937,124.74788126954839,173.59705013325166,0.6547619047619048,0.030612131675063985,0.4104471435943197
LSTM_LOCAL,7-Day Rollout,Verano,Zona Central,Verano,don_eugenio,0.7664988507833677,0.5329044355139383,107.9204512185479,78.14109246228692,0.8392857142857143,0.04207579530986768,0.08747225518811799
LSTM_LOCAL,Day 1,Raw,Zona Central,Verano,el_pilpen,0.5954604473969886,0.39324073127924447,113.15381987567189,52.24684924196122,1.0,0.044771324529241006,0.10403193614483834
LSTM_LOCAL,Day 1,Invierno,Zona Central,Verano,el_pilpen,0.5827728887891211,0.3380698556817758,58.366583492806136,99.34428433733315,0.9166666666666666,0.028852142712761028,0.03546325403246255
LSTM_LOCAL,Day 1,Otoño,Zona Central,Verano,el_pilpen,1.2427597920892532,0.8071961266541621,157.81923742355872,123.59231829679958,0.5833333333333334,0.048314937854835684,0.3737327821875321
LSTM_LOCAL,Day 1,Primavera,Zona Central,Verano,el_pilpen,1.0170844103594459,0.6107737312037594,196.60706503097785,166.233518682916,0.4583333333333333,0.0305828433209778,0.5775691740676393
LSTM_LOCAL,Day 1,Verano,Zona Central,Verano,el_pilpen,0.5937416907963182,0.39243851659800083,113.0965456922701,52.0930659744258,1.0,0.04477681483670798,0.1036171583747395
LSTM_LOCAL,7-Day Rollout,Raw,Zona Central,Verano,el_pilpen,0.6754573585846091,0.46764765786585205,110.09528664026296,57.36256075942272,0.9940476190476191,0.044338714020791585,0.1331279229551696
LSTM_LOCAL,7-Day Rollout,Invierno,Zona Central,Verano,el_pilpen,0.5844073163700316,0.3386354482790488,75.35052104093458,241.25009018043406,0.8988095238095238,0.018367660973553072,0.061806823446418795
LSTM_LOCAL,7-Day Rollout,Otoño,Zona Central,Verano,el_pilpen,1.2095541085370014,0.7870730283537428,160.81155872194282,129.7699302900191,0.5595238095238095,0.04650485669642963,0.40398831814095293
LSTM_LOCAL,7-Day Rollout,Primavera,Zona Central,Verano,el_pilpen,1.088619217119052,0.5585908248902429,194.45572547069628,194.68366662266504,0.4523809523809524,0.028007273200061415,0.5288207484101003
LSTM_LOCAL,7-Day Rollout,Verano,Zona Central,Verano,el_pilpen,0.6728805827307675,0.46608880689720256,110.05377035022408,57.14330224287099,0.9940476190476191,0.044357677081379186,0.13255851743064193
LSTM_LOCAL,Day 1,Raw,Zona Central,Verano,el_roble,2.2886175180510904,1.9580451709528763,154.97652992423534,142.94071926663722,0.75,0.11223204402873914,0.5531139473741259
LSTM_LOCAL,Day 1,Invierno,Zona Central,Verano,el_roble,2.5370353028773156,1.4919886654630925,89.88633840944826,145.90456087253855,0.9583333333333334,0.08694160373415798,0.20642473631693684
LSTM_LOCAL,Day 1,Otoño,Zona Central,Verano,el_roble,4.293981057100444,2.8255746637599564,195.81581890870055,150.68864261513798,0.5,0.1424785897125427,2.4542354691163077
LSTM_LOCAL,Day 1,Primavera,Zona Central,Verano,el_roble,2.4843344999977743,1.3430026756444324,75.24606230458782,144.73592256393198,1.0,0.0858230097956645,0.34583549063730396
LSTM_LOCAL,Day 1,Verano,Zona Central,Verano,el_roble,2.2866993610868493,1.9589173831045628,155.00608141268575,142.8209164887714,0.75,0.11068697640051445,0.5521876365567252
LSTM_LOCAL,7-Day Rollout,Raw,Zona Central,Verano,el_roble,3.1322777415987586,2.469335188070545,144.72005468744464,115.79083852311145,0.4880952380952381,0.3068072986943575,0.6367240236074959
LSTM_LOCAL,7-Day Rollout,Invierno,Zona Central,Verano,el_roble,1.5537192745394013,0.6872674107806537,85.6009487736289,202.456274013486,0.9642857142857143,0.038371724514595806,0.12895173786305034
LSTM_LOCAL,7-Day Rollout,Otoño,Zona Central,Verano,el_roble,3.852071864799364,2.4171501998557092,191.4603749322052,158.48566742147685,0.18452380952380953,0.12785744953232092,2.166807710019252
LSTM_LOCAL,7-Day Rollout,Primavera,Zona Central,Verano,el_roble,3.0321430048380105,1.5064964793952338,161.6037014707638,196.93868658673642,0.4880952380952381,0.07745175351401919,1.293027622093775
LSTM_LOCAL,7-Day Rollout,Verano,Zona Central,Verano,el_roble,3.139273991449896,2.4665067444768196,144.81447653008962,116.04927143040133,0.48214285714285715,0.3081216760374185,0.6395214716974374
LSTM_LOCAL,Day 1,Raw,Zona Central,Verano,el_sauce,1.1386702481314084,0.6618399492775401,143.0814450971738,205.7247168122592,0.2916666666666667,0.10898665666269759,0.1958480729876709
LSTM_LOCAL,Day 1,Invierno,Zona Central,Verano,el_sauce,0.6607924553514224,0.36107869434636086,67.051259147616,126.29806684177187,0.8333333333333334,0.02616003838678201,0.06486806086419773
LSTM_LOCAL,Day 1,Otoño,Zona Central,Verano,el_sauce,1.3465639922408172,0.8778532192748875,179.44697098267568,143.47374529316187,0.5416666666666666,0.04656844257873066,0.6257533295115838
LSTM_LOCAL,Day 1,Primavera,Zona Central,Verano,el_sauce,0.5751273254131305,0.27834171073724673,48.653093636087405,123.9988542007428,0.9166666666666666,0.02319083225083887,0.08042925419649695
LSTM_LOCAL,Day 1,Verano,Zona Central,Verano,el_sauce,0.9059226878849471,0.6119631606464585,145.96734188553378,163.67397736506356,0.2916666666666667,0.10069431161197523,0.14521662988699988
LSTM_LOCAL,7-Day Rollout,Raw,Zona Central,Verano,el_sauce,0.8595822421006033,0.6170266215818369,130.4009023429086,99.06776495700751,0.40476190476190477,0.07956501036044626,0.1607963298456093
LSTM_LOCAL,7-Day Rollout,Invierno,Zona Central,Verano,el_sauce,0.3962628240862527,0.1867687770338085,74.99084874862238,194.79022661103878,0.9583333333333334,0.01017152736511567,0.034548503731244594
LSTM_LOCAL,7-Day Rollout,Otoño,Zona Central,Verano,el_sauce,1.2515920592161867,0.7874120707424372,177.7275168707325,149.22279442585958,0.26785714285714285,0.04241731944872203,0.5641417263602918
LSTM_LOCAL,7-Day Rollout,Primavera,Zona Central,Verano,el_sauce,0.9306821537003614,0.4286181184655843,158.6701362844232,215.780164589411,0.4107142857142857,0.021708993500578803,0.35712621166946645
LSTM_LOCAL,7-Day Rollout,Verano,Zona Central,Verano,el_sauce,0.8526278122522478,0.6440666271394418,133.52770833390127,98.26585829001479,0.4107142857142857,0.08140299108653423,0.14378111085066594
LSTM_LOCAL,Day 1,Raw,Zona Central,Verano,la_acacia,0.32165879331028113,0.19870355694244304,91.66666666666666,0.0,1.0,0.0,0.07901548789814121
LSTM_LOCAL,Day 1,Invierno,Zona Central,Verano,la_acacia,0.30508426203549555,0.15500881358510318,54.79724752074956,83.83508948731935,1.0,0.018195499277283034,0.04289987295315242
LSTM_LOCAL,Day 1,Operational,Zona Central,Verano,la_acacia,0.9356945577602719,0.6981536926080784,100.1047557338804,33.541087420220286,0.5833333333333334,0.1847824740844468,0.23408942989384154
LSTM_LOCAL,Day 1,Otoño,Zona Central,Verano,la_acacia,3.2005722994914563,2.061565558988756,173.0469977751164,145.93535661417684,0.125,0.1119333443726646,1.667021303019525
LSTM_LOCAL,Day 1,Primavera,Zona Central,Verano,la_acacia,0.7711589327628197,0.3797962101743906,53.28647969365781,269.50954998913994,1.0,0.014306708849350494,0.13517318480771803
LSTM_LOCAL,Day 1,Verano,Zona Central,Verano,la_acacia,0.9356945577602719,0.6981536926080784,100.1047557338804,33.541087420220286,0.5833333333333334,0.1847824740844468,0.23408942989384154
LSTM_LOCAL,7-Day Rollout,Raw,Zona Central,Verano,la_acacia,0.32453669619029035,0.17968111070721143,92.85714285714286,0.0,1.0,0.0,0.04146015144485452
LSTM_LOCAL,7-Day Rollout,Invierno,Zona Central,Verano,la_acacia,0.6484993146556515,0.3689982020630066,91.27863503295569,144.13431427583527,0.9468085106382979,0.02249635410949381,0.08353907132934052
LSTM_LOCAL,7-Day Rollout,Operational,Zona Central,Verano,la_acacia,1.5049081929630999,0.9852045918828697,108.28212945944674,58.779321807827486,0.5297619047619048,0.21075356421968625,0.38547277552016124
LSTM_LOCAL,7-Day Rollout,Otoño,Zona Central,Verano,la_acacia,2.8932326851970225,1.751927605103057,186.51495743574944,160.83612493267222,0.017857142857142856,0.10764374082653896,1.496027652117369
LSTM_LOCAL,7-Day Rollout,Primavera,Zona Central,Verano,la_acacia,1.6793160343899791,0.9391849174715476,63.531707482446095,138.88354101498027,0.8214285714285714,0.06045770514336342,0.2847400803815098
LSTM_LOCAL,7-Day Rollout,Verano,Zona Central,Verano,la_acacia,1.5049081929630999,0.9852045918828697,108.28212945944674,58.779321807827486,0.5297619047619048,0.21075356421968625,0.38547277552016124
LSTM_LOCAL,Day 1,Raw,Zona Central,Verano,la_blanquina,1.0524212995086528,0.6707587983109988,116.66666666666667,12190.665989862604,0.625,0.05562536466653304,0.08357204802547745
LSTM_LOCAL,Day 1,Invierno,Zona Central,Verano,la_blanquina,1.7551912245249528,1.014843259123154,60.907163260172034,107.24460303586851,0.7916666666666666,0.07755906927438143,0.3201718925013362
LSTM_LOCAL,Day 1,Operational,Zona Central,Verano,la_blanquina,1.542245573057083,0.9454042278618241,44.14440918223492,72.81975237444384,0.9583333333333334,0.09878071796265431,0.08440128744696274
LSTM_LOCAL,Day 1,Otoño,Zona Central,Verano,la_blanquina,1.542245573057083,0.9454042278618241,44.14440918223492,72.81975237444384,0.9583333333333334,0.09878071796265431,0.08440128744696274
LSTM_LOCAL,Day 1,Primavera,Zona Central,Verano,la_blanquina,3.50779583025465,2.1660080414912954,171.83306631017228,161.4517604294394,0.4583333333333333,0.1085703456871367,2.036020174053071
LSTM_LOCAL,Day 1,Verano,Zona Central,Verano,la_blanquina,1.143730526599774,1.0570728979073465,97.71372361806053,31.149784056724577,0.5,0.2216563218816494,0.24510481259009512
LSTM_LOCAL,7-Day Rollout,Raw,Zona Central,Verano,la_blanquina,1.6055224076214205,0.9501096704826479,72.5318321713453,137.01430930179984,0.7976190476190477,0.08219772448289968,0.13835466364211507
LSTM_LOCAL,7-Day Rollout,Invierno,Zona Central,Verano,la_blanquina,1.151759014605001,0.637316208416797,76.54942438442866,188.16781956695286,0.8095238095238095,0.05407415540694708,0.11206099179576309
LSTM_LOCAL,7-Day Rollout,Operational,Zona Central,Verano,la_blanquina,1.4284806525765048,0.8422824316661545,76.60781886828696,129.19949430488737,0.7976190476190477,0.08874515463472303,0.1322707642975557
LSTM_LOCAL,7-Day Rollout,Otoño,Zona Central,Verano,la_blanquina,1.4284806525765048,0.8422824316661545,76.60781886828696,129.19949430488737,0.7976190476190477,0.08874515463472303,0.1322707642975557
LSTM_LOCAL,7-Day Rollout,Primavera,Zona Central,Verano,la_blanquina,2.8302799106385286,1.3367293365665232,179.35614605345782,211.28072482270196,0.35714285714285715,0.06740331972406628,1.2541270793398283
LSTM_LOCAL,7-Day Rollout,Verano,Zona Central,Verano,la_blanquina,2.1145911376598656,1.6372456653487115,115.94319326714786,74.38275672201297,0.39880952380952384,0.39865026330309256,0.29520086003910945
LSTM_LOCAL,Day 1,Raw,Zona Central,Verano,la_frontera,0.6033871412140088,0.37803236683491076,85.53588381418479,69.59169177418549,0.9583333333333334,0.04071015328651508,0.06364081042956975
LSTM_LOCAL,Day 1,Invierno,Zona Central,Verano,la_frontera,1.3458251058872104,0.6436732330184896,55.231515376672,126.26432718954015,0.8333333333333334,0.052889055120855726,0.34537104255044443
LSTM_LOCAL,Day 1,Otoño,Zona Central,Verano,la_frontera,2.13684614471184,1.320926478326631,138.61034651860192,143.3489795977506,0.5833333333333334,0.07375426780781709,0.828812120872317
LSTM_LOCAL,Day 1,Primavera,Zona Central,Verano,la_frontera,1.720649324407356,1.0235626137313136,173.84562029971093,167.98455146727466,0.375,0.05121456304410005,0.970208303215412
LSTM_LOCAL,Day 1,Verano,Zona Central,Verano,la_frontera,0.7460250769453632,0.4655387641998659,101.0826016702406,86.43614294735922,0.9583333333333334,0.04147378182280794,0.04693067062869687
LSTM_LOCAL,7-Day Rollout,Raw,Zona Central,Verano,la_frontera,1.1833599435639184,0.678244841561354,119.70283541420379,111.70735682485011,0.7738095238095238,0.05223894402357259,0.12425498923759172
LSTM_LOCAL,7-Day Rollout,Invierno,Zona Central,Verano,la_frontera,0.8333500294411047,0.40465137915291616,75.01920243489485,204.3548049950052,0.8571428571428571,0.024343613456042454,0.10681424868628749
LSTM_LOCAL,7-Day Rollout,Otoño,Zona Central,Verano,la_frontera,2.084711611405596,1.301601779298965,169.56523718219597,145.14865669793832,0.27976190476190477,0.07259824558930719,0.8751589170638215
LSTM_LOCAL,7-Day Rollout,Primavera,Zona Central,Verano,la_frontera,1.5536423396798202,0.7343715643331408,191.72374845027147,211.48264366238897,0.13690476190476192,0.03684063017548505,0.6961952492228195
LSTM_LOCAL,7-Day Rollout,Verano,Zona Central,Verano,la_frontera,1.1444434845492042,0.6563520878208559,118.78376725490047,107.99806493263632,0.8035714285714286,0.05198375394170661,0.07481540440121058
LSTM_LOCAL,Day 1,Raw,Zona Central,Verano,la_manga_i,0.49411964028714556,0.2806910664561049,109.25010242585678,75.64826420490017,0.9166666666666666,0.025729804153767574,0.04872923265259795
LSTM_LOCAL,Day 1,Invierno,Zona Central,Verano,la_manga_i,0.6891602955135677,0.386552501731785,99.82839317177871,129.31880150048966,0.75,0.025474121472507254,0.0894567805104695
LSTM_LOCAL,Day 1,Otoño,Zona Central,Verano,la_manga_i,1.0512630754323264,0.6355543427731997,129.64342270465593,157.7157208954489,0.5,0.03300986958347494,0.5201496842685932
LSTM_LOCAL,Day 1,Primavera,Zona Central,Verano,la_manga_i,0.9266596514273586,0.5466940094027564,116.64605291540981,169.50034418645345,0.4166666666666667,0.0273350735920251,0.5193366421122411
LSTM_LOCAL,Day 1,Verano,Zona Central,Verano,la_manga_i,0.4941554175771734,0.28038302866722614,110.39022382511163,75.77715591860972,1.0,0.02528926986487932,0.04938151334038901
LSTM_LOCAL,7-Day Rollout,Raw,Zona Central,Verano,la_manga_i,0.5770355895579975,0.35637876374605115,117.76028195698065,88.03549557294009,0.5952380952380952,0.04333361742666114,0.07112033320859289
LSTM_LOCAL,7-Day Rollout,Invierno,Zona Central,Verano,la_manga_i,0.4220754552453443,0.20543920541679958,118.7148708378032,190.78212516227035,0.6071428571428571,0.019525212289397048,0.053362470781172275
LSTM_LOCAL,7-Day Rollout,Otoño,Zona Central,Verano,la_manga_i,0.9783471057800075,0.6040291894408126,171.996631327521,154.64704478165137,0.08928571428571429,0.038738212851759664,0.48842712393901216
LSTM_LOCAL,7-Day Rollout,Primavera,Zona Central,Verano,la_manga_i,0.7790250830015764,0.37256850263206126,187.5158604147551,209.09468837501234,0.05952380952380952,0.01863403419242231,0.3539097198428762
LSTM_LOCAL,7-Day Rollout,Verano,Zona Central,Verano,la_manga_i,0.5768782285216629,0.3614130738940212,118.18235229215534,88.02076431675913,0.5595238095238095,0.046959818286061404,0.0714234282080543
LSTM_LOCAL,Day 1,Raw,Zona Central,Verano,los_libertadores,3.11097910006774,2.0285295993089676,96.4684655077373,128.7059666718567,0.4166666666666667,0.12085605588120718,0.7056533538270742
LSTM_LOCAL,Day 1,Invierno,Zona Central,Verano,los_libertadores,0.18709724120301213,0.0985807500158747,66.66666666666666,0.0,1.0,0.0,0.02011753713401657
LSTM_LOCAL,Day 1,Operational,Zona Central,Verano,los_libertadores,2.170481266093533,1.3227278211464484,87.00084021656616,86.05370346029295,0.7916666666666666,0.11856012012188634,0.12472857707180092
LSTM_LOCAL,Day 1,Otoño,Zona Central,Verano,los_libertadores,3.4223013683566306,2.112301179052641,151.19219344412141,153.40481433343774,0.375,0.1114540009914587,1.6771089312892098
LSTM_LOCAL,Day 1,Primavera,Zona Central,Verano,los_libertadores,2.892936544830494,1.6208723803671699,89.63546885203782,164.65068816365746,0.5416666666666666,0.08785072741253923,1.1602129853718604
LSTM_LOCAL,Day 1,Verano,Zona Central,Verano,los_libertadores,2.170481266093533,1.3227278211464484,87.00084021656616,86.05370346029295,0.7916666666666666,0.11856012012188634,0.12472857707180092
LSTM_LOCAL,7-Day Rollout,Raw,Zona Central,Verano,los_libertadores,3.55213685917786,2.290306286232191,107.33059848574375,144.1649504630326,0.5416666666666666,0.1231969645801222,1.2255996549779193
LSTM_LOCAL,7-Day Rollout,Invierno,Zona Central,Verano,los_libertadores,1.1100275617317616,0.33061628457172026,68.51109836313728,373.14218893437186,0.8928571428571429,0.014874055985223815,0.25159235018126236
LSTM_LOCAL,7-Day Rollout,Operational,Zona Central,Verano,los_libertadores,3.008821027954109,1.8960362216457725,125.37185386164312,120.16252141417536,0.35119047619047616,0.12413975105820489,0.5900622147623272
LSTM_LOCAL,7-Day Rollout,Otoño,Zona Central,Verano,los_libertadores,3.373629425846049,2.0834495156610457,188.2938812259459,159.5126639248158,0.05357142857142857,0.10788757249322749,1.910489250782886
LSTM_LOCAL,7-Day Rollout,Primavera,Zona Central,Verano,los_libertadores,2.8488576294205536,1.5137085038181664,91.3156168122744,178.3071754896871,0.5535714285714286,0.07988623064654304,1.205285507204061
LSTM_LOCAL,7-Day Rollout,Verano,Zona Central,Verano,los_libertadores,3.008821027954109,1.8960362216457725,125.37185386164312,120.16252141417536,0.35119047619047616,0.12413975105820489,0.5900622147623272
LSTM_LOCAL,Day 1,Raw,Zona Central,Verano,los_patos,0.0,0.0,0.0,0.0,1.0,0.0,0.0018291887982438025
LSTM_LOCAL,Day 1,Invierno,Zona Central,Verano,los_patos,0.7026459579534151,0.36623592721298337,77.29437424520957,175.61571910393778,0.625,0.020005212561227382,0.22025261402595786
LSTM_LOCAL,Day 1,Operational,Zona Central,Verano,los_patos,0.9763922628812169,0.633403928950429,79.85893243624537,72.66655034714142,0.8333333333333334,0.06520247060495118,0.1267328741339346
LSTM_LOCAL,Day 1,Otoño,Zona Central,Verano,los_patos,1.271464783088997,0.8298682926494317,112.84434835641903,118.6775511426887,0.5833333333333334,0.053344289707213964,0.1998844203936945
LSTM_LOCAL,Day 1,Primavera,Zona Central,Verano,los_patos,0.9068832515322053,0.5239404347559381,108.237963825462,173.05093774421866,0.5,0.026202708054582524,0.4974470115975398
LSTM_LOCAL,Day 1,Verano,Zona Central,Verano,los_patos,0.9763922628812169,0.633403928950429,79.85893243624537,72.66655034714142,0.8333333333333334,0.06520247060495118,0.1267328741339346
LSTM_LOCAL,7-Day Rollout,Raw,Zona Central,Verano,los_patos,0.0,0.0,0.0,0.0,1.0,0.0,0.002353813404763408
LSTM_LOCAL,7-Day Rollout,Invierno,Zona Central,Verano,los_patos,0.3115292478200137,0.10250078730348919,53.71141323053303,290.0050683767545,0.75,0.005371100056349644,0.07322135920559439
LSTM_LOCAL,7-Day Rollout,Operational,Zona Central,Verano,los_patos,1.6175198814496459,1.0696307048949945,132.44377536745796,129.65664451401454,0.5119047619047619,0.06173202495390018,0.8500936059828659
LSTM_LOCAL,7-Day Rollout,Otoño,Zona Central,Verano,los_patos,1.4359238050424443,0.9344056430340321,126.35138968795619,137.01516659880767,0.5059523809523809,0.0522703620646661,0.6145659981188493
LSTM_LOCAL,7-Day Rollout,Primavera,Zona Central,Verano,los_patos,0.9650572815140922,0.43693381719916013,92.8205515804096,220.86236212454858,0.5476190476190477,0.021847516761488217,0.409175316893377
LSTM_LOCAL,7-Day Rollout,Verano,Zona Central,Verano,los_patos,1.6175198814496459,1.0696307048949945,132.44377536745796,129.65664451401454,0.5119047619047619,0.06173202495390018,0.8500936059828659
LSTM_LOCAL,Day 1,Raw,Zona Central,Verano,peralillo,0.6675035811858089,0.4439396191649318,181.9384602686541,146.96086182680125,0.5416666666666666,0.022710249956634242,0.3349893895798061
LSTM_LOCAL,Day 1,Invierno,Zona Central,Verano,peralillo,0.7783325073508536,0.4770096407210076,174.71411270708987,155.72778257340025,1.0,0.024990162143482552,0.12479744465214643
LSTM_LOCAL,Day 1,Otoño,Zona Central,Verano,peralillo,1.589224141194663,1.0668445818591863,186.43451319289767,146.52742975506428,0.5416666666666666,0.054229578170149284,0.8049875959327132
LSTM_LOCAL,Day 1,Primavera,Zona Central,Verano,peralillo,1.0443948524154727,0.6094417975748408,199.54905474517517,171.3602436147738,0.5,0.030473662688158976,0.5785888028721385
LSTM_LOCAL,Day 1,Verano,Zona Central,Verano,peralillo,0.6675014857780794,0.44384258947286526,182.38275275050893,146.96604689530685,0.5416666666666666,0.02270937743374096,0.33497941840352236
LSTM_LOCAL,7-Day Rollout,Raw,Zona Central,Verano,peralillo,1.4861210770542768,0.9752220021306263,188.03437201929393,151.11751906342363,0.34523809523809523,0.05080981795195004,0.8228585301040852
LSTM_LOCAL,7-Day Rollout,Invierno,Zona Central,Verano,peralillo,0.405172384757316,0.19141879163098402,167.93698839605844,229.1423461332038,0.9404761904761905,0.008926165397455964,0.07792863186348657
LSTM_LOCAL,7-Day Rollout,Otoño,Zona Central,Verano,peralillo,1.4840907646433341,1.001462631032891,183.38340798909022,146.56509329961233,0.4226190476190476,0.05623657528194599,0.6782273418355976
LSTM_LOCAL,7-Day Rollout,Primavera,Zona Central,Verano,peralillo,1.004123177847345,0.46196488180563716,197.8986281821233,217.37383230125263,0.49404761904761907,0.02310575652627507,0.43848526906958085
LSTM_LOCAL,7-Day Rollout,Verano,Zona Central,Verano,peralillo,1.4868068692622955,0.9753344668874198,188.00336819405518,151.18572123457082,0.34523809523809523,0.0508612860676713,0.8268209071925842
LSTM_LOCAL,Day 1,Raw,Zona Central,Verano,pfv_marchigue_ii,2.4152342301811007,1.8054357481499512,117.32635382949283,64.93289804267874,1.0,0.1351649720221758,0.19129501531521495
LSTM_LOCAL,Day 1,Invierno,Zona Central,Verano,pfv_marchigue_ii,2.6300579310228676,1.5933744010981172,89.45293740808272,129.49008675345559,0.7083333333333334,0.10000352192049226,0.7032719256045917
LSTM_LOCAL,Day 1,Otoño,Zona Central,Verano,pfv_marchigue_ii,5.156149137334846,3.4704134117540284,184.66427677855927,141.3889257342149,0.4166666666666667,0.17955496710783336,2.803019299789836
LSTM_LOCAL,Day 1,Primavera,Zona Central,Verano,pfv_marchigue_ii,2.5190517258382816,1.5015326871847112,68.03735442456248,99.0266275757674,0.875,0.1258081189589575,0.2391961867998665
LSTM_LOCAL,Day 1,Verano,Zona Central,Verano,pfv_marchigue_ii,2.4152233359187854,1.806405780216058,117.3186952254363,64.93260515347762,1.0,0.13515859370430314,0.19161028303205985
LSTM_LOCAL,7-Day Rollout,Raw,Zona Central,Verano,pfv_marchigue_ii,2.586916538384787,1.9816268977969884,127.78318690454262,77.88720512373547,0.808,0.13499682249799372,0.31903076435253036
LSTM_LOCAL,7-Day Rollout,Invierno,Zona Central,Verano,pfv_marchigue_ii,1.6474550037223377,0.8372276392377292,99.60479451423274,183.59064560105293,0.7559523809523809,0.07545432502575707,0.28668351385221336
LSTM_LOCAL,7-Day Rollout,Otoño,Zona Central,Verano,pfv_marchigue_ii,4.740018553642487,3.1582936383125517,184.11044993069322,142.76010584695803,0.3392857142857143,0.1658335194940654,2.6600517153906584
LSTM_LOCAL,7-Day Rollout,Primavera,Zona Central,Verano,pfv_marchigue_ii,3.068651071221642,1.507213924640835,168.90145337204902,183.2424772258584,0.44047619047619047,0.09211159705792508,1.155118069002844
LSTM_LOCAL,7-Day Rollout,Verano,Zona Central,Verano,pfv_marchigue_ii,2.660363664078167,2.0457032512147295,123.59970032860579,75.61304094761545,0.7966101694915254,0.14281628396819837,0.3314872077831969
NHITS,Day 1,Raw,Zona Central,Verano,alto_solar,0.009021388964020435,0.005194534237186114,91.66666666666666,0.0,0.3333333333333333,0.013073743414133787,0.0003928321724136674
NHITS,Day 1,Invierno,Zona Central,Verano,alto_solar,1.0451707306795277,0.8875935818165696,162.27659001184597,151.2511880449971,0.0,0.4154233130951373,0.47600976710721926
NHITS,Day 1,Operational,Zona Central,Verano,alto_solar,1.1300066845935148,1.0281463730789255,141.46301087898453,125.71226627542774,0.041666666666666664,0.521930026638923,0.5047814367634903
NHITS,Day 1,Otoño,Zona Central,Verano,alto_solar,1.1549491783075478,0.9531375253476048,150.29826747085815,132.79775356014025,0.0,0.368561150264092,0.5840478693906335
NHITS,Day 1,Primavera,Zona Central,Verano,alto_solar,0.8803416161203317,0.7850251277668576,149.31119402365854,130.60602233119846,0.0,0.37140222813826157,0.4140421266624495
NHITS,Day 1,Verano,Zona Central,Verano,alto_solar,1.1300066845935148,1.0281463730789255,141.46301087898453,125.71226627542774,0.041666666666666664,0.521930026638923,0.5047814367634903
NHITS,7-Day Rollout,Raw,Zona Central,Verano,alto_solar,0.004838144103324271,0.0022233972537963253,94.04761904761905,0.0,0.34523809523809523,0.005054306732390181,0.00016596918196141615
NHITS,7-Day Rollout,Invierno,Zona Central,Verano,alto_solar,0.7078566823381025,0.5670875138431646,169.11064474878447,242.34926276426862,0.03571428571428571,0.36750087341912324,0.2071100675161125
NHITS,7-Day Rollout,Operational,Zona Central,Verano,alto_solar,1.0768819677762842,0.9581855156242715,142.54713806635345,135.50949351789535,0.005952380952380952,0.5083661458309506,0.45098246132159453
NHITS,7-Day Rollout,Otoño,Zona Central,Verano,alto_solar,1.1009649904726924,0.8823855135761689,150.51744213675042,138.7493123510118,0.0,0.33858688669847437,0.542037796378108
NHITS,7-Day Rollout,Primavera,Zona Central,Verano,alto_solar,0.8697320087430586,0.7223569783290302,162.7684706126237,188.04092065767867,0.0,0.4211216976967383,0.30526158006350235
NHITS,7-Day Rollout,Verano,Zona Central,Verano,alto_solar,1.0768819677762842,0.9581855156242715,142.54713806635345,135.50949351789535,0.005952380952380952,0.5083661458309506,0.45098246132159453
NHITS,Day 1,Raw,Zona Central,Verano,chancon,1.3131526005015899,0.8955433489779049,127.90747048090034,145.3846876234634,0.16666666666666666,0.04928376548935679,0.8516080193065135
NHITS,Day 1,Invierno,Zona Central,Verano,chancon,0.6967255401601312,0.6720235044291863,153.33928202051806,148.00424215772668,0.0,0.410255074854164,0.2692503629601561
NHITS,Day 1,Otoño,Zona Central,Verano,chancon,0.9111004454350802,0.8161049071592666,142.55884552271522,118.50375378947444,0.0,0.3478549620221505,0.4677095275801548
NHITS,Day 1,Primavera,Zona Central,Verano,chancon,0.610351792987095,0.4969262444258978,146.51950291284425,142.22503115377654,0.0,0.23125092077922696,0.26481630237540227
NHITS,Day 1,Verano,Zona Central,Verano,chancon,1.108966243056771,0.8703218738858899,148.40030083021958,122.78304080745302,0.0,0.20176700333443778,0.6690964853546272
NHITS,7-Day Rollout,Raw,Zona Central,Verano,chancon,1.3736295145463724,0.9162216986230869,144.50126952866182,149.60312093107282,0.19642857142857142,0.04778043128632513,0.8697382170771257
NHITS,7-Day Rollout,Invierno,Zona Central,Verano,chancon,0.5363308989530614,0.47714275374721093,166.90353679630522,295.1045898042812,0.041666666666666664,0.37320092368695335,0.11030969174526362
NHITS,7-Day Rollout,Otoño,Zona Central,Verano,chancon,0.9826772736095641,0.8476186284320171,147.76830685585682,122.50465243683652,0.0,0.31941679691150765,0.5268274151745128
NHITS,7-Day Rollout,Primavera,Zona Central,Verano,chancon,0.6992226785093844,0.51119350290156,167.96960011368435,203.2277234259946,0.0,0.26298132305691113,0.2513881787495241
NHITS,7-Day Rollout,Verano,Zona Central,Verano,chancon,1.1993964489894007,0.9007902881407756,156.59759866688356,130.62693334165968,0.0,0.1798974894627463,0.7215293573207289
NHITS,Day 1,Raw,Zona Central,Verano,chimbarongo,0.5160993025460738,0.2950393051529924,110.788255373118,171.55365598480023,0.16666666666666666,0.020697395177558062,0.2803397495144357
NHITS,Day 1,Invierno,Zona Central,Verano,chimbarongo,1.0461094877846142,0.9844979626189646,152.18925157938406,359.1544261495781,0.0,0.9094545114177889,0.07974582429851584
NHITS,Day 1,Otoño,Zona Central,Verano,chimbarongo,1.0311631369293628,1.0004910740535706,138.79274198988256,113.66415225976102,0.0,0.5091138906893321,0.48993736723205084
NHITS,Day 1,Primavera,Zona Central,Verano,chimbarongo,0.7696607263755658,0.7272924741963607,145.64098616345998,408.30013554725787,0.0,0.6984162190623143,0.036177353366514384
NHITS,Day 1,Verano,Zona Central,Verano,chimbarongo,0.5446808894037174,0.5084306850718955,135.2712184602142,181.8295492686389,0.0,0.4039161620739226,0.10703091971420993
NHITS,7-Day Rollout,Raw,Zona Central,Verano,chimbarongo,1.211239966677423,0.768372063846116,138.91120158436127,157.28980445642495,0.19047619047619047,0.04060083438230972,0.7292376411345468
NHITS,7-Day Rollout,Invierno,Zona Central,Verano,chimbarongo,1.0495919292254663,1.0095994887170014,173.88088472959225,1003.8896874306823,0.03571428571428571,0.9592457455655199,0.060504250243957405
NHITS,7-Day Rollout,Otoño,Zona Central,Verano,chimbarongo,0.9814883662727277,0.9432150714182702,141.06068423351087,116.01393473519208,0.0,0.47389841774294184,0.469948977567672
NHITS,7-Day Rollout,Primavera,Zona Central,Verano,chimbarongo,0.8681869117501805,0.8371767656632558,165.80904268676022,302.69380071660015,0.0,0.6899300765292724,0.1525605982055253
NHITS,7-Day Rollout,Verano,Zona Central,Verano,chimbarongo,0.9821515778845121,0.7949569771147557,140.29706031176522,127.6178817241902,0.0,0.2985475059884309,0.4968231934938384
NHITS,Day 1,Raw,Zona Central,Verano,don_eugenio,1.3228889076863333,0.849890462263526,123.9692905394907,154.28163648869946,0.16666666666666666,0.047476022557869625,0.8082490885404695
NHITS,Day 1,Invierno,Zona Central,Verano,don_eugenio,0.8144495063251934,0.7621913404097237,157.33485924564195,140.03263187136304,0.0,0.39977419322118896,0.3662342843951289
NHITS,Day 1,Otoño,Zona Central,Verano,don_eugenio,1.2387989005943416,1.0592045010028717,150.94125502685392,119.70731516315224,0.0,0.3455816313478863,0.7150827968910258
NHITS,Day 1,Primavera,Zona Central,Verano,don_eugenio,0.7552337758940728,0.5729580981036028,151.63256494592036,150.272263320278,0.0,0.2337323303023974,0.3381019378701846
NHITS,Day 1,Verano,Zona Central,Verano,don_eugenio,1.1368931947903427,0.8538105287589133,150.8021959750738,132.59195068751833,0.0,0.21068360529995211,0.6419427392305805
NHITS,7-Day Rollout,Raw,Zona Central,Verano,don_eugenio,1.4700747305139985,0.9789839249100707,143.85377729406673,149.868266163941,0.19642857142857142,0.05096300492464747,0.9293756290601837
NHITS,7-Day Rollout,Invierno,Zona Central,Verano,don_eugenio,0.5805127223634595,0.5067847630943799,169.26052287228518,262.8656481817512,0.041666666666666664,0.36661570689702894,0.1455783682675625
NHITS,7-Day Rollout,Otoño,Zona Central,Verano,don_eugenio,1.1377864620642162,0.9549990881935498,151.6377998802402,125.19085034746762,0.0,0.3209927551963595,0.6326809593706544
NHITS,7-Day Rollout,Primavera,Zona Central,Verano,don_eugenio,0.9588623801280279,0.6904545401413911,165.34411640832153,162.38628202347482,0.0,0.23839102539739193,0.4535015678648137
NHITS,7-Day Rollout,Verano,Zona Central,Verano,don_eugenio,1.2950109766357563,0.9609330033411119,157.3504481844387,132.02051426632997,0.0,0.17931694675761173,0.7820811461008351
NHITS,Day 1,Raw,Zona Central,Verano,el_pilpen,1.7388010759646015,1.1346219671813742,138.45189429541972,152.56576330940692,0.16666666666666666,0.06000297267883071,1.0767111936618978
NHITS,Day 1,Invierno,Zona Central,Verano,el_pilpen,0.8032431521193836,0.7490507412197379,154.75235062192792,136.9274680261231,0.0,0.39348815302849594,0.35941136528175166
NHITS,Day 1,Otoño,Zona Central,Verano,el_pilpen,1.1966932953953593,1.0308256728506724,149.6001289946488,119.01101050228309,0.0,0.34663866635698165,0.6836574312699667
NHITS,Day 1,Primavera,Zona Central,Verano,el_pilpen,0.8518834627173708,0.6580093061165826,153.55068764849403,139.23287396102018,0.0,0.22848704258352273,0.42917925705629983
NHITS,Day 1,Verano,Zona Central,Verano,el_pilpen,1.534668008049639,1.1346736419509398,156.83106369139523,134.64704101365794,0.0,0.22558071183860498,0.9063791390797026
NHITS,7-Day Rollout,Raw,Zona Central,Verano,el_pilpen,1.727883491443346,1.1759443955869824,148.7841821821586,146.73882888894013,0.20238095238095238,0.060567149811480626,1.116172576985663
NHITS,7-Day Rollout,Invierno,Zona Central,Verano,el_pilpen,0.576962828357176,0.4952314699586558,163.22097630356384,238.17691954389227,0.03571428571428571,0.3543565137075109,0.14813043241717336
NHITS,7-Day Rollout,Otoño,Zona Central,Verano,el_pilpen,1.1828659253509122,0.987160993764389,153.0151423220384,126.90662417813701,0.0,0.32861736979261225,0.6562624902742754
NHITS,7-Day Rollout,Primavera,Zona Central,Verano,el_pilpen,0.9666472202397038,0.6872700550613358,171.21623026864938,172.87075426144324,0.0,0.25266788867602374,0.43717565023948946
NHITS,7-Day Rollout,Verano,Zona Central,Verano,el_pilpen,1.544313815511674,1.1535982373808957,161.91621129937855,131.1483692388465,0.0,0.18839631434496895,0.9658337878217201
NHITS,Day 1,Raw,Zona Central,Verano,el_roble,3.1118773724598108,1.5879381634294987,97.64592190886349,194.35925242229513,0.20833333333333334,0.09735788467029731,1.5188147627438109
NHITS,Day 1,Invierno,Zona Central,Verano,el_roble,2.4286283648678095,2.2229712821232774,154.79623931923322,139.67009236992254,0.0,1.172778489324264,1.0636370312034462
NHITS,Day 1,Otoño,Zona Central,Verano,el_roble,3.439430595043023,2.973751763523372,150.60890699802945,120.69991014026166,0.0,1.0512368455725059,1.926645351450679
NHITS,Day 1,Primavera,Zona Central,Verano,el_roble,2.498604428784054,2.1425415001964816,146.18098346958718,145.56728054241904,0.0,1.1394435397310492,0.9972799202931735
NHITS,Day 1,Verano,Zona Central,Verano,el_roble,2.7416335715820215,2.0365414979557195,172.1360906885187,171.2348488100427,0.0,0.8105450194949905,1.2219920633360744
NHITS,7-Day Rollout,Raw,Zona Central,Verano,el_roble,4.304227543019955,2.7008761126666547,138.81715317295576,159.11427961243533,0.19642857142857142,0.1416859008715186,2.564782602480097
NHITS,7-Day Rollout,Invierno,Zona Central,Verano,el_roble,1.7666001267388018,1.5229351048769353,165.21175638089574,230.1955605444347,0.03571428571428571,1.0588512011696376,0.487445598274907
NHITS,7-Day Rollout,Otoño,Zona Central,Verano,el_roble,3.1601483318036934,2.694902426789413,155.63286524988027,130.01788001243878,0.0,1.0145291856222063,1.6765891912972037
NHITS,7-Day Rollout,Primavera,Zona Central,Verano,el_roble,2.7290301874265652,2.28960609356554,164.09446391099885,177.2514092870286,0.0,1.2567651644603757,1.0446154404211572
NHITS,7-Day Rollout,Verano,Zona Central,Verano,el_roble,3.8221656528283448,2.762679894462746,162.77741543074288,141.29366869700104,0.0,0.5871064401063493,2.1760754141982726
NHITS,Day 1,Raw,Zona Central,Verano,el_sauce,1.084768296582649,0.5503328600898385,93.53138654825877,195.98619616838192,0.25,0.03556133870345851,0.5252583214237044
NHITS,Day 1,Invierno,Zona Central,Verano,el_sauce,0.7947944618023757,0.7375749722123146,159.82990486423972,151.91003355024984,0.0,0.4133979177723328,0.331491876517733
NHITS,Day 1,Otoño,Zona Central,Verano,el_sauce,1.1370845174928108,0.9872261316765313,152.15269861239088,121.15411920979497,0.0,0.35152683328882023,0.6371493560879874
NHITS,Day 1,Primavera,Zona Central,Verano,el_sauce,0.7178880853666743,0.6321055022175036,143.74857219510122,154.77842226656324,0.0,0.3862190053790982,0.2441814130907006
NHITS,Day 1,Verano,Zona Central,Verano,el_sauce,0.9629965900093639,0.7026268489037951,175.07326145979266,173.9855775593994,0.0,0.27215079741242026,0.4293468858270595
NHITS,7-Day Rollout,Raw,Zona Central,Verano,el_sauce,1.364899145975536,0.8664492132984811,137.99833998094988,157.30607399832624,0.19642857142857142,0.04580217426678462,0.8226523943547883
NHITS,7-Day Rollout,Invierno,Zona Central,Verano,el_sauce,0.5702950608790496,0.49844542125155805,170.2615346520849,280.3389502912497,0.03571428571428571,0.3700288630481651,0.13529704784026522
NHITS,7-Day Rollout,Otoño,Zona Central,Verano,el_sauce,1.0866311140523917,0.919510567063006,155.919004465202,129.55509756951466,0.0,0.3334614392829816,0.5843716480165535
NHITS,7-Day Rollout,Primavera,Zona Central,Verano,el_sauce,0.8717082731461044,0.727891185238453,168.6372041137555,202.10697487380494,0.0,0.43509027300595854,0.2966167574906735
NHITS,7-Day Rollout,Verano,Zona Central,Verano,el_sauce,1.2052099813654107,0.8879583059786542,163.60552561495686,138.90116125314395,0.0,0.1933037820491466,0.6952470008484462
NHITS,Day 1,Raw,Zona Central,Verano,la_acacia,0.04184694318684194,0.02587257946530978,100.0,0.0,0.25,0.04178614094853402,0.0011823852236072232
NHITS,Day 1,Invierno,Zona Central,Verano,la_acacia,3.5947510774329885,3.4744334956771277,163.38524544542918,987.8132560838857,0.041666666666666664,3.316526302072191,0.17324622740728743
NHITS,Day 1,Operational,Zona Central,Verano,la_acacia,3.156414145459583,2.7710997331887484,145.26513681202243,113.14542968027385,0.0,0.9285567790580291,1.8375121735967692
NHITS,Day 1,Otoño,Zona Central,Verano,la_acacia,2.632776083719227,2.374811871772787,145.73458746513978,120.04575454330144,0.0,1.0061549228722773,1.3675485588076601
NHITS,Day 1,Primavera,Zona Central,Verano,la_acacia,0.8861091934555969,0.8108615293725355,139.8033786568182,309.6831013989025,0.0,0.780078766385001,0.04892381585947688
NHITS,Day 1,Verano,Zona Central,Verano,la_acacia,3.156414145459583,2.7710997331887484,145.26513681202243,113.14542968027385,0.0,0.9285567790580291,1.8375121735967692
NHITS,7-Day Rollout,Raw,Zona Central,Verano,la_acacia,0.01819740810336752,0.007793402184948458,96.42857142857143,0.0,0.3392857142857143,0.014997577249942837,0.000476104605539669
NHITS,7-Day Rollout,Invierno,Zona Central,Verano,la_acacia,3.3690081187987926,3.254198619287977,160.56272353785678,748.7898044281362,0.010638297872340425,3.1236375300071364,0.16323421726178292
NHITS,7-Day Rollout,Operational,Zona Central,Verano,la_acacia,3.027205615001974,2.5718580733422036,146.36757256622928,118.23783926135243,0.0,0.8485316862952978,1.7231934973560523
NHITS,7-Day Rollout,Otoño,Zona Central,Verano,la_acacia,2.4449018932250297,2.171156972108119,155.55198094392932,135.91321166762282,0.0,1.0004149436091514,1.1666625112735431
NHITS,7-Day Rollout,Primavera,Zona Central,Verano,la_acacia,1.7934735785167661,1.427701430567963,150.9813395080934,148.3246489644207,0.005952380952380952,0.6197753716260108,0.8092991585131347
NHITS,7-Day Rollout,Verano,Zona Central,Verano,la_acacia,3.027205615001974,2.5718580733422036,146.36757256622928,118.23783926135243,0.0,0.8485316862952978,1.7231934973560523
NHITS,Day 1,Raw,Zona Central,Verano,la_blanquina,0.05412227490815027,0.026246043329592794,90.47123534646234,626.9224846787291,0.3333333333333333,0.032890118455785954,0.009296326976618731
NHITS,Day 1,Invierno,Zona Central,Verano,la_blanquina,2.3146233317752967,2.1700192144683874,154.32981780072018,141.42667586603585,0.0,1.200522811821429,0.9827553905604872
NHITS,Day 1,Operational,Zona Central,Verano,la_blanquina,2.6157784967529354,2.3407333608483896,143.29788925582082,123.50843842746013,0.0,1.071050724905217,1.2686100064020138
NHITS,Day 1,Otoño,Zona Central,Verano,la_blanquina,2.6157784967529354,2.3407333608483896,143.29788925582082,123.50843842746013,0.0,1.071050724905217,1.2686100064020138
NHITS,Day 1,Primavera,Zona Central,Verano,la_blanquina,2.8117115658932894,2.490894449307234,150.2524369453185,129.41339921153053,0.0,1.115955121245012,1.3751637805279946
NHITS,Day 1,Verano,Zona Central,Verano,la_blanquina,4.531165623412325,3.570781846996397,161.03631644938227,123.40741757952446,0.0,0.6500952856227135,2.92465093062104
NHITS,7-Day Rollout,Raw,Zona Central,Verano,la_blanquina,2.358770076837134,1.1738366009535857,121.338521384893,201.29600891612083,0.25,0.06955069150346736,1.1100507009300817
NHITS,7-Day Rollout,Invierno,Zona Central,Verano,la_blanquina,1.71298310083778,1.5023866870478308,168.62027972269306,279.8574102328395,0.03571428571428571,1.1211972324955024,0.39834267891340763
NHITS,7-Day Rollout,Operational,Zona Central,Verano,la_blanquina,2.0679835582317407,1.8016754231035261,156.62014920004458,187.0395860612141,0.0,1.1758939522198835,0.6311018110302636
NHITS,7-Day Rollout,Otoño,Zona Central,Verano,la_blanquina,2.0679835582317407,1.8016754231035261,156.62014920004458,187.0395860612141,0.0,1.1758939522198835,0.6311018110302636
NHITS,7-Day Rollout,Primavera,Zona Central,Verano,la_blanquina,2.5605065824856115,2.185784210908293,165.7095093059825,191.14211446980514,0.0,1.3024494936400082,0.895315798805123
NHITS,7-Day Rollout,Verano,Zona Central,Verano,la_blanquina,3.938260501336076,2.8354100308247974,157.76557007917472,138.5320630365347,0.0,0.5720309883178698,2.2637407124574693
NHITS,Day 1,Raw,Zona Central,Verano,la_frontera,1.335358789207136,0.8545726673401077,122.81515497274751,154.01368527588866,0.16666666666666666,0.04995631391975622,0.8132050155396428
NHITS,Day 1,Invierno,Zona Central,Verano,la_frontera,1.8323813105041658,1.7776395244970142,147.91062021260277,171.91267447264156,0.0,1.2861994117891298,0.5017239668149461
NHITS,Day 1,Otoño,Zona Central,Verano,la_frontera,1.9123115218403997,1.5967473233661924,150.1135481576404,128.28621564881536,0.0,0.5855439305480103,1.0103848643348707
NHITS,Day 1,Primavera,Zona Central,Verano,la_frontera,1.4546417627760535,1.154209035999011,162.37663733356348,142.01461076309968,0.0,0.3976633510968182,0.75621061528059
NHITS,Day 1,Verano,Zona Central,Verano,la_frontera,1.0554544125396406,0.9851450229200255,132.87744162313666,122.28732156061129,0.0,0.5587775362568005,0.42785529682791495
NHITS,7-Day Rollout,Raw,Zona Central,Verano,la_frontera,1.72452872324922,1.0561621865533095,134.7720804935732,162.7928564681033,0.19047619047619047,0.056135135965641535,1.0028703278395525
NHITS,7-Day Rollout,Invierno,Zona Central,Verano,la_frontera,1.6912625740417442,1.6234292787084454,164.9346032933679,414.73285090713136,0.03571428571428571,1.4304321518152527,0.21030573835144895
NHITS,7-Day Rollout,Otoño,Zona Central,Verano,la_frontera,1.8964363544527802,1.5428310206913185,152.40811987238462,132.0399367739701,0.0,0.5363559108716887,1.003749309692839
NHITS,7-Day Rollout,Primavera,Zona Central,Verano,la_frontera,1.3900542538114626,0.962080601250044,166.00812522750178,189.21494408473725,0.0,0.41058339147711953,0.5567980832110868
NHITS,7-Day Rollout,Verano,Zona Central,Verano,la_frontera,1.398198258666868,1.148688724473937,141.09369599639783,131.9442229929627,0.0,0.4914749022655867,0.6565627872117272
NHITS,Day 1,Raw,Zona Central,Verano,la_manga_i,1.0215788633794032,0.6455651546420995,124.01334920963379,156.4007205181258,0.16666666666666666,0.036779801950615365,0.614118441939839
NHITS,Day 1,Invierno,Zona Central,Verano,la_manga_i,0.7969143877582751,0.7194419917553508,153.17680284362717,149.53852419283447,0.0,0.40349877079182384,0.32334920896634384
NHITS,Day 1,Otoño,Zona Central,Verano,la_manga_i,0.8704749074835564,0.7554615173624674,142.35511053890372,130.59297978168735,0.0,0.361682582491873,0.3934107409610685
NHITS,Day 1,Primavera,Zona Central,Verano,la_manga_i,0.7704515867129358,0.6107780763801808,154.66083867981558,140.9274796044996,0.0,0.23347615100016506,0.3771126730580969
NHITS,Day 1,Verano,Zona Central,Verano,la_manga_i,0.8064877273556071,0.7088340324844467,135.54474983753752,123.67231864401616,0.0,0.34228142972303127,0.36751191319369053
NHITS,7-Day Rollout,Raw,Zona Central,Verano,la_manga_i,1.0234953843909207,0.6535174026335883,145.8666573912537,156.14968125361224,0.19047619047619047,0.034632807779877,0.6201833261831683
NHITS,7-Day Rollout,Invierno,Zona Central,Verano,la_manga_i,0.5809569219736453,0.5005191855226431,167.09170645647205,262.59806113917807,0.03571428571428571,0.3663412929204382,0.14296643808457551
NHITS,7-Day Rollout,Otoño,Zona Central,Verano,la_manga_i,0.8283422528296918,0.7217640077693172,145.52090579207885,130.93582094849293,0.0,0.33068275640964984,0.3891055953604553
NHITS,7-Day Rollout,Primavera,Zona Central,Verano,la_manga_i,0.6898780273344053,0.5190544553351812,166.3117800957158,185.16712014773964,0.0,0.25208736260985404,0.2692163513755279
NHITS,7-Day Rollout,Verano,Zona Central,Verano,la_manga_i,0.8089545487243811,0.6975750424361954,139.1264486940132,123.43124450841552,0.0,0.29849513006016265,0.3991016734375678
NHITS,Day 1,Raw,Zona Central,Verano,los_libertadores,3.774311166613194,2.409060494042933,131.85157505130562,156.14902948359784,0.125,0.13440915999623637,2.278684833816563
NHITS,Day 1,Invierno,Zona Central,Verano,los_libertadores,1.6587978680307565,1.6581567227840424,200.0,0.0,0.0,1.587718960146109,0.08246673171718923
NHITS,Day 1,Operational,Zona Central,Verano,los_libertadores,3.1676287417756077,2.6429490049680076,147.2043845548845,125.58790010091356,0.0,0.9364216978351273,1.6950628578662872
NHITS,Day 1,Otoño,Zona Central,Verano,los_libertadores,2.8678361826664194,2.4194675715019307,146.9239328723381,128.55088719200484,0.0,0.9689100920843581,1.4494595347903667
NHITS,Day 1,Primavera,Zona Central,Verano,los_libertadores,2.720753483306061,1.9331704845341544,154.95100643717947,154.85093655113658,0.0,0.6456895616448795,1.2865679499770823
NHITS,Day 1,Verano,Zona Central,Verano,los_libertadores,3.1676287417756077,2.6429490049680076,147.2043845548845,125.58790010091356,0.0,0.9364216978351273,1.6950628578662872
NHITS,7-Day Rollout,Raw,Zona Central,Verano,los_libertadores,3.8466835938519677,2.460134403720509,138.66377624953788,156.11925208393603,0.19047619047619047,0.12875555526819274,2.3334027854827233
NHITS,7-Day Rollout,Invierno,Zona Central,Verano,los_libertadores,1.5417229452102854,1.3152054724940772,167.9410801907284,518.2590904397106,0.08333333333333333,1.1001755609426698,0.22915639053848802
NHITS,7-Day Rollout,Operational,Zona Central,Verano,los_libertadores,3.1918047143194066,2.603298109002589,149.30511606572557,127.47029443458186,0.0,0.850599636657474,1.7504951692663044
NHITS,7-Day Rollout,Otoño,Zona Central,Verano,los_libertadores,2.7830990973058123,2.3005834117482533,149.10080365247995,131.5910833528101,0.0,0.8848587553972339,1.4117851335836684
NHITS,7-Day Rollout,Primavera,Zona Central,Verano,los_libertadores,2.623477515357773,1.7843111722020697,153.90596308472644,164.2008575273354,0.0,0.6055074513244743,1.1771551941146727
NHITS,7-Day Rollout,Verano,Zona Central,Verano,los_libertadores,3.1918047143194066,2.603298109002589,149.30511606572557,127.47029443458186,0.0,0.850599636657474,1.7504951692663044
NHITS,Day 1,Raw,Zona Central,Verano,los_patos,0.011409225209118327,0.006516695022583008,100.0,0.0,0.2916666666666667,0.01382193947210908,0.00038155543928345076
NHITS,Day 1,Invierno,Zona Central,Verano,los_patos,0.843300591118756,0.8083870642197629,152.58692415051104,210.77021514712087,0.041666666666666664,0.6376263696622725,0.17490836621727798
NHITS,Day 1,Operational,Zona Central,Verano,los_patos,1.5835550797839888,1.3345029310633738,155.9595207803212,117.85374516696041,0.0,0.34571027193839354,0.9919651206893225
NHITS,Day 1,Otoño,Zona Central,Verano,los_patos,1.3026485185629793,1.1106201144284569,152.8965770053595,121.58821717981053,0.0,0.35707268298817024,0.7530175678790935
NHITS,Day 1,Primavera,Zona Central,Verano,los_patos,0.7562571457006828,0.6792859132401645,145.97363831899247,144.3085513136989,0.0,0.38843390437929576,0.2947809034104769
NHITS,Day 1,Verano,Zona Central,Verano,los_patos,1.5835550797839888,1.3345029310633738,155.9595207803212,117.85374516696041,0.0,0.34571027193839354,0.9919651206893225
NHITS,7-Day Rollout,Raw,Zona Central,Verano,los_patos,0.0053161006796159545,0.0023886361327424225,100.0,0.0,0.34523809523809523,0.005077952916828855,0.00015665453153078935
NHITS,7-Day Rollout,Invierno,Zona Central,Verano,los_patos,0.7774692712509785,0.7474261868219834,170.68869575429352,723.7523627323462,0.041666666666666664,0.6932693839523251,0.05980085163779832
NHITS,7-Day Rollout,Operational,Zona Central,Verano,los_patos,1.5146909150350707,1.2464515622483479,157.4867268789013,121.41411290926582,0.0,0.3136103479114051,0.9339429392113484
NHITS,7-Day Rollout,Otoño,Zona Central,Verano,los_patos,1.3053940218875377,1.0860633163332143,155.11204956334876,124.56007676585716,0.0,0.32611568528756746,0.7582290961261693
NHITS,7-Day Rollout,Primavera,Zona Central,Verano,los_patos,0.8818920252268609,0.7376922355466117,166.87808662585527,201.82921735466155,0.0,0.44113001191020934,0.30108430951806137
NHITS,7-Day Rollout,Verano,Zona Central,Verano,los_patos,1.5146909150350707,1.2464515622483479,157.4867268789013,121.41411290926582,0.0,0.3136103479114051,0.9339429392113484
NHITS,Day 1,Raw,Zona Central,Verano,peralillo,0.678744673115449,0.4466255427387675,131.00650449691645,149.43575575159406,0.16666666666666666,0.026778046379674455,0.42511102197424666
NHITS,Day 1,Invierno,Zona Central,Verano,peralillo,0.8414752484150413,0.8067045854653164,147.6158455851186,168.36130225639587,0.0,0.5882094164459887,0.22409108515642706
NHITS,Day 1,Otoño,Zona Central,Verano,peralillo,1.2550455581661606,1.1652278469409794,143.8885853021752,115.71596170528593,0.0,0.5057024481977956,0.6581132002989761
NHITS,Day 1,Primavera,Zona Central,Verano,peralillo,0.8859500431861209,0.6840208888287739,159.0216358134894,145.36323582960227,0.0,0.24103162038809314,0.4428009087604055
NHITS,Day 1,Verano,Zona Central,Verano,peralillo,0.5313574696772716,0.471013661208076,136.26891379113798,116.99076102539814,0.0,0.20166481776357348,0.2691976319865546
NHITS,7-Day Rollout,Raw,Zona Central,Verano,peralillo,1.5077918009090339,0.9814611964616463,144.55719862926892,153.32112553654537,0.19642857142857142,0.05098762819949498,0.9317732547790702
NHITS,7-Day Rollout,Invierno,Zona Central,Verano,peralillo,0.7582806932335489,0.7209609538471194,162.27044046377935,428.840226066049,0.03571428571428571,0.6466934165895556,0.08121336070986623
NHITS,7-Day Rollout,Otoño,Zona Central,Verano,peralillo,1.2015447305088132,1.0910560301493941,144.29660265964043,118.66155340775555,0.0,0.46732869769939933,0.6242790572564229
NHITS,7-Day Rollout,Primavera,Zona Central,Verano,peralillo,0.9050910762975337,0.6184097416778074,170.22567342429886,195.9352399953971,0.0,0.2612851964030206,0.3601890681315445
NHITS,7-Day Rollout,Verano,Zona Central,Verano,peralillo,1.341187782412654,0.9669248608662118,155.99732511244022,136.37846743044625,0.0,0.18173059790793347,0.7861289423298934
NHITS,Day 1,Raw,Zona Central,Verano,pfv_marchigue_ii,5.417080311644622,3.708466164767742,130.25078706150202,145.63669194877536,0.16666666666666666,0.19419629902889332,3.516311534369985
NHITS,Day 1,Invierno,Zona Central,Verano,pfv_marchigue_ii,2.784513768353074,2.5020014022787413,157.432110132811,137.09467201355577,0.0,1.184948060537378,1.3302331508447727
NHITS,Day 1,Otoño,Zona Central,Verano,pfv_marchigue_ii,4.422538697770868,3.6797777627944015,154.55468768216755,121.27228651478184,0.0,1.049686573126625,2.634235652362501
NHITS,Day 1,Primavera,Zona Central,Verano,pfv_marchigue_ii,3.586117472284152,2.715405288618058,166.16433481746273,140.97412757678057,0.0,0.7364835956366732,1.9774875910719854
NHITS,Day 1,Verano,Zona Central,Verano,pfv_marchigue_ii,4.7530076740619664,3.6668301224708557,162.11311656789292,127.78328446959517,0.0,0.6748901744683584,2.991515882934133
NHITS,7-Day Rollout,Raw,Zona Central,Verano,pfv_marchigue_ii,5.049309835359227,3.316750673344359,134.42287735281488,152.0252489960392,0.208,0.17202559455838057,3.14641525772959
NHITS,7-Day Rollout,Invierno,Zona Central,Verano,pfv_marchigue_ii,2.0209462895436716,1.6526832555952882,161.84214762523882,225.21212001788186,0.041666666666666664,1.068655982705587,0.6069492594483086
NHITS,7-Day Rollout,Otoño,Zona Central,Verano,pfv_marchigue_ii,4.168424287592579,3.403349856868902,155.93563780372827,125.54480236252492,0.0,0.9723203750566641,2.4296921901926303
NHITS,7-Day Rollout,Primavera,Zona Central,Verano,pfv_marchigue_ii,3.035059349160164,2.072632917802516,169.7571388587323,181.2365696717039,0.0,0.7674414681533315,1.3137439156450463
NHITS,7-Day Rollout,Verano,Zona Central,Verano,pfv_marchigue_ii,4.606152042601301,3.476962392344692,162.75967942427457,130.9163734683761,0.0,0.6144780017790716,2.861412062469901
NHITS_LOCAL,Day 1,Raw,Zona Central,Verano,alto_solar,0.04810498632884677,0.027868801436852664,100.0,0.0,0.4166666666666667,0.04982266019602927,0.0018208560805457348
NHITS_LOCAL,Day 1,Invierno,Zona Central,Verano,alto_solar,1.2397137210235467,0.7039360234921332,188.60246791361007,179.404347669194,0.125,0.053974707616240875,0.6466411381576714
NHITS_LOCAL,Day 1,Operational,Zona Central,Verano,alto_solar,1.2710137689799097,0.9194398540712427,163.62351777966208,141.3991824510437,0.0,0.19508413623116208,0.7289381420535695
NHITS_LOCAL,Day 1,Otoño,Zona Central,Verano,alto_solar,1.4128924163655099,0.8721580723164758,194.5189644798234,162.45644608401543,0.0,0.05256924565910595,0.8230206022722996
NHITS_LOCAL,Day 1,Primavera,Zona Central,Verano,alto_solar,1.0972938764145495,0.677096896207028,187.60974875740803,162.79269990491608,0.041666666666666664,0.04072507816472353,0.6379188491409877
NHITS_LOCAL,Day 1,Verano,Zona Central,Verano,alto_solar,1.2710137689799097,0.9194398540712427,163.62351777966208,141.3991824510437,0.0,0.19508413623116208,0.7289381420535695
NHITS_LOCAL,7-Day Rollout,Raw,Zona Central,Verano,alto_solar,0.018188302165261332,0.004216754640619261,88.09523809523809,0.0,0.40476190476190477,0.007690963338756516,0.0002800391676243767
NHITS_LOCAL,7-Day Rollout,Invierno,Zona Central,Verano,alto_solar,0.7336349754728936,0.3005915100019636,153.7703020085527,251.17499047500013,0.25,0.0277473170455778,0.27422935638727874
NHITS_LOCAL,7-Day Rollout,Operational,Zona Central,Verano,alto_solar,1.2046243769145002,0.8166130333612229,162.59976103786212,151.58396563373967,0.0,0.16532995755260343,0.6515052894503155
NHITS_LOCAL,7-Day Rollout,Otoño,Zona Central,Verano,alto_solar,1.328273723189685,0.795161080160012,195.79472729143959,167.3959365659395,0.07738095238095238,0.044308816135370375,0.751687142760784
NHITS_LOCAL,7-Day Rollout,Primavera,Zona Central,Verano,alto_solar,0.9691505241062109,0.46489318361844717,179.37333991130276,209.53575926471638,0.08928571428571429,0.02739620719866729,0.43873508771504843
NHITS_LOCAL,7-Day Rollout,Verano,Zona Central,Verano,alto_solar,1.2046243769145002,0.8166130333612229,162.59976103786212,151.58396563373967,0.0,0.16532995755260343,0.6515052894503155
NHITS_LOCAL,Day 1,Raw,Zona Central,Verano,chancon,1.3004765737882125,0.8855813055633917,122.73076659604338,143.9812710035465,0.20833333333333334,0.05623714537371901,0.8414540257458913
NHITS_LOCAL,Day 1,Invierno,Zona Central,Verano,chancon,0.8175655095693535,0.47771180075748515,190.62883802553594,173.674074916641,0.125,0.03499878671233698,0.44254622482500655
NHITS_LOCAL,Day 1,Otoño,Zona Central,Verano,chancon,1.170208438500905,0.7714569681702415,197.99451205083926,152.20505419932616,0.0,0.04841901170220808,0.7261490394373444
NHITS_LOCAL,Day 1,Primavera,Zona Central,Verano,chancon,0.7368019252345206,0.44101231746996444,169.8957092439301,171.6906183854823,0.08333333333333333,0.04846675404817991,0.3933598193504924
NHITS_LOCAL,Day 1,Verano,Zona Central,Verano,chancon,1.3192591777805944,0.9106684584791461,176.93051262732862,146.06635186166736,0.041666666666666664,0.06782597842005393,0.8419228123656163
NHITS_LOCAL,7-Day Rollout,Raw,Zona Central,Verano,chancon,1.3696701010575085,0.9133737168840959,143.99137451808156,149.1718979493897,0.17857142857142858,0.05036743842687255,0.8649572132184924
NHITS_LOCAL,7-Day Rollout,Invierno,Zona Central,Verano,chancon,0.46407044321546603,0.1863758367523934,150.80505926259832,255.34482173732934,0.26785714285714285,0.01635186056925076,0.17095436778505743
NHITS_LOCAL,7-Day Rollout,Otoño,Zona Central,Verano,chancon,1.2339805641673514,0.8037632594365667,193.54605147761805,153.83317004153574,0.06547619047619048,0.045060602603263895,0.7600950520426641
NHITS_LOCAL,7-Day Rollout,Primavera,Zona Central,Verano,chancon,0.7733512866613126,0.34730336198082934,171.73011541390179,224.77306046736433,0.1488095238095238,0.023058150024718047,0.3246592036233952
NHITS_LOCAL,7-Day Rollout,Verano,Zona Central,Verano,chancon,1.3741414666915694,0.9205517146141834,190.4796755915177,149.65851026387054,0.047619047619047616,0.05269246216478115,0.8677810328320318
NHITS_LOCAL,Day 1,Raw,Zona Central,Verano,chimbarongo,0.5110277698787133,0.293438993083934,110.31643117680352,169.86785643762033,0.16666666666666666,0.02526542213745415,0.2762081839920332
NHITS_LOCAL,Day 1,Invierno,Zona Central,Verano,chimbarongo,0.5314729298336005,0.33845393493781256,168.6738649801806,182.46737780063293,0.0,0.10280659071613628,0.23909478599392364
NHITS_LOCAL,Day 1,Otoño,Zona Central,Verano,chimbarongo,1.1736651867758712,0.9098073381464928,162.56640723210168,129.37202050194313,0.0,0.19408765908253067,0.718752699783848
NHITS_LOCAL,Day 1,Primavera,Zona Central,Verano,chimbarongo,0.30316395386950745,0.21435085648367172,185.78781492039923,160.82655541080783,0.041666666666666664,0.046434790116925716,0.16124173362972558
NHITS_LOCAL,Day 1,Verano,Zona Central,Verano,chimbarongo,0.5015114121876426,0.3189287497662008,163.21198039624133,167.41838350705916,0.041666666666666664,0.06895432323993494,0.25023735714300227
NHITS_LOCAL,7-Day Rollout,Raw,Zona Central,Verano,chimbarongo,1.2100099889699283,0.7681072149894351,152.1044696945214,157.13008139706432,0.19642857142857142,0.042025779926539795,0.7278882424888079
NHITS_LOCAL,7-Day Rollout,Invierno,Zona Central,Verano,chimbarongo,0.3091291832995619,0.16017444046008764,170.01029601880003,295.66881238054566,0.03571428571428571,0.07905613254768988,0.0849300935498875
NHITS_LOCAL,7-Day Rollout,Otoño,Zona Central,Verano,chimbarongo,1.1435137053771722,0.8604025015602074,167.74616884472414,135.16566160455284,0.0,0.16645299120932228,0.6915908237284755
NHITS_LOCAL,7-Day Rollout,Primavera,Zona Central,Verano,chimbarongo,0.6909799069339737,0.2928816194473048,171.17424971563258,240.91048991629037,0.10714285714285714,0.02290377082475073,0.2696435443207513
NHITS_LOCAL,7-Day Rollout,Verano,Zona Central,Verano,chimbarongo,1.206838328574199,0.7740238394486542,182.77275990806606,156.81301597859013,0.023809523809523808,0.05286096643291914,0.7211009844558334
NHITS_LOCAL,Day 1,Raw,Zona Central,Verano,don_eugenio,1.318789578867247,0.8482518849438444,122.62772398571762,153.803553140174,0.20833333333333334,0.053348486986215,0.8013176501503039
NHITS_LOCAL,Day 1,Invierno,Zona Central,Verano,don_eugenio,0.9901107484440561,0.5903738670313032,190.40106393164262,170.23500274968174,0.125,0.04304881517382455,0.54565987812263
NHITS_LOCAL,Day 1,Otoño,Zona Central,Verano,don_eugenio,1.5436358785333741,1.0369887276125762,192.8618170355455,149.16424814398005,0.0,0.06332712545699906,0.9775696368024606
NHITS_LOCAL,Day 1,Primavera,Zona Central,Verano,don_eugenio,0.8886624320602103,0.5175705229242643,170.3147940255617,176.8211635335027,0.08333333333333333,0.058432538283523176,0.4591279592025481
NHITS_LOCAL,Day 1,Verano,Zona Central,Verano,don_eugenio,1.3305626509296582,0.86472969641909,172.9892841593423,155.1789545466083,0.041666666666666664,0.06104036452403914,0.8010812033200635
NHITS_LOCAL,7-Day Rollout,Raw,Zona Central,Verano,don_eugenio,1.4676022357154603,0.9780139971406586,149.12462688111893,149.61620516264298,0.17857142857142858,0.05331827170873519,0.9259483455112625
NHITS_LOCAL,7-Day Rollout,Invierno,Zona Central,Verano,don_eugenio,0.5601733847133853,0.22774464257714672,145.8967807607443,253.65566368183048,0.2976190476190476,0.021616297629694123,0.2072740292809515
NHITS_LOCAL,7-Day Rollout,Otoño,Zona Central,Verano,don_eugenio,1.4015689390853443,0.9108350712102125,196.2968106390078,154.21488403576137,0.06547619047619048,0.051663043831134334,0.86094699895388
NHITS_LOCAL,7-Day Rollout,Primavera,Zona Central,Verano,don_eugenio,1.0915960269255147,0.5940879944816212,176.20102603353652,184.86513180375619,0.08333333333333333,0.036477070502873445,0.5578495706272449
NHITS_LOCAL,7-Day Rollout,Verano,Zona Central,Verano,don_eugenio,1.4704322745261702,0.9837281819720112,190.1311059686328,149.90392249884061,0.08928571428571429,0.05555256460965992,0.9273658030976564
NHITS_LOCAL,Day 1,Raw,Zona Central,Verano,el_pilpen,1.7282483509481255,1.1272835109927353,124.80992709376918,151.63984684352263,0.25,0.06488050892600465,1.0650049613202706
NHITS_LOCAL,Day 1,Invierno,Zona Central,Verano,el_pilpen,0.9833447914078307,0.598666694558536,190.74150578501585,167.62908233811905,0.125,0.04734078824306683,0.5489727013846277
NHITS_LOCAL,Day 1,Otoño,Zona Central,Verano,el_pilpen,1.4977154881133485,1.008890104543146,182.34293841752535,148.94763292410852,0.0,0.0654259166425618,0.9476318000595105
NHITS_LOCAL,Day 1,Primavera,Zona Central,Verano,el_pilpen,1.0154273042458626,0.6153687016594631,190.64939628298524,165.96267923509225,0.041666666666666664,0.03643937075654928,0.5792269389576176
NHITS_LOCAL,Day 1,Verano,Zona Central,Verano,el_pilpen,1.7432535210306952,1.149274172305013,184.70896676075714,152.9476910395277,0.041666666666666664,0.08249762448370651,1.0651211309845772
NHITS_LOCAL,7-Day Rollout,Raw,Zona Central,Verano,el_pilpen,1.7245700057361106,1.174317237829419,150.48173668008778,146.45743433043674,0.19642857142857142,0.06268137681309963,1.1121451479716358
NHITS_LOCAL,7-Day Rollout,Invierno,Zona Central,Verano,el_pilpen,0.5755063860834246,0.24958667835437068,156.43924312241225,237.5756833511841,0.23809523809523808,0.02329183391638946,0.2274430107544092
NHITS_LOCAL,7-Day Rollout,Otoño,Zona Central,Verano,el_pilpen,1.446836053808977,0.9342865652854796,193.7218825049226,155.22729617360778,0.05357142857142857,0.05376720680442738,0.8825667553423044
NHITS_LOCAL,7-Day Rollout,Primavera,Zona Central,Verano,el_pilpen,1.0890780636919857,0.5620542187617026,178.6972621765055,194.7657246387566,0.08333333333333333,0.03225606963058973,0.530451571817091
NHITS_LOCAL,7-Day Rollout,Verano,Zona Central,Verano,el_pilpen,1.7283350260760426,1.1807968556977815,189.26292945289245,146.7760748440567,0.05952380952380952,0.06679977646340926,1.1134012005500036
NHITS_LOCAL,Day 1,Raw,Zona Central,Verano,el_roble,3.1001980569677188,1.5798716607193153,84.04126073753896,193.629794684681,0.3333333333333333,0.11998294685035944,1.5171201338991522
NHITS_LOCAL,Day 1,Invierno,Zona Central,Verano,el_roble,2.9570990185775843,1.764767637476325,191.0333428530116,170.0623689677688,0.125,0.13139886144393434,1.6345905906287952
NHITS_LOCAL,Day 1,Otoño,Zona Central,Verano,el_roble,4.312105446672417,2.8584963750896955,198.36910751201884,151.32468167225315,0.041666666666666664,0.1754757583802833,2.6931555388124857
NHITS_LOCAL,Day 1,Primavera,Zona Central,Verano,el_roble,3.0028611545068404,1.7713322521109756,179.98742452996748,174.9449921213632,0.041666666666666664,0.1812288693812055,1.5828382446081377
NHITS_LOCAL,Day 1,Verano,Zona Central,Verano,el_roble,3.121816767337037,1.6268769539892673,142.6012422913897,194.98003953137732,0.2916666666666667,0.14106898127744594,1.4783237962052225
NHITS_LOCAL,7-Day Rollout,Raw,Zona Central,Verano,el_roble,4.297651371961141,2.698923875924222,140.03117630318349,158.8711784496429,0.21428571428571427,0.1503033052403009,2.558576480144239
NHITS_LOCAL,7-Day Rollout,Invierno,Zona Central,Verano,el_roble,1.8020504327054148,0.7861030225012872,157.6047926319616,234.81488719903015,0.22023809523809523,0.06909397774622253,0.7224577280357921
NHITS_LOCAL,7-Day Rollout,Otoño,Zona Central,Verano,el_roble,3.8824091322903986,2.436625207603567,193.64975513191462,159.73383263095718,0.07738095238095238,0.13995136122610297,2.302286975231097
NHITS_LOCAL,7-Day Rollout,Primavera,Zona Central,Verano,el_roble,3.1005357490147243,1.5531552872402936,176.62670502477852,201.380817841342,0.08333333333333333,0.09979546322411766,1.4550908131813531
NHITS_LOCAL,7-Day Rollout,Verano,Zona Central,Verano,el_roble,4.304158560976468,2.714218447312305,183.66874422645535,159.11145904520066,0.1488095238095238,0.1553941052175062,2.557396152202186
NHITS_LOCAL,Day 1,Raw,Zona Central,Verano,el_sauce,1.0806951969033143,0.5500064383571347,91.1282621967957,195.25030508889307,0.2916666666666667,0.045739438834910585,0.5247909147137154
NHITS_LOCAL,Day 1,Invierno,Zona Central,Verano,el_sauce,0.9378257931737253,0.5321992936078459,180.1808893400028,179.24778612855255,0.125,0.040969545483433956,0.49100843456496174
NHITS_LOCAL,Day 1,Otoño,Zona Central,Verano,el_sauce,1.4235315115894813,0.9410955579623987,197.67692394255357,151.67448311959103,0.041666666666666664,0.05899269530400489,0.8867003795319155
NHITS_LOCAL,Day 1,Primavera,Zona Central,Verano,el_sauce,0.8342659625662215,0.4820061421050923,180.9168050614281,179.86977645790273,0.041666666666666664,0.055471405898424565,0.42451614119515096
NHITS_LOCAL,Day 1,Verano,Zona Central,Verano,el_sauce,1.090332426088751,0.5618038900817434,143.21174962933026,196.991473129669,0.25,0.046368498184407754,0.5143603459466248
NHITS_LOCAL,7-Day Rollout,Raw,Zona Central,Verano,el_sauce,1.3632997569388197,0.8665347705065782,147.92003276182174,157.12174271575225,0.19047619047619047,0.04840924033207037,0.8212199076843674
NHITS_LOCAL,7-Day Rollout,Invierno,Zona Central,Verano,el_sauce,0.52930604326972,0.21020167433598166,149.0475934771081,260.19005025982193,0.27380952380952384,0.02067035364791875,0.1909756060878255
NHITS_LOCAL,7-Day Rollout,Otoño,Zona Central,Verano,el_sauce,1.3316277727934243,0.8407521640227471,192.06604334390798,158.7651630801818,0.08333333333333333,0.047955429028909945,0.7946354363088808
NHITS_LOCAL,7-Day Rollout,Primavera,Zona Central,Verano,el_sauce,0.9530181327562971,0.43594481228640125,171.7364294331466,220.95879750698933,0.11904761904761904,0.02926876172984651,0.40723281181095183
NHITS_LOCAL,7-Day Rollout,Verano,Zona Central,Verano,el_sauce,1.3651087836210098,0.8705551609947135,183.21893056427305,157.32959253042827,0.1488095238095238,0.049826868631082884,0.820485056140647
NHITS_LOCAL,Day 1,Raw,Zona Central,Verano,la_blanquina,0.07427601687402884,0.03814396595892807,89.86725263882049,860.3722798003286,0.4166666666666667,0.0516699503850153,0.010103515529772266
NHITS_LOCAL,Day 1,Invierno,Zona Central,Verano,la_blanquina,2.79644813390487,1.663690175822315,190.58736202662533,170.86683538552495,0.08333333333333333,0.1242397208843613,1.5342773219163064
NHITS_LOCAL,Day 1,Operational,Zona Central,Verano,la_blanquina,3.3072725828925402,2.1383532061008736,184.44147535956824,156.15850985626923,0.125,0.1804549433659607,1.953268394966532
NHITS_LOCAL,Day 1,Otoño,Zona Central,Verano,la_blanquina,3.3072725828925402,2.1383532061008736,184.44147535956824,156.15850985626923,0.125,0.1804549433659607,1.953268394966532
NHITS_LOCAL,Day 1,Primavera,Zona Central,Verano,la_blanquina,3.50866276736751,2.1796428628586,185.84079440150552,161.4916625588181,0.041666666666666664,0.1263097034536865,2.058136756777094
NHITS_LOCAL,Day 1,Verano,Zona Central,Verano,la_blanquina,5.191746814868052,3.6758117177523673,181.23044613245233,141.39850987549872,0.041666666666666664,0.26874091565453756,3.4144616129575294
NHITS_LOCAL,7-Day Rollout,Raw,Zona Central,Verano,la_blanquina,2.346182430106644,1.1745392992095167,112.32458630796451,200.22178677239611,0.30357142857142855,0.08740640627349336,1.103575232797922
NHITS_LOCAL,7-Day Rollout,Invierno,Zona Central,Verano,la_blanquina,1.5724708590765746,0.6318588235332018,155.4845471646993,256.9013214856304,0.24404761904761904,0.06200161823638891,0.5736353138340702
NHITS_LOCAL,7-Day Rollout,Operational,Zona Central,Verano,la_blanquina,2.252339879261894,1.1291977252441852,164.8080647183378,203.7137660062096,0.23214285714285715,0.09741484752741511,1.027530307610366
NHITS_LOCAL,7-Day Rollout,Otoño,Zona Central,Verano,la_blanquina,2.252339879261894,1.1291977252441852,164.8080647183378,203.7137660062096,0.23214285714285715,0.09741484752741511,1.027530307610366
NHITS_LOCAL,7-Day Rollout,Primavera,Zona Central,Verano,la_blanquina,2.8367156581181234,1.3458779575746684,177.02146335643653,211.76115412128604,0.1130952380952381,0.07753558316152998,1.2712256527837735
NHITS_LOCAL,7-Day Rollout,Verano,Zona Central,Verano,la_blanquina,4.457986914055905,2.848542325132127,187.74945557909365,156.81393447297967,0.08333333333333333,0.1669343269499396,2.6831883032911543
NHITS_LOCAL,Day 1,Raw,Zona Central,Verano,la_frontera,1.34026714646282,0.8611975066087325,135.16791688659185,154.57979095153811,0.16666666666666666,0.052198515653799404,0.8157466929916457
NHITS_LOCAL,Day 1,Invierno,Zona Central,Verano,la_frontera,2.0928990601194486,2.0133063111279625,145.65940534596453,196.35425921661314,0.0,1.608632015476178,0.4179506188311886
NHITS_LOCAL,Day 1,Otoño,Zona Central,Verano,la_frontera,2.353613464731461,1.4950003840882953,197.6809931520565,157.89067892030153,0.041666666666666664,0.09040940511622465,1.407379846199183
NHITS_LOCAL,Day 1,Primavera,Zona Central,Verano,la_frontera,1.7173882685503525,1.0280817264887208,190.730453483106,167.66617921229053,0.041666666666666664,0.06195022274200527,0.9705795881912112
NHITS_LOCAL,Day 1,Verano,Zona Central,Verano,la_frontera,1.2884167513654148,0.8607407915232113,176.6421729896963,149.27886198247634,0.0,0.09644165753753524,0.7728188675974806
NHITS_LOCAL,7-Day Rollout,Raw,Zona Central,Verano,la_frontera,1.723025881335614,1.0570249632994637,156.89919888771766,162.65099050516653,0.21428571428571427,0.05771484045011076,1.0017236392490385
NHITS_LOCAL,7-Day Rollout,Invierno,Zona Central,Verano,la_frontera,2.0621405204500474,1.9754433364014727,165.4283971153355,505.67985725216823,0.03571428571428571,1.8031576289558269,0.1931924302396224
NHITS_LOCAL,7-Day Rollout,Otoño,Zona Central,Verano,la_frontera,2.302568788350649,1.4400458823008757,197.10309797993145,160.31702646792246,0.07738095238095238,0.08042159411902719,1.3605398936686208
NHITS_LOCAL,7-Day Rollout,Primavera,Zona Central,Verano,la_frontera,1.5534532014530171,0.7372018926813985,178.4338907820941,211.45689806367534,0.08928571428571429,0.04166867480858786,0.6971888113759301
NHITS_LOCAL,7-Day Rollout,Verano,Zona Central,Verano,la_frontera,1.7103621624356,1.0626204953658085,183.8863515833905,161.40229410262552,0.05357142857142857,0.07456425382761593,0.9880047908803692
NHITS_LOCAL,Day 1,Raw,Zona Central,Verano,la_manga_i,1.0273596003907726,0.6503980761917774,135.92120401795535,157.28573435906722,0.16666666666666666,0.036986605987476655,0.6156312512549145
NHITS_LOCAL,Day 1,Invierno,Zona Central,Verano,la_manga_i,0.9447421598987304,0.5427884422339654,190.277405036624,177.27794918023176,0.125,0.04133413538656896,0.4988177923132753
NHITS_LOCAL,Day 1,Otoño,Zona Central,Verano,la_manga_i,1.0857147106004734,0.6687402901685952,198.02403654933045,162.88432674069537,0.041666666666666664,0.04030837950558634,0.6298920045621343
NHITS_LOCAL,Day 1,Verano,Zona Central,Verano,la_manga_i,0.9846830646600868,0.6491411837002184,168.66334771194147,150.99800481193515,0.0,0.07306238273667987,0.5776323567588406
NHITS_LOCAL,7-Day Rollout,Raw,Zona Central,Verano,la_manga_i,1.0235714924840462,0.6543319453442695,157.968601716499,156.161292692866,0.16666666666666666,0.03517595089693555,0.619749379734679
NHITS_LOCAL,7-Day Rollout,Invierno,Zona Central,Verano,la_manga_i,0.5555564859427059,0.22761711477351992,154.14309645702306,251.1168221668382,0.25,0.02089180551969916,0.20774311590247999
NHITS_LOCAL,7-Day Rollout,Otoño,Zona Central,Verano,la_manga_i,1.030117824715106,0.6342297650640137,196.5598362424939,162.83042738914764,0.07738095238095238,0.03543175154528789,0.5993444000833863
NHITS_LOCAL,7-Day Rollout,Verano,Zona Central,Verano,la_manga_i,1.0031770596349399,0.6538861298152501,180.00293253751886,153.06594558159964,0.0,0.05277821297166344,0.6011128745613634
NHITS_LOCAL,Day 1,Raw,Zona Central,Verano,los_libertadores,3.7514092481872403,2.4002407817170024,121.51092756669411,155.20154206730882,0.16666666666666666,0.1627629151334986,2.2469589387842763
NHITS_LOCAL,Day 1,Invierno,Zona Central,Verano,los_libertadores,0.059652822592268895,0.04218017767804364,125.0,0.0,0.4583333333333333,0.05823890400740008,0.0023174880848576642
NHITS_LOCAL,Day 1,Operational,Zona Central,Verano,los_libertadores,3.8671278588834284,2.526247759039203,179.75764899729316,153.3211455035206,0.0,0.20149800412667296,2.323341287889828
NHITS_LOCAL,Day 1,Otoño,Zona Central,Verano,los_libertadores,3.5625075633552483,2.2386697041026005,190.352894389855,159.68956339470728,0.041666666666666664,0.131720408857412,2.1098232338651237
NHITS_LOCAL,Day 1,Primavera,Zona Central,Verano,los_libertadores,3.1340639948558304,1.7903846725821495,170.35516849670918,178.374390694487,0.08333333333333333,0.16199960858599904,1.6277788416598924
NHITS_LOCAL,Day 1,Verano,Zona Central,Verano,los_libertadores,3.8671278588834284,2.526247759039203,179.75764899729316,153.3211455035206,0.0,0.20149800412667296,2.323341287889828
NHITS_LOCAL,7-Day Rollout,Raw,Zona Central,Verano,los_libertadores,3.8278648632563548,2.4526311625093165,142.2400962949327,155.35548608289247,0.20238095238095238,0.14446510382368571,2.3156222076982105
NHITS_LOCAL,7-Day Rollout,Invierno,Zona Central,Verano,los_libertadores,1.1408228414648756,0.3215878296098497,128.39879819268484,383.4942004380621,0.3630952380952381,0.05024567928375997,0.2802362594294538
NHITS_LOCAL,7-Day Rollout,Operational,Zona Central,Verano,los_libertadores,3.884012446882313,2.5115927090269645,191.11865606145417,155.11481888930015,0.041666666666666664,0.14993187577153247,2.3586857583562266
NHITS_LOCAL,7-Day Rollout,Otoño,Zona Central,Verano,los_libertadores,3.417448434491961,2.120240287982705,190.61035527696956,161.58452360984953,0.08333333333333333,0.1185735267954886,2.0038209570688963
NHITS_LOCAL,7-Day Rollout,Primavera,Zona Central,Verano,los_libertadores,2.98623377718458,1.608931550105139,180.06725527099198,186.90541242314862,0.10119047619047619,0.10192668725945622,1.505845023333605
NHITS_LOCAL,7-Day Rollout,Verano,Zona Central,Verano,los_libertadores,3.884012446882313,2.5115927090269645,191.11865606145417,155.11481888930015,0.041666666666666664,0.14993187577153247,2.3586857583562266
NHITS_LOCAL,Day 1,Raw,Zona Central,Verano,los_patos,0.05553842550304141,0.0313893761097764,83.33333333333334,0.0,0.4166666666666667,0.05476918543572538,0.00201858871150762
NHITS_LOCAL,Day 1,Invierno,Zona Central,Verano,los_patos,0.7509248966121673,0.4324230378648887,178.6677546768301,187.682308876726,0.0,0.07249334729858674,0.3652548769973994
NHITS_LOCAL,Day 1,Operational,Zona Central,Verano,los_patos,1.874767799785564,1.3396964613348246,176.8775568883797,139.52682122890877,0.0,0.11853422957162063,1.2227217672703166
NHITS_LOCAL,Day 1,Otoño,Zona Central,Verano,los_patos,1.607414169964179,1.073206122207921,197.0258656941322,150.03481016591692,0.0,0.06779853600019124,1.0109620388665157
NHITS_LOCAL,Day 1,Verano,Zona Central,Verano,los_patos,1.874767799785564,1.3396964613348246,176.8775568883797,139.52682122890877,0.0,0.11853422957162063,1.2227217672703166
NHITS_LOCAL,7-Day Rollout,Raw,Zona Central,Verano,los_patos,0.021002697372520095,0.004841734888833301,90.47619047619048,0.0,0.44047619047619047,0.00851836194737692,0.0003138446858402168
NHITS_LOCAL,7-Day Rollout,Invierno,Zona Central,Verano,los_patos,0.3271370366392776,0.12069948558088245,154.81998675257452,304.53448381820823,0.21428571428571427,0.026165909245469264,0.09886989561055087
NHITS_LOCAL,7-Day Rollout,Operational,Zona Central,Verano,los_patos,1.7968764995420083,1.2478521446076531,186.77558116053245,144.03345529694974,0.0,0.08920725459521194,1.1591655789486441
NHITS_LOCAL,7-Day Rollout,Otoño,Zona Central,Verano,los_patos,1.589088971943419,1.0501140522023238,194.57178065665423,151.6301139841607,0.05357142857142857,0.059442145602770335,0.9927747466007314
NHITS_LOCAL,7-Day Rollout,Verano,Zona Central,Verano,los_patos,1.7968764995420083,1.2478521446076531,186.77558116053245,144.03345529694974,0.0,0.08920725459521194,1.1591655789486441
NHITS_LOCAL,Day 1,Raw,Zona Central,Verano,peralillo,0.6853481897743964,0.45359259400565105,156.5649210292087,150.88961836243215,0.20833333333333334,0.025416120524317878,0.4285533578955267
NHITS_LOCAL,Day 1,Raw,Zona Central,Verano,pfv_marchigue_ii,5.4162915332994475,3.710150030752023,130.05232707859705,145.6154858631604,0.20833333333333334,0.2037402073542277,3.5061703599989413
NHITS_LOCAL,Day 1,Invierno,Zona Central,Verano,pfv_marchigue_ii,3.414106857045726,2.05447066295892,174.4136818121259,168.09249252258192,0.08333333333333333,0.14364370433346874,1.9099327046152512
NHITS_LOCAL,Day 1,Otoño,Zona Central,Verano,pfv_marchigue_ii,5.403643515817937,3.6527446362306364,198.66967570590805,148.17557277776197,0.041666666666666664,0.2123578169606238,3.4513279550834945
NHITS_LOCAL,Day 1,Primavera,Zona Central,Verano,pfv_marchigue_ii,4.129567223678647,2.59382968240728,169.32260016146202,162.33772070410203,0.08333333333333333,0.2410574757105981,2.3530745337950063
NHITS_LOCAL,Day 1,Verano,Zona Central,Verano,pfv_marchigue_ii,5.422665648320861,3.7304687624176345,179.2854347249654,145.78685216611592,0.041666666666666664,0.22724586396167676,3.4983005261669557
NHITS_LOCAL,7-Day Rollout,Raw,Zona Central,Verano,pfv_marchigue_ii,5.0343369979431705,3.3089652368873357,132.59866578076847,151.57444494349065,0.216,0.18400832295827568,3.1318043734064323
NHITS_LOCAL,7-Day Rollout,Invierno,Zona Central,Verano,pfv_marchigue_ii,2.091760988446795,0.9143040952369033,151.6118769865118,233.10363527037356,0.25595238095238093,0.07201772610198012,0.8459560247116141
NHITS_LOCAL,7-Day Rollout,Otoño,Zona Central,Verano,pfv_marchigue_ii,5.035098272375313,3.3269633100128324,196.79490638871192,151.647330950163,0.05952380952380952,0.18613970039916153,3.1467960703734468
NHITS_LOCAL,7-Day Rollout,Primavera,Zona Central,Verano,pfv_marchigue_ii,3.390944641312255,1.6878616616354067,178.8652997916625,202.48802545101344,0.13095238095238096,0.10861031927176383,1.5808313550862065
NHITS_LOCAL,7-Day Rollout,Verano,Zona Central,Verano,pfv_marchigue_ii,5.1959786050705254,3.5266050210269957,180.66316140498495,147.68046501802908,0.03389830508474576,0.19885370697257884,3.32533835807018
TFT,Day 1,Raw,Zona Central,Verano,alto_solar,0.488481528518795,0.4783316192527612,200.0,0.0,0.0,0.20955771924927832,0.006872896260271475
TFT,Day 1,Invierno,Zona Central,Verano,alto_solar,1.1336531258613183,0.7859960355272051,174.6361412379991,164.0558590900919,0.0,0.15878805139558003,0.6293953395065425
TFT,Day 1,Operational,Zona Central,Verano,alto_solar,1.3098770351000137,0.943492464692099,167.2408264397689,145.72268719259375,0.0,0.13955771522936022,0.8109585129641346
TFT,Day 1,Otoño,Zona Central,Verano,alto_solar,1.2973598421114565,0.9191885587351862,167.03149219301477,149.1723409371196,0.0,0.140714191403337,0.7832653698661791
TFT,Day 1,Primavera,Zona Central,Verano,alto_solar,0.9847944583866377,0.7428468253844281,171.07419016775356,146.10247279972387,0.0,0.13754156833717088,0.6035212695245112
TFT,Day 1,Verano,Zona Central,Verano,alto_solar,1.3098770351000137,0.943492464692099,167.2408264397689,145.72268719259375,0.0,0.13955771522936022,0.8109585129641346
TFT,7-Day Rollout,Raw,Zona Central,Verano,alto_solar,0.5116988042543251,0.5084586916934877,200.0,0.0,0.0,0.39239175041161833,0.017519328188860712
TFT,7-Day Rollout,Invierno,Zona Central,Verano,alto_solar,0.693302366079775,0.4835145231164851,168.40202751245593,237.36629389040993,0.02976190476190476,0.2217307860798731,0.2460606814399268
TFT,7-Day Rollout,Operational,Zona Central,Verano,alto_solar,1.1791393072931315,0.8485826719912611,159.28093306914928,148.37705068855652,0.0,0.18656915163585272,0.6628095878261818
TFT,7-Day Rollout,Otoño,Zona Central,Verano,alto_solar,1.1798651574792849,0.8465904263153096,159.05689587485375,148.69272018984285,0.0,0.18638956328934345,0.6614230767583994
TFT,7-Day Rollout,Primavera,Zona Central,Verano,alto_solar,0.8709120042827507,0.6061502902321947,169.1698785809127,188.29604228758893,0.0,0.21196863893766846,0.37684697005740986
TFT,7-Day Rollout,Verano,Zona Central,Verano,alto_solar,1.1791393072931315,0.8485826719912611,159.28093306914928,148.37705068855652,0.0,0.18656915163585272,0.6628095878261818
TFT,Day 1,Raw,Zona Central,Verano,chancon,1.173901881210122,0.8972060404072787,158.73645835473013,129.96765054963086,0.0,0.1291755538255529,0.8059597838203141
TFT,Day 1,Invierno,Zona Central,Verano,chancon,0.7173785569091369,0.5579975546182444,169.06119276337748,152.3915279912629,0.0,0.15153047794398541,0.4225494870178712
TFT,Day 1,Otoño,Zona Central,Verano,chancon,1.043598955028929,0.7987514482083498,164.19570047144305,135.73738685051828,0.0,0.13168456030616651,0.6867286274483679
TFT,Day 1,Primavera,Zona Central,Verano,chancon,0.6549974250644787,0.4989611457567662,156.9639339437674,152.6284189803446,0.0,0.12635863539374745,0.3706415284929487
TFT,Day 1,Verano,Zona Central,Verano,chancon,1.17371969395567,0.8970722900703549,158.77896911258364,129.9524435317665,0.0,0.12897231442232926,0.8072612699276457
TFT,7-Day Rollout,Raw,Zona Central,Verano,chancon,1.187810622731853,0.9142552369625524,155.20865768685067,129.36543249396476,0.0,0.17196613730763297,0.7600033767798388
TFT,7-Day Rollout,Invierno,Zona Central,Verano,chancon,0.47414819331312325,0.3844868414387184,165.36061197256248,260.8898878793781,0.02976190476190476,0.2224023578768505,0.1439111195530467
TFT,7-Day Rollout,Otoño,Zona Central,Verano,chancon,1.0631694384543966,0.8330671996201263,160.62623296595066,132.53914182925385,0.0,0.1813016858094681,0.6634842119315559
TFT,7-Day Rollout,Primavera,Zona Central,Verano,chancon,0.7026314055613769,0.5157018174670936,168.88934055793078,204.21846337172101,0.0,0.21556125275871765,0.26947232944197214
TFT,7-Day Rollout,Verano,Zona Central,Verano,chancon,1.187745904111113,0.9141615233439508,155.19129069268348,129.35806602886043,0.0,0.17168935734662227,0.7604087386449377
TFT,Day 1,Raw,Zona Central,Verano,chimbarongo,0.4507949967264279,0.36005625283966464,141.03198838757748,149.84622030402912,0.0,0.12176759454111258,0.24331671629721918
TFT,Day 1,Invierno,Zona Central,Verano,chimbarongo,0.5257567845521098,0.39371633974224096,155.84446643106727,180.50488830757894,0.0,0.1421699279622165,0.25028644847249476
TFT,Day 1,Otoño,Zona Central,Verano,chimbarongo,1.2248415354224202,0.9371542018683007,168.9236997672164,135.0131417526327,0.0,0.13830912744548793,0.8181490970348628
TFT,Day 1,Primavera,Zona Central,Verano,chimbarongo,0.29010120339409207,0.2788716764112375,143.6856196687124,153.89684910391549,0.0,0.11679123155817972,0.1438284500265373
TFT,Day 1,Verano,Zona Central,Verano,chimbarongo,0.45151378090182664,0.3611391365217666,142.10826122520228,150.72779101876418,0.0,0.12282473604039601,0.24439998609789956
TFT,7-Day Rollout,Raw,Zona Central,Verano,chimbarongo,1.0348071690520348,0.7754520727668845,150.03450691203608,134.37850611616142,0.0,0.16707163233327915,0.619618144850431
TFT,7-Day Rollout,Invierno,Zona Central,Verano,chimbarongo,0.40981727801955103,0.355005525452292,170.35741917782155,391.9726587821004,0.03571428571428571,0.23635279447385724,0.08660832352806254
TFT,7-Day Rollout,Otoño,Zona Central,Verano,chimbarongo,1.1126736039708232,0.8787767862895689,162.58932741552775,131.5202984655376,0.0,0.18383298802404294,0.7060062144137648
TFT,7-Day Rollout,Primavera,Zona Central,Verano,chimbarongo,0.6396887137756553,0.47109996522321684,167.73466797013086,223.02778978541335,0.0,0.21540707613674182,0.21999471247428445
TFT,7-Day Rollout,Verano,Zona Central,Verano,chimbarongo,1.035491145366652,0.7757561805872337,150.41636554040397,134.5486679362504,0.0,0.16744352845847799,0.6206814297802727
TFT,Day 1,Raw,Zona Central,Verano,don_eugenio,1.2067081013271452,0.8756155056714002,159.9971282276935,140.73207474581554,0.0,0.12879746387698107,0.7663488204831083
TFT,Day 1,Invierno,Zona Central,Verano,don_eugenio,0.8828638203966569,0.662112074055282,170.51653001090716,151.79546846552736,0.0,0.1524905050180678,0.5258674171484017
TFT,Day 1,Otoño,Zona Central,Verano,don_eugenio,1.4142049413832745,1.0645749645579297,172.91149881213832,136.65710919038906,0.0,0.1431574143944696,0.9403297829238001
TFT,Day 1,Primavera,Zona Central,Verano,don_eugenio,0.811823242551145,0.5763460025191307,161.08241933518664,161.5321241820072,0.0,0.12981222726715105,0.442490193930765
TFT,Day 1,Verano,Zona Central,Verano,don_eugenio,1.2064494723368688,0.8753062932131191,159.98015615905496,140.70406057147017,0.0,0.1284410963843887,0.7676449584386621
TFT,7-Day Rollout,Raw,Zona Central,Verano,don_eugenio,1.2862792951219186,0.973955972073764,155.90161051125608,131.13105324591012,0.0,0.17125387235260878,0.8199102600503219
TFT,7-Day Rollout,Invierno,Zona Central,Verano,don_eugenio,0.547188083221185,0.4271423275624026,169.4745840784153,247.77570694343956,0.03571428571428571,0.22424824254427506,0.1852578971313083
TFT,7-Day Rollout,Otoño,Zona Central,Verano,don_eugenio,1.233695916845985,0.9382713582713006,162.29245471376333,135.74378501563734,0.0,0.18151540176197073,0.7647512299815389
TFT,7-Day Rollout,Primavera,Zona Central,Verano,don_eugenio,0.9623975792131081,0.6948073031704726,166.16495989601052,162.98497882036273,0.0,0.19780576382293344,0.48464984213430096
TFT,7-Day Rollout,Verano,Zona Central,Verano,don_eugenio,1.2862168862305623,0.9738784284612498,155.88936260452147,131.12399650799065,0.0,0.17096272739352067,0.8202826818733675
TFT,Day 1,Raw,Zona Central,Verano,el_pilpen,1.609890127623242,1.152219446445694,162.39330086262086,141.25486782831888,0.0,0.1409755482224682,1.0304796040869102
TFT,Day 1,Invierno,Zona Central,Verano,el_pilpen,0.8730902608721385,0.6683325138680326,172.9575135600915,148.83418360188008,0.0,0.15418176747722706,0.530620005330032
TFT,Day 1,Otoño,Zona Central,Verano,el_pilpen,1.368765509503932,1.0356661716408173,172.38477204992597,136.12357239196996,0.0,0.14265598007453564,0.9121398612170499
TFT,Day 1,Primavera,Zona Central,Verano,el_pilpen,0.9121543705125497,0.6660462542361832,163.31194532886056,149.0836247688763,0.0,0.1336743276075746,0.5443902968689144
TFT,Day 1,Verano,Zona Central,Verano,el_pilpen,1.6097003732307007,1.1519197045078424,162.30379332650963,141.23014947678774,0.0,0.14045607412432826,1.0313531098555055
TFT,7-Day Rollout,Raw,Zona Central,Verano,el_pilpen,1.5309057608866703,1.1641967000382272,160.32948739508137,130.01068625535126,0.0,0.18051947529857212,1.003639138155285
TFT,7-Day Rollout,Invierno,Zona Central,Verano,el_pilpen,0.5506263927852619,0.4224956629012966,163.27235537366147,227.304934750443,0.02976190476190476,0.21607944449437602,0.19525920782921274
TFT,7-Day Rollout,Otoño,Zona Central,Verano,el_pilpen,1.2777325979742855,0.9657581985418455,162.85714868468997,137.08462399335124,0.0,0.18550368791460467,0.7871191124954011
TFT,7-Day Rollout,Primavera,Zona Central,Verano,el_pilpen,0.9671252530934743,0.6889652218024345,171.81016360726892,172.95624346398037,0.0,0.2145267523943879,0.46672345857655917
TFT,7-Day Rollout,Verano,Zona Central,Verano,el_pilpen,1.5309274205594543,1.1641464820104832,160.3262588824675,130.0115511580026,0.0,0.18018089094653952,1.004067256081981
TFT,Day 1,Raw,Zona Central,Verano,el_roble,2.9053286959166282,2.010371425499519,178.1133578354017,181.4587934527263,0.0,0.4172324328993757,1.4141155075902738
TFT,Day 1,Invierno,Zona Central,Verano,el_roble,2.6274616015136134,1.9955648672766984,175.76752731731983,151.10496521019002,0.0,0.47462151783984147,1.5771780090639365
TFT,Day 1,Otoño,Zona Central,Verano,el_roble,3.9289790359894776,2.953350628436359,170.58750713135169,137.8796296312442,0.0,0.43358296008876396,2.5767688672999913
TFT,Day 1,Primavera,Zona Central,Verano,el_roble,2.7435761146365807,1.9388689793801557,164.4095878271716,159.83919237793833,0.0,0.40877047438407316,1.5235403170692734
TFT,Day 1,Verano,Zona Central,Verano,el_roble,2.9047713921029583,2.009473310162624,178.10409445786794,181.42398579817169,0.0,0.41568408987174427,1.4145449856917065
TFT,7-Day Rollout,Raw,Zona Central,Verano,el_roble,3.7943045940122833,2.8024575305406914,161.2306414211639,140.2639697999859,0.0,0.5494790153879356,2.2687792343908635
TFT,7-Day Rollout,Invierno,Zona Central,Verano,el_roble,1.6999418897869514,1.303403312868124,164.9377572843646,221.5097068598427,0.02976190476190476,0.6567230928803676,0.6267426426762747
TFT,7-Day Rollout,Otoño,Zona Central,Verano,el_roble,3.413263523607272,2.616380860057824,166.21607955484538,140.4317901147091,0.0,0.5820157549075992,2.0526958365172963
TFT,7-Day Rollout,Primavera,Zona Central,Verano,el_roble,2.7685192186798915,1.94915889336941,170.38546117384408,179.81623486986027,0.0,0.6439713928748373,1.275972012825306
TFT,7-Day Rollout,Verano,Zona Central,Verano,el_roble,3.794328118479788,2.8021685399993053,161.23486260912634,140.26460096084054,0.0,0.5481814483145474,2.2698945244622983
TFT,Day 1,Raw,Zona Central,Verano,el_sauce,1.0172729681387094,0.6929179147506753,181.67669587638667,183.79174623604519,0.0,0.13873538340752323,0.49337960020639
TFT,Day 1,Invierno,Zona Central,Verano,el_sauce,0.8402588985597564,0.6256638988852501,175.23976317250762,160.5997067237328,0.0,0.1517016092004875,0.4728609291060517
TFT,Day 1,Otoño,Zona Central,Verano,el_sauce,1.297580448406725,0.9800286274342701,172.92530460791883,138.25464502603387,0.0,0.14460403983836537,0.8509876715326755
TFT,Day 1,Primavera,Zona Central,Verano,el_sauce,0.7583882897110473,0.5392543408815982,159.70605920825213,163.51036511068176,0.0,0.12811584062801556,0.40662130334312674
TFT,Day 1,Verano,Zona Central,Verano,el_sauce,1.0170096453611142,0.6925983233377337,181.65751971692748,183.74417144084885,0.0,0.13830693871714173,0.4934988306059192
TFT,7-Day Rollout,Raw,Zona Central,Verano,el_sauce,1.1944116368321833,0.9000157540216432,161.98287700996818,137.65720777390905,0.0,0.17956006062931487,0.7251173280498603
TFT,7-Day Rollout,Invierno,Zona Central,Verano,el_sauce,0.5233581535752725,0.4073246071695172,168.79044457550913,257.26625647696955,0.02976190476190476,0.21739381574057232,0.16332930788913363
TFT,7-Day Rollout,Otoño,Zona Central,Verano,el_sauce,1.1721921348902806,0.8948553399127702,166.7634961461732,139.75622862443262,0.0,0.19078378606130206,0.7098704403327859
TFT,7-Day Rollout,Primavera,Zona Central,Verano,el_sauce,0.8634738053770558,0.5973672510763641,173.62225858685807,200.1978001857045,0.0,0.21526802091875222,0.35367559707266905
TFT,7-Day Rollout,Verano,Zona Central,Verano,el_sauce,1.1943464039889538,0.8999518306414497,161.97499916600486,137.64912755255702,0.0,0.17925332795272142,0.725351928855352
TFT,Day 1,Raw,Zona Central,Verano,la_acacia,0.7895441569701714,0.7800348276893297,200.0,0.0,0.0,0.5278721734260519,0.017248657469948147
TFT,Day 1,Invierno,Zona Central,Verano,la_acacia,0.7135479669722695,0.6450292607909583,137.7129383087846,196.078149903567,0.041666666666666664,0.3871955336359974,0.2892908283361104
TFT,Day 1,Operational,Zona Central,Verano,la_acacia,3.6806498988111516,2.931596097225944,167.91756937551276,131.93728551200877,0.0,0.40732128685340285,2.5059572556056082
TFT,Day 1,Otoño,Zona Central,Verano,la_acacia,3.022538613753402,2.2870962162075252,163.25558938344128,137.8176179767314,0.0,0.3844332322274568,1.9583196057094028
TFT,Day 1,Primavera,Zona Central,Verano,la_acacia,0.682865081387139,0.611086116693817,134.06120577993684,238.65205078879487,0.0,0.3897767830781958,0.19230650503001623
TFT,Day 1,Verano,Zona Central,Verano,la_acacia,3.6806498988111516,2.931596097225944,167.91756937551276,131.93728551200877,0.0,0.40732128685340285,2.5059572556056082
TFT,7-Day Rollout,Raw,Zona Central,Verano,la_acacia,0.9957102180698033,0.9864150977560452,200.0,0.0,0.0,0.7919907622216711,0.03437531161166376
TFT,7-Day Rollout,Invierno,Zona Central,Verano,la_acacia,0.6764158945001066,0.5936860558919693,115.96491708678862,150.3390040910338,0.010638297872340425,0.3941422779723707,0.23043561270556212
TFT,7-Day Rollout,Operational,Zona Central,Verano,la_acacia,3.1453907700625665,2.8020210827359864,141.35483933553695,122.85396355032752,0.0,0.6959844192780328,1.9716046933296074
TFT,7-Day Rollout,Otoño,Zona Central,Verano,la_acacia,2.626271646813217,2.0486454160021648,165.25613493672498,145.99563901484848,0.0,0.5635780034259802,1.4989226259021873
TFT,7-Day Rollout,Primavera,Zona Central,Verano,la_acacia,1.7878479221127563,1.4354363494461548,150.5077150368936,147.85939342828436,0.0,0.5351377981581772,0.9221769244141667
TFT,7-Day Rollout,Verano,Zona Central,Verano,la_acacia,3.1453907700625665,2.8020210827359864,141.35483933553695,122.85396355032752,0.0,0.6959844192780328,1.9716046933296074
TFT,Day 1,Raw,Zona Central,Verano,la_blanquina,0.8362756218294322,0.8242337614647113,196.41040971344754,9686.954061027573,0.0,0.5535128845357878,0.017679852298654944
TFT,Day 1,Invierno,Zona Central,Verano,la_blanquina,2.4781161102940885,1.8864566535921767,170.82465055439798,151.4163099791078,0.0,0.4685594004753511,1.4745849213310673
TFT,Day 1,Operational,Zona Central,Verano,la_blanquina,2.9735154580067986,2.240378689370118,161.99376798975652,140.3995985570721,0.0,0.40010567290980054,1.8796534045463584
TFT,Day 1,Otoño,Zona Central,Verano,la_blanquina,2.9735154580067986,2.240378689370118,161.99376798975652,140.3995985570721,0.0,0.40010567290980054,1.8796534045463584
TFT,Day 1,Primavera,Zona Central,Verano,la_blanquina,3.152223009215002,2.354997267379076,169.96004393870717,145.08596814969155,0.0,0.4279311953619375,1.9516617775610936
TFT,Day 1,Verano,Zona Central,Verano,la_blanquina,4.762159261780998,3.660161785936604,169.1306407213739,129.69858650989542,0.0,0.44186683777564517,3.3354975548340007
TFT,7-Day Rollout,Raw,Zona Central,Verano,la_blanquina,2.084828265866798,1.5946966357677455,166.04544210545967,177.9179807797267,0.0,0.624200105808926,0.9212785385521004
TFT,7-Day Rollout,Invierno,Zona Central,Verano,la_blanquina,1.5657132610952222,1.2266879136921143,167.28085686443396,255.79730366459583,0.02976190476190476,0.6818605910788391,0.5001262655527864
TFT,7-Day Rollout,Operational,Zona Central,Verano,la_blanquina,2.041968813005264,1.5511051801451166,165.44093909885353,184.6866722001345,0.0,0.6288627363045157,0.8757176021030663
TFT,7-Day Rollout,Otoño,Zona Central,Verano,la_blanquina,2.041968813005264,1.5511051801451166,165.44093909885353,184.6866722001345,0.0,0.6288627363045157,0.8757176021030663
TFT,7-Day Rollout,Primavera,Zona Central,Verano,la_blanquina,2.555485801017378,1.8111461065404693,171.3539384713857,190.7673125486957,0.0,0.6589417634153505,1.0998443329868937
TFT,7-Day Rollout,Verano,Zona Central,Verano,la_blanquina,3.960819666608718,2.8996016918903305,157.30234067575626,139.3256031552092,0.0,0.5625207078953585,2.4051688382490757
TFT,Day 1,Raw,Zona Central,Verano,la_frontera,1.1608111985921037,0.9069899607105375,149.1989388601188,133.88222854386703,0.0,0.1917812163862739,0.7446909343247777
TFT,Day 1,Invierno,Zona Central,Verano,la_frontera,1.741561821800199,1.1963743841721832,170.35811326121504,163.39205646162233,0.0,0.25717105866303125,0.9682187515364301
TFT,Day 1,Otoño,Zona Central,Verano,la_frontera,2.1604196391870727,1.5478717729371663,165.99162742411684,144.93039264751113,0.0,0.231166649099517,1.3455659283383283
TFT,Day 1,Primavera,Zona Central,Verano,la_frontera,1.5391541720882647,1.1474421479964565,168.8793631856928,150.26543733789887,0.0,0.230691258464614,0.9145788664118166
TFT,Day 1,Verano,Zona Central,Verano,la_frontera,1.1624981785724111,0.911198184342437,151.84844348105975,134.68965299471918,0.0,0.19519906850277424,0.7466013119780149
TFT,7-Day Rollout,Raw,Zona Central,Verano,la_frontera,1.4804265583170964,1.1136831177633728,151.07146157433237,139.7499879071917,0.0,0.27977151158903285,0.8442951299399365
TFT,7-Day Rollout,Invierno,Zona Central,Verano,la_frontera,1.0521053088232781,0.7310204039356016,166.18257727218443,257.99816118442413,0.03571428571428571,0.3603165218857357,0.3356683302847306
TFT,7-Day Rollout,Otoño,Zona Central,Verano,la_frontera,2.040723854698747,1.5027653381538195,161.8933653170605,142.0859962502182,0.0,0.30409638002264333,1.2101517396932433
TFT,7-Day Rollout,Primavera,Zona Central,Verano,la_frontera,1.3958504283740076,0.9665248161645702,166.34911036284527,190.00392253126205,0.0,0.3442447620552085,0.5961155122235728
TFT,7-Day Rollout,Verano,Zona Central,Verano,la_frontera,1.4806584589296403,1.113119802070624,150.98968228626455,139.7257711275523,0.0,0.2784368448130755,0.8453777150045247
TFT,Day 1,Raw,Zona Central,Verano,la_manga_i,0.913369004600233,0.6764143395024197,152.6452462665877,139.83410927849854,0.0,0.11968021337864532,0.5715176520873987
TFT,Day 1,Invierno,Zona Central,Verano,la_manga_i,0.8433409918713644,0.6150828517565969,167.96237865198336,158.25033310104834,0.0,0.1515767394860935,0.4799225211992355
TFT,Day 1,Otoño,Zona Central,Verano,la_manga_i,0.9757072080346207,0.7181266306724865,162.61677190695136,146.38045347001446,0.0,0.13173963565738328,0.5914831301794038
TFT,Day 1,Primavera,Zona Central,Verano,la_manga_i,0.8263944713762149,0.6171405580438053,164.9675582597209,151.160296141405,0.0,0.1319100646166286,0.4831810599716846
TFT,Day 1,Verano,Zona Central,Verano,la_manga_i,0.9136108045426207,0.6772159688359048,153.50153687520555,140.09930058884905,0.0,0.12047081799755688,0.5726216922492312
TFT,7-Day Rollout,Raw,Zona Central,Verano,la_manga_i,0.8674733517183024,0.67785827186715,148.44372878485268,132.34616338541173,0.0,0.1678083820978101,0.518475065912986
TFT,7-Day Rollout,Invierno,Zona Central,Verano,la_manga_i,0.5401423568626429,0.41741846469005306,166.58997387137558,244.14948903511043,0.02976190476190476,0.2224070697515095,0.18274691055191852
TFT,7-Day Rollout,Otoño,Zona Central,Verano,la_manga_i,0.8852279729808172,0.687938245465505,156.43192180678332,139.927730322655,0.0,0.17832816759991624,0.5086404455807843
TFT,7-Day Rollout,Primavera,Zona Central,Verano,la_manga_i,0.697429581273543,0.5251573556664003,167.3447402072883,187.1939994512497,0.0,0.2077567464941285,0.29255726605335647
TFT,7-Day Rollout,Verano,Zona Central,Verano,la_manga_i,0.8676955729179011,0.6776739303594134,148.52502074751465,132.3940196499092,0.0,0.16730043875781914,0.5190592831095784
TFT,Day 1,Raw,Zona Central,Verano,los_libertadores,3.436615295811974,2.485468538788458,162.6448289997973,142.17803447060692,0.0,0.36998879675132534,2.169417199787373
TFT,Day 1,Invierno,Zona Central,Verano,los_libertadores,0.7453742246692705,0.7365560357769331,200.0,0.0,0.0,0.49951150609801215,0.016313535844286298
TFT,Day 1,Operational,Zona Central,Verano,los_libertadores,3.6122983907737436,2.6778596341609955,163.90379021072766,143.21784729762396,0.0,0.39030687020470695,2.2698054451495406
TFT,Day 1,Otoño,Zona Central,Verano,los_libertadores,3.24275932491339,2.3338114749640226,164.23770845476778,145.356834078361,0.0,0.37850290260588126,2.001289048573623
TFT,Day 1,Primavera,Zona Central,Verano,los_libertadores,2.870138457169851,1.951169115335991,164.82796904546257,163.35314127178117,0.0,0.37743857980240136,1.5712997811303164
TFT,Day 1,Verano,Zona Central,Verano,los_libertadores,3.6122983907737436,2.6778596341609955,163.90379021072766,143.21784729762396,0.0,0.39030687020470695,2.2698054451495406
TFT,7-Day Rollout,Raw,Zona Central,Verano,los_libertadores,3.352662327792267,2.537054280218269,155.800133628379,136.0691937183174,0.0,0.4846770728117831,2.0507601043542047
TFT,7-Day Rollout,Invierno,Zona Central,Verano,los_libertadores,1.2579375342345906,1.016511418208392,181.53525267811835,422.862982190013,0.03571428571428571,0.6492397383326806,0.24541555923006636
TFT,7-Day Rollout,Operational,Zona Central,Verano,los_libertadores,3.275449040549068,2.8478103036814857,145.71075151492005,130.81077665282143,0.0,0.6895463641610972,1.9592878471516693
TFT,7-Day Rollout,Otoño,Zona Central,Verano,los_libertadores,2.999554498983551,2.2335040794902334,159.90872497430374,141.82557368479826,0.0,0.49815292865102295,1.755556343923121
TFT,7-Day Rollout,Primavera,Zona Central,Verano,los_libertadores,2.6502656260774287,1.824831050115522,156.35349901696512,165.87749882727226,0.0,0.5152778023874023,1.29647980895847
TFT,7-Day Rollout,Verano,Zona Central,Verano,los_libertadores,3.275449040549068,2.8478103036814857,145.71075151492005,130.81077665282143,0.0,0.6895463641610972,1.9592878471516693
TFT,Day 1,Raw,Zona Central,Verano,los_patos,0.27782562917928755,0.2747448080529769,200.0,0.0,0.0,0.1831406264876326,0.0060234675959994445
TFT,Day 1,Invierno,Zona Central,Verano,los_patos,0.7016591816713967,0.5162682994268835,169.3155729198652,175.36908931207773,0.0,0.1497724301725005,0.35698293858052543
TFT,Day 1,Operational,Zona Central,Verano,los_patos,1.784663957038393,1.3565524655083816,172.9220986245196,132.8209759714533,0.0,0.15097663725415866,1.2251962727867067
TFT,Day 1,Otoño,Zona Central,Verano,los_patos,1.4803330903672423,1.1010436056531034,171.58491861254745,138.173159317442,0.0,0.14576513382198755,0.9744189314903148
TFT,Day 1,Primavera,Zona Central,Verano,los_patos,0.8021368241332102,0.5919246985577047,160.79279584790874,153.06328502692827,0.0,0.13427575265523048,0.4612258388272797
TFT,Day 1,Verano,Zona Central,Verano,los_patos,1.784663957038393,1.3565524655083816,172.9220986245196,132.8209759714533,0.0,0.15097663725415866,1.2251962727867067
TFT,7-Day Rollout,Raw,Zona Central,Verano,los_patos,0.35076936383128665,0.3476293822306962,200.0,0.0,0.0,0.27666890389241633,0.012116344248698592
TFT,7-Day Rollout,Invierno,Zona Central,Verano,los_patos,0.40774056267883174,0.3409653515340151,165.21672860764164,379.56895086771493,0.03571428571428571,0.22634484717865627,0.08057241137808195
TFT,7-Day Rollout,Operational,Zona Central,Verano,los_patos,1.6302683849858994,1.2564189956257386,168.17713573485395,130.67853500824717,0.0,0.19146455953540725,1.0783211377837385
TFT,7-Day Rollout,Otoño,Zona Central,Verano,los_patos,1.410339894661826,1.0698095160687877,164.809282136264,134.5739620371591,0.0,0.18732341497423993,0.8948438581111207
TFT,7-Day Rollout,Primavera,Zona Central,Verano,los_patos,0.8725119572562393,0.5990638121552582,168.9675644444055,199.68250129068863,0.0,0.2167290545845585,0.3592787810124004
TFT,7-Day Rollout,Verano,Zona Central,Verano,los_patos,1.6302683849858994,1.2564189956257386,168.17713573485395,130.67853500824717,0.0,0.19146455953540725,1.0783211377837385
TFT,Day 1,Raw,Zona Central,Verano,peralillo,0.5709342237781998,0.47787281538175347,145.843115534297,125.69967853026984,0.0,0.11241413763719758,0.38222189887557273
TFT,Day 1,Invierno,Zona Central,Verano,peralillo,0.7814302337721174,0.6026689314221585,174.77455490597063,156.34757175353406,0.0,0.1516686420347772,0.4496688731027158
TFT,Day 1,Otoño,Zona Central,Verano,peralillo,1.4991617216267732,1.1136262582149357,172.44884545320673,138.22362004394017,0.0,0.14557618780915316,0.9870704190689139
TFT,Day 1,Primavera,Zona Central,Verano,peralillo,0.9340021208474377,0.6794619462376232,165.83053429330317,153.24743376029411,0.0,0.13656459037883836,0.5422832649585375
TFT,Day 1,Verano,Zona Central,Verano,peralillo,0.570699458346264,0.47760458388161925,145.8252713330849,125.65281897563926,0.0,0.11205606734884933,0.38351968016387633
TFT,7-Day Rollout,Raw,Zona Central,Verano,peralillo,1.320891979097279,0.9775271079691961,154.92301287942976,134.3160539971712,0.0,0.17342251594931316,0.8221445068435967
TFT,7-Day Rollout,Invierno,Zona Central,Verano,peralillo,0.4698786451738374,0.3776191154560652,163.16365147350038,265.7365092083319,0.03571428571428571,0.21804321585005274,0.13914841815063883
TFT,7-Day Rollout,Otoño,Zona Central,Verano,peralillo,1.3749893726144973,1.0362460458861842,164.54388167252893,135.7905126049693,0.0,0.1856128137594732,0.8626601894472039
TFT,7-Day Rollout,Primavera,Zona Central,Verano,peralillo,0.9067157993146402,0.6210862487811086,170.93335399605277,196.2869620514636,0.0,0.2182419408831004,0.3820258955430826
TFT,7-Day Rollout,Verano,Zona Central,Verano,peralillo,1.3208536220494738,0.9774282132641758,154.90457155882476,134.31079155151238,0.0,0.17312044398015528,0.8225224137379967
TFT,Day 1,Raw,Zona Central,Verano,pfv_marchigue_ii,4.992318951149543,3.7388492623964944,168.11847582030754,134.21710134806236,0.0,0.4360231551652154,3.3720196882883706
TFT,Day 1,Invierno,Zona Central,Verano,pfv_marchigue_ii,3.068242995546334,2.2628370746970177,172.9341336897068,151.06399254082544,0.0,0.47793281382570657,1.8412856654574474
TFT,Day 1,Otoño,Zona Central,Verano,pfv_marchigue_ii,4.998918455173924,3.7391079629499777,177.0184518166421,137.07743732473082,0.0,0.46530002590637504,3.3327703630677807
TFT,Day 1,Primavera,Zona Central,Verano,pfv_marchigue_ii,3.785165930163729,2.741851427437117,174.07947753341764,148.7989361369987,0.0,0.4427903931510324,2.3035276354989036
TFT,Day 1,Verano,Zona Central,Verano,pfv_marchigue_ii,4.992820389318639,3.7390341783563295,168.0889992312686,134.23058237325722,0.0,0.43398609999567267,3.3738194684187572
TFT,7-Day Rollout,Raw,Zona Central,Verano,pfv_marchigue_ii,4.532971090842641,3.403860917314887,165.5505648741583,136.47925780893834,0.0,0.551493560669571,2.897255027710646
TFT,7-Day Rollout,Invierno,Zona Central,Verano,pfv_marchigue_ii,1.9512480780197214,1.4227121965737926,164.38624285435546,217.44502493971035,0.03571428571428571,0.6577856937367913,0.7413689213505547
TFT,7-Day Rollout,Otoño,Zona Central,Verano,pfv_marchigue_ii,4.4995301192341906,3.4012526905038007,168.51278218325203,135.51706365997865,0.0,0.5773450884763969,2.856086992613252
TFT,7-Day Rollout,Primavera,Zona Central,Verano,pfv_marchigue_ii,3.0543781852469443,2.0809701437449,170.41869650832706,182.39018124222784,0.0,0.650331645529545,1.3991539478801325
TFT,7-Day Rollout,Verano,Zona Central,Verano,pfv_marchigue_ii,4.65827344126623,3.538583251616081,163.51054683057274,132.39777148350942,0.0,0.5238685881158621,3.068165651518631
XGB_GLOBAL,Day 1,Raw,Zona Central,Verano,alto_solar,1.24118957762962,0.8988079229990641,166.66666666666669,0.0,,,
XGB_GLOBAL,Day 1,Invierno,Zona Central,Verano,alto_solar,0.5639113744655356,0.35351701283555786,51.424915370108984,81.60605998270341,,,
XGB_GLOBAL,Day 1,Operational,Zona Central,Verano,alto_solar,0.387858502889877,0.2823167536116671,92.39912861052915,43.14892297298256,,,
XGB_GLOBAL,Day 1,Otoño,Zona Central,Verano,alto_solar,0.45796795881943053,0.3224004118916734,72.59765217392814,52.657828825735905,,,
XGB_GLOBAL,Day 1,Primavera,Zona Central,Verano,alto_solar,0.4542490683593407,0.3054637842881978,66.22861447727352,67.46465591263448,,,
XGB_GLOBAL,Day 1,Verano,Zona Central,Verano,alto_solar,0.387858502889877,0.2823167536116671,92.39912861052915,43.14892297298256,,,
XGB_GLOBAL,7-Day Rollout,Raw,Zona Central,Verano,alto_solar,1.2383681320367381,0.8979977653140113,158.33333333333331,0.0,,,
XGB_GLOBAL,7-Day Rollout,Invierno,Zona Central,Verano,alto_solar,0.5848660261309652,0.3820353375487598,81.63376971234575,200.24088743574927,,,
XGB_GLOBAL,7-Day Rollout,Operational,Zona Central,Verano,alto_solar,0.4776977694140039,0.3256261331345221,82.35373782498924,60.11112148306288,,,
XGB_GLOBAL,7-Day Rollout,Otoño,Zona Central,Verano,alto_solar,0.48952604906577446,0.33593781891977414,82.13117000698492,61.692609005325636,,,
XGB_GLOBAL,7-Day Rollout,Primavera,Zona Central,Verano,alto_solar,0.6810329286771424,0.44149436860624564,80.8737867310841,147.17802971905638,,,
XGB_GLOBAL,7-Day Rollout,Verano,Zona Central,Verano,alto_solar,0.4776977694140039,0.3256261331345221,82.35373782498924,60.11112148306288,,,
XGB_GLOBAL,Day 1,Raw,Zona Central,Verano,chancon,0.4682186948530195,0.28479514674351475,49.52976940736012,51.83847533384187,,,
XGB_GLOBAL,Day 1,Invierno,Zona Central,Verano,chancon,0.3213292225832117,0.2015329966476808,52.23773294533404,68.25942976143699,,,
XGB_GLOBAL,Day 1,Otoño,Zona Central,Verano,chancon,0.18969792358352514,0.13326123939380827,41.95011412458194,24.673367402407212,,,
XGB_GLOBAL,Day 1,Primavera,Zona Central,Verano,chancon,0.45998937971354714,0.305281876353547,86.57979685816102,107.18737064732247,,,
XGB_GLOBAL,Day 1,Verano,Zona Central,Verano,chancon,0.4651351608792918,0.2738553984090686,41.27275600365572,51.499051298263595,,,
XGB_GLOBAL,7-Day Rollout,Raw,Zona Central,Verano,chancon,0.4673699639938782,0.3058734432384621,52.40445582028226,50.90164742566535,,,
XGB_GLOBAL,7-Day Rollout,Invierno,Zona Central,Verano,chancon,0.6147571270039985,0.395897950934449,87.89782599008818,338.25694202573004,,,
XGB_GLOBAL,7-Day Rollout,Otoño,Zona Central,Verano,chancon,0.2820603107139139,0.19323394585615547,56.04237004703347,35.16281617393236,,,
XGB_GLOBAL,7-Day Rollout,Primavera,Zona Central,Verano,chancon,0.7486884166571143,0.4836387761823311,103.55304088796562,217.6048014000928,,,
XGB_GLOBAL,7-Day Rollout,Verano,Zona Central,Verano,chancon,0.4685695644874379,0.3087639789633353,55.97580071892183,51.03217148742114,,,
XGB_GLOBAL,Day 1,Raw,Zona Central,Verano,chimbarongo,0.6870906711718352,0.4339553574100137,83.50113660876323,228.39193165167205,,,
XGB_GLOBAL,Day 1,Invierno,Zona Central,Verano,chimbarongo,0.5892276052151886,0.39187388442466425,97.47850211761181,202.29594023730232,,,
XGB_GLOBAL,Day 1,Otoño,Zona Central,Verano,chimbarongo,0.2466774571343748,0.181818697679167,43.5791843635393,27.191026368791686,,,
XGB_GLOBAL,Day 1,Primavera,Zona Central,Verano,chimbarongo,0.703982730178492,0.5194957065319082,133.75061948565593,375.0605458340773,,,
XGB_GLOBAL,Day 1,Verano,Zona Central,Verano,chimbarongo,0.6913257762643289,0.43902494804933667,73.74495422123931,230.78366937666402,,,
XGB_GLOBAL,7-Day Rollout,Raw,Zona Central,Verano,chimbarongo,0.5394470849936434,0.34852729296619056,59.21714136526995,70.05178894979092,,,
XGB_GLOBAL,7-Day Rollout,Invierno,Zona Central,Verano,chimbarongo,0.7065773972706807,0.4827190803902167,123.63631473757604,675.8109916251806,,,
XGB_GLOBAL,7-Day Rollout,Otoño,Zona Central,Verano,chimbarongo,0.2625448281736653,0.18701786332310566,60.657025390274256,31.033336316019227,,,
XGB_GLOBAL,7-Day Rollout,Primavera,Zona Central,Verano,chimbarongo,0.8056635008983033,0.5516771709123973,125.35969071064142,280.9036864211362,,,
XGB_GLOBAL,7-Day Rollout,Verano,Zona Central,Verano,chimbarongo,0.54070078299784,0.35224017933407076,62.788569936698536,70.25706634959886,,,
XGB_GLOBAL,Day 1,Raw,Zona Central,Verano,don_eugenio,0.35832007247591624,0.2312726889261588,47.325880024986525,41.789001969197535,,,
XGB_GLOBAL,Day 1,Invierno,Zona Central,Verano,don_eugenio,0.3832637248176238,0.23605543879966717,52.9179619371667,65.89656899565307,,,
XGB_GLOBAL,Day 1,Otoño,Zona Central,Verano,don_eugenio,0.42289554161228365,0.2975509510336754,47.57076318252504,40.86513949647982,,,
XGB_GLOBAL,Day 1,Primavera,Zona Central,Verano,don_eugenio,0.6131559204057425,0.39553945263226825,68.97588935622383,122.00239299218329,,,
XGB_GLOBAL,Day 1,Verano,Zona Central,Verano,don_eugenio,0.3546116130989005,0.22053616292153796,39.022520303792874,41.357135158066946,,,
XGB_GLOBAL,7-Day Rollout,Raw,Zona Central,Verano,don_eugenio,0.5701577579875462,0.37203874443918444,55.87141272612621,58.125313533984155,,,
XGB_GLOBAL,7-Day Rollout,Invierno,Zona Central,Verano,don_eugenio,0.5797898589034957,0.3704784181675764,90.20790597857487,262.53832379310273,,,
XGB_GLOBAL,7-Day Rollout,Otoño,Zona Central,Verano,don_eugenio,0.40630337501473773,0.2834635614808143,60.71716004786516,44.70563388920884,,,
XGB_GLOBAL,7-Day Rollout,Primavera,Zona Central,Verano,don_eugenio,0.6609626112491795,0.4248667593393683,70.4072788909662,111.936043400671,,,
XGB_GLOBAL,7-Day Rollout,Verano,Zona Central,Verano,don_eugenio,0.5705661914584665,0.37346007909492923,58.24340335048289,58.16664366429913,,,
XGB_GLOBAL,Day 1,Raw,Zona Central,Verano,el_pilpen,0.7559231695323724,0.4941924842150911,61.961709764983766,66.32615826913627,,,
XGB_GLOBAL,Day 1,Invierno,Zona Central,Verano,el_pilpen,0.41631352202056093,0.24815131458065784,52.428785757645755,70.96824457812572,,,
XGB_GLOBAL,Day 1,Otoño,Zona Central,Verano,el_pilpen,0.4446844968134673,0.2981517397420248,39.81370877804293,44.223822030343804,,,
XGB_GLOBAL,Day 1,Primavera,Zona Central,Verano,el_pilpen,0.5511311737255498,0.34707749456538295,74.8723972833142,90.07885153901927,,,
XGB_GLOBAL,Day 1,Verano,Zona Central,Verano,el_pilpen,0.7608156801312324,0.510609884702717,65.53937465881553,66.56401041502755,,,
XGB_GLOBAL,7-Day Rollout,Raw,Zona Central,Verano,el_pilpen,0.7085026825914919,0.48483921622537723,62.46201007056338,60.16890283574815,,,
XGB_GLOBAL,7-Day Rollout,Invierno,Zona Central,Verano,el_pilpen,0.5758855668391958,0.37961803988820886,87.8300654394103,237.732213546755,,,
XGB_GLOBAL,7-Day Rollout,Otoño,Zona Central,Verano,el_pilpen,0.4796715607443113,0.3355976683110168,65.29173805629719,51.46272048563731,,,
XGB_GLOBAL,7-Day Rollout,Primavera,Zona Central,Verano,el_pilpen,0.6950385290777037,0.4589136398763436,85.52049710153611,124.29478790484818,,,
XGB_GLOBAL,7-Day Rollout,Verano,Zona Central,Verano,el_pilpen,0.708948652850673,0.48704806386080907,65.86100620613927,60.105805532124194,,,
XGB_GLOBAL,Day 1,Raw,Zona Central,Verano,el_roble,1.988136885744363,1.3506850910683472,114.60570421306817,124.17353018027859,,,
XGB_GLOBAL,Day 1,Invierno,Zona Central,Verano,el_roble,1.4852502427029135,0.9667355236597359,102.69519233048385,85.41654276612924,,,
XGB_GLOBAL,Day 1,Otoño,Zona Central,Verano,el_roble,1.7859114629271904,1.2265994449662685,82.35718823062996,62.67297656898314,,,
XGB_GLOBAL,Day 1,Primavera,Zona Central,Verano,el_roble,1.8790950398411017,1.1194445047682773,100.42218867545213,109.51902222268937,,,
XGB_GLOBAL,Day 1,Verano,Zona Central,Verano,el_roble,1.9962717652036455,1.3656871694450576,105.00710518134662,124.3649585691216,,,
XGB_GLOBAL,7-Day Rollout,Raw,Zona Central,Verano,el_roble,2.293273917748193,1.5530293650850322,83.01083587307603,84.77540365360728,,,
XGB_GLOBAL,7-Day Rollout,Invierno,Zona Central,Verano,el_roble,1.265515058975277,0.8455052761582703,116.23146715830761,164.90203072498102,,,
XGB_GLOBAL,7-Day Rollout,Otoño,Zona Central,Verano,el_roble,1.557235915130376,1.097664497087608,91.55683418031542,64.06930659768118,,,
XGB_GLOBAL,7-Day Rollout,Primavera,Zona Central,Verano,el_roble,2.048041302381595,1.331146048296692,107.5858954083361,133.01248605155968,,,
XGB_GLOBAL,7-Day Rollout,Verano,Zona Central,Verano,el_roble,2.29663469320153,1.5633267338600403,83.54769943412201,84.82766371207369,,,
XGB_GLOBAL,Day 1,Raw,Zona Central,Verano,el_sauce,0.7002917826333498,0.41990950237959623,77.54138957159317,126.5224316738027,,,
XGB_GLOBAL,Day 1,Invierno,Zona Central,Verano,el_sauce,0.38614666971478767,0.24563233306010565,98.51664789609129,73.80468331229545,,,
XGB_GLOBAL,Day 1,Otoño,Zona Central,Verano,el_sauce,0.31416704918785404,0.22420754096795767,47.84055155337128,33.47388126699688,,,
XGB_GLOBAL,Day 1,Primavera,Zona Central,Verano,el_sauce,0.6098125205070665,0.4404329807293834,120.9108904769173,131.4238765246898,,,
XGB_GLOBAL,Day 1,Verano,Zona Central,Verano,el_sauce,0.6990827683277102,0.4114674978579084,69.20805623825984,126.30399782426827,,,
XGB_GLOBAL,7-Day Rollout,Raw,Zona Central,Verano,el_sauce,0.5883409494166358,0.3676728020107562,57.39750525900122,67.80691833390425,,,
XGB_GLOBAL,7-Day Rollout,Invierno,Zona Central,Verano,el_sauce,0.6104606308016739,0.3964330463496302,122.02466504965759,300.08306957680384,,,
XGB_GLOBAL,7-Day Rollout,Otoño,Zona Central,Verano,el_sauce,0.39798210089217495,0.26139807873075716,68.7379562968363,47.44996645616036,,,
XGB_GLOBAL,7-Day Rollout,Primavera,Zona Central,Verano,el_sauce,0.7855687155436374,0.5525883772095854,119.91852830529079,182.09610235582468,,,
XGB_GLOBAL,7-Day Rollout,Verano,Zona Central,Verano,el_sauce,0.5888723818384078,0.3693369089957005,60.96313770736172,67.86788935699994,,,
XGB_GLOBAL,Day 1,Raw,Zona Central,Verano,la_acacia,2.697260701408184,1.8699179887771606,158.33333333333331,0.0,,,
XGB_GLOBAL,Day 1,Invierno,Zona Central,Verano,la_acacia,0.9893554720427108,0.739471171375726,117.36857742066309,271.8681848092827,,,
XGB_GLOBAL,Day 1,Operational,Zona Central,Verano,la_acacia,1.1403589681427158,0.9155212808400393,74.85583784361286,40.877527312397305,,,
XGB_GLOBAL,Day 1,Otoño,Zona Central,Verano,la_acacia,0.8113769903124157,0.5901288031794442,63.74988231682717,36.99606799964931,,,
XGB_GLOBAL,Day 1,Primavera,Zona Central,Verano,la_acacia,1.768962764292599,1.223008825344247,124.84412786085738,570.9254796790902,,,
XGB_GLOBAL,Day 1,Verano,Zona Central,Verano,la_acacia,1.1403589681427158,0.9155212808400393,74.85583784361286,40.877527312397305,,,
XGB_GLOBAL,7-Day Rollout,Raw,Zona Central,Verano,la_acacia,2.860418535821577,2.0377447534175146,154.76190476190476,0.0,,,
XGB_GLOBAL,7-Day Rollout,Invierno,Zona Central,Verano,la_acacia,1.6344113428318698,1.4415795130041775,137.96847132399165,365.87676814621005,,,
XGB_GLOBAL,7-Day Rollout,Operational,Zona Central,Verano,la_acacia,1.1883014405349912,0.8864525543051839,78.08098789770477,46.413165337604,,,
XGB_GLOBAL,7-Day Rollout,Otoño,Zona Central,Verano,la_acacia,1.1859278162961844,0.7194132118288724,86.84418648796985,65.92626835679319,,,
XGB_GLOBAL,7-Day Rollout,Primavera,Zona Central,Verano,la_acacia,1.0987176938357681,0.7178534970882451,97.78024410837907,90.2613854651666,,,
XGB_GLOBAL,7-Day Rollout,Verano,Zona Central,Verano,la_acacia,1.1883014405349912,0.8864525543051839,78.08098789770477,46.413165337604,,,
XGB_GLOBAL,Day 1,Raw,Zona Central,Verano,la_blanquina,3.715251716269673,2.6160005415828587,163.5956303240981,43035.42009502535,,,
XGB_GLOBAL,Day 1,Invierno,Zona Central,Verano,la_blanquina,1.0900959681099385,0.7618450175893182,96.26489812147744,66.60636615397408,,,
XGB_GLOBAL,Day 1,Operational,Zona Central,Verano,la_blanquina,0.6994985408006548,0.4634863750155394,61.140790517937916,33.0280153934364,,,
XGB_GLOBAL,Day 1,Otoño,Zona Central,Verano,la_blanquina,0.6994985408006548,0.4634863750155394,61.140790517937916,33.0280153934364,,,
XGB_GLOBAL,Day 1,Primavera,Zona Central,Verano,la_blanquina,1.54528697620109,1.0490024500128736,99.30167272649255,71.70246842261106,,,
XGB_GLOBAL,Day 1,Verano,Zona Central,Verano,la_blanquina,1.691125860475512,1.3886186581415434,79.30422482484846,46.05823149895556,,,
XGB_GLOBAL,7-Day Rollout,Raw,Zona Central,Verano,la_blanquina,2.3048504250259145,1.4044316192261508,114.14395250962379,196.694538506466,,,
XGB_GLOBAL,7-Day Rollout,Invierno,Zona Central,Verano,la_blanquina,1.4727549863292109,1.0015706907983084,121.47251126974399,240.61031085479797,,,
XGB_GLOBAL,7-Day Rollout,Operational,Zona Central,Verano,la_blanquina,2.2532059684681323,1.3837413857133167,108.55751848025284,203.79209978501655,,,
XGB_GLOBAL,7-Day Rollout,Otoño,Zona Central,Verano,la_blanquina,2.2532059684681323,1.3837413857133167,108.55751848025284,203.79209978501655,,,
XGB_GLOBAL,7-Day Rollout,Primavera,Zona Central,Verano,la_blanquina,2.0876981365696974,1.4108983460464515,122.12639172969104,156.2031899340546,,,
XGB_GLOBAL,7-Day Rollout,Verano,Zona Central,Verano,la_blanquina,2.232612927454325,1.6573590253080641,107.98592193015149,78.53428555509649,,,
XGB_GLOBAL,Day 1,Raw,Zona Central,Verano,la_frontera,0.3773286644303221,0.2500817553106269,51.17674669462539,43.51922392606399,,,
XGB_GLOBAL,Day 1,Invierno,Zona Central,Verano,la_frontera,1.1629858833597824,0.668810776231112,87.9304275580933,109.11048504816827,,,
XGB_GLOBAL,Day 1,Otoño,Zona Central,Verano,la_frontera,1.2466577460528323,0.7647023891331628,61.217086160195755,83.63125077889235,,,
XGB_GLOBAL,Day 1,Primavera,Zona Central,Verano,la_frontera,0.951485532577685,0.6082594939119493,100.41782287741981,92.89218270593867,,,
XGB_GLOBAL,Day 1,Verano,Zona Central,Verano,la_frontera,0.38890961459678774,0.2593653728080323,42.89024747679726,45.05994246002036,,,
XGB_GLOBAL,7-Day Rollout,Raw,Zona Central,Verano,la_frontera,0.7568098919496422,0.43171384086779485,55.72119966215442,71.44168864967881,,,
XGB_GLOBAL,7-Day Rollout,Invierno,Zona Central,Verano,la_frontera,0.8454074194256144,0.5212193324791011,110.48002785407114,207.3115284509169,,,
XGB_GLOBAL,7-Day Rollout,Otoño,Zona Central,Verano,la_frontera,1.2038178520712568,0.7417488211632146,71.68713279060559,83.81617063058842,,,
XGB_GLOBAL,7-Day Rollout,Primavera,Zona Central,Verano,la_frontera,1.0540637200030667,0.6648772777833594,101.02192176031481,143.4797293294964,,,
XGB_GLOBAL,7-Day Rollout,Verano,Zona Central,Verano,la_frontera,0.757421546080062,0.43448945373120473,56.210731426787405,71.47584168138572,,,
XGB_GLOBAL,Day 1,Raw,Zona Central,Verano,la_manga_i,0.31272084001239053,0.224507176016535,67.09736966462513,47.8766411994635,,,
XGB_GLOBAL,Day 1,Invierno,Zona Central,Verano,la_manga_i,0.3386159783633222,0.2121131263265852,51.14041324741946,63.540242779407855,,,
XGB_GLOBAL,Day 1,Otoño,Zona Central,Verano,la_manga_i,0.36838653933958243,0.23291728485492058,55.96034210331111,55.267182856421,,,
XGB_GLOBAL,Day 1,Primavera,Zona Central,Verano,la_manga_i,0.48509464867457713,0.31885040278010973,77.00526661072188,88.73124687096168,,,
XGB_GLOBAL,Day 1,Verano,Zona Central,Verano,la_manga_i,0.31870543379742833,0.22386797295863894,69.11162847240874,48.87246095041389,,,
XGB_GLOBAL,7-Day Rollout,Raw,Zona Central,Verano,la_manga_i,0.3878327898635327,0.27004310737987314,74.31121292437258,59.16975048493147,,,
XGB_GLOBAL,7-Day Rollout,Invierno,Zona Central,Verano,la_manga_i,0.5394279356363332,0.338449926097794,82.22597225824258,243.82656383744128,,,
XGB_GLOBAL,7-Day Rollout,Otoño,Zona Central,Verano,la_manga_i,0.3761818787706628,0.25388736056941397,66.72295977262517,59.462961058090805,,,
XGB_GLOBAL,7-Day Rollout,Primavera,Zona Central,Verano,la_manga_i,0.675822625047003,0.4255918432100457,86.69855007888569,181.39457157979595,,,
XGB_GLOBAL,7-Day Rollout,Verano,Zona Central,Verano,la_manga_i,0.3893834029863672,0.273677934905278,79.27005335427906,59.41258145753305,,,
XGB_GLOBAL,Day 1,Raw,Zona Central,Verano,los_libertadores,1.0682953919814928,0.8482800669347247,96.49774978951221,44.19701537470122,,,
XGB_GLOBAL,Day 1,Invierno,Zona Central,Verano,los_libertadores,1.7010099570951778,1.1616161068280537,125.0,0.0,,,
XGB_GLOBAL,Day 1,Operational,Zona Central,Verano,los_libertadores,1.1380493508639944,0.8902715047200521,101.01597180238933,45.12057435938671,,,
XGB_GLOBAL,Day 1,Otoño,Zona Central,Verano,los_libertadores,0.9878651565478676,0.7010275156547626,73.9037876716417,44.28110052723622,,,
XGB_GLOBAL,Day 1,Primavera,Zona Central,Verano,los_libertadores,1.731941763883629,1.1379785384051502,107.9905088202495,98.5729893704001,,,
XGB_GLOBAL,Day 1,Verano,Zona Central,Verano,los_libertadores,1.1380493508639944,0.8902715047200521,101.01597180238933,45.12057435938671,,,
XGB_GLOBAL,7-Day Rollout,Raw,Zona Central,Verano,los_libertadores,1.096259160380197,0.845283244115611,92.36364409017567,44.49213355687978,,,
XGB_GLOBAL,7-Day Rollout,Invierno,Zona Central,Verano,los_libertadores,1.5211758025496593,1.0305169536236327,110.04310619596902,511.3520495219414,,,
XGB_GLOBAL,7-Day Rollout,Operational,Zona Central,Verano,los_libertadores,1.1200654032645723,0.8605719632469118,90.36934923551301,44.731767610841395,,,
XGB_GLOBAL,7-Day Rollout,Otoño,Zona Central,Verano,los_libertadores,0.9446476688994382,0.684329313389645,79.71497012722662,44.66503196293646,,,
XGB_GLOBAL,7-Day Rollout,Primavera,Zona Central,Verano,los_libertadores,1.6244924749370577,1.0988266333716077,105.88910364284483,101.67537395303026,,,
XGB_GLOBAL,7-Day Rollout,Verano,Zona Central,Verano,los_libertadores,1.1200654032645723,0.8605719632469118,90.36934923551301,44.731767610841395,,,
XGB_GLOBAL,Day 1,Raw,Zona Central,Verano,los_patos,1.3133023942909026,1.0033780833085377,183.33333333333331,0.0,,,
XGB_GLOBAL,Day 1,Invierno,Zona Central,Verano,los_patos,0.49544160060346076,0.30479937124376494,66.74924164950431,123.82812706616497,,,
XGB_GLOBAL,Day 1,Operational,Zona Central,Verano,los_patos,0.7660689677260752,0.5593814260015885,66.29191756178966,57.013550115996516,,,
XGB_GLOBAL,Day 1,Otoño,Zona Central,Verano,los_patos,0.4733621886699893,0.34133618893489864,66.55665409173945,44.18326492568339,,,
XGB_GLOBAL,Day 1,Primavera,Zona Central,Verano,los_patos,0.39664889946696763,0.2569265104830265,59.414391886341846,76.48529828211346,,,
XGB_GLOBAL,Day 1,Verano,Zona Central,Verano,los_patos,0.7660689677260752,0.5593814260015885,66.29191756178966,57.013550115996516,,,
XGB_GLOBAL,7-Day Rollout,Raw,Zona Central,Verano,los_patos,1.2732888800159923,0.9444338352907271,177.38095238095238,0.0,,,
XGB_GLOBAL,7-Day Rollout,Invierno,Zona Central,Verano,los_patos,0.682535281221237,0.45333708343830603,96.35748505482722,635.3775521406949,,,
XGB_GLOBAL,7-Day Rollout,Operational,Zona Central,Verano,los_patos,0.6828797378180513,0.4871835791328478,76.22810011888012,54.73805696455969,,,
XGB_GLOBAL,7-Day Rollout,Otoño,Zona Central,Verano,los_patos,0.4838976550993039,0.3440985759206385,72.42641456544638,46.173284123696035,,,
XGB_GLOBAL,7-Day Rollout,Primavera,Zona Central,Verano,los_patos,0.7449490009709726,0.48957512507639056,84.79132151444642,170.41720548440216,,,
XGB_GLOBAL,7-Day Rollout,Verano,Zona Central,Verano,los_patos,0.6828797378180513,0.4871835791328478,76.22810011888012,54.73805696455969,,,
XGB_GLOBAL,Day 1,Raw,Zona Central,Verano,peralillo,0.4083970080894284,0.28050662446097857,76.88085809350206,89.91468805259125,,,
XGB_GLOBAL,Day 1,Invierno,Zona Central,Verano,peralillo,0.3872961429674198,0.2679443977400903,58.005216497372345,77.48972190411078,,,
XGB_GLOBAL,Day 1,Otoño,Zona Central,Verano,peralillo,0.5138096358272067,0.36018454446457326,49.47304835466858,47.37356007224428,,,
XGB_GLOBAL,Day 1,Primavera,Zona Central,Verano,peralillo,0.38708458349923086,0.24222314062838754,55.07577563800251,63.51133877443825,,,
XGB_GLOBAL,Day 1,Verano,Zona Central,Verano,peralillo,0.4040076977712898,0.2683178582656562,68.57186340747846,88.95173347443388,,,
XGB_GLOBAL,7-Day Rollout,Raw,Zona Central,Verano,peralillo,0.5657440431937435,0.3899691326980254,66.46453781669676,57.528176911272254,,,
XGB_GLOBAL,7-Day Rollout,Invierno,Zona Central,Verano,peralillo,0.6262140958318275,0.4243120222019077,93.27079280952339,354.1509058830222,,,
XGB_GLOBAL,7-Day Rollout,Otoño,Zona Central,Verano,peralillo,0.4853257542053243,0.3417439191945873,62.56070792370484,47.92955804350883,,,
XGB_GLOBAL,7-Day Rollout,Primavera,Zona Central,Verano,peralillo,0.7312413507100222,0.48283281139793827,84.07685014396323,158.29732428182734,,,
XGB_GLOBAL,7-Day Rollout,Verano,Zona Central,Verano,peralillo,0.5661309114157136,0.391947408773732,70.02428295867777,57.56693214501824,,,
XGB_GLOBAL,Day 1,Raw,Zona Central,Verano,pfv_marchigue_ii,2.1348137208690567,1.5493510911862056,78.13718455209559,57.3938709318922,,,
XGB_GLOBAL,Day 1,Invierno,Zona Central,Verano,pfv_marchigue_ii,1.6344645462091563,1.0978504593173664,100.26220421423369,80.472355147614,,,
XGB_GLOBAL,Day 1,Otoño,Zona Central,Verano,pfv_marchigue_ii,2.319918161528994,1.6178631797471705,82.54987994422201,63.61544786879928,,,
XGB_GLOBAL,Day 1,Primavera,Zona Central,Verano,pfv_marchigue_ii,2.3828843671449844,1.5494244180930157,107.39593674983279,93.67374252819664,,,
XGB_GLOBAL,Day 1,Verano,Zona Central,Verano,pfv_marchigue_ii,2.1318006332340746,1.5610566288232803,86.4705178854289,57.31286491195794,,,
XGB_GLOBAL,7-Day Rollout,Raw,Zona Central,Verano,pfv_marchigue_ii,2.5910952041618818,1.7998262191346537,106.78846204388994,104.84949473115093,,,
XGB_GLOBAL,7-Day Rollout,Invierno,Zona Central,Verano,pfv_marchigue_ii,1.4801667096569018,0.9967929969453031,114.39381666535593,164.94821479743237,,,
XGB_GLOBAL,7-Day Rollout,Otoño,Zona Central,Verano,pfv_marchigue_ii,2.038124312526426,1.433799614842255,86.12622641597036,61.38432567145534,,,
XGB_GLOBAL,7-Day Rollout,Primavera,Zona Central,Verano,pfv_marchigue_ii,2.258215460316557,1.5171937915238427,117.10784241046863,134.84784859993948,,,
XGB_GLOBAL,7-Day Rollout,Verano,Zona Central,Verano,pfv_marchigue_ii,2.5907638999389633,1.805468074079337,111.55036680579471,104.83608839999046,,,
XGB_LOCAL,Day 1,Raw,Zona Central,Verano,alto_solar,0.17586230265018737,0.10439061435560386,200.0,0.0,,,
XGB_LOCAL,Day 1,Invierno,Zona Central,Verano,alto_solar,0.7457084704186822,0.38463940674167435,140.81506085713548,107.91470596647135,,,
XGB_LOCAL,Day 1,Operational,Zona Central,Verano,alto_solar,0.3487997136019372,0.17508428230454834,100.30843809424219,38.803666448126165,,,
XGB_LOCAL,Day 1,Otoño,Zona Central,Verano,alto_solar,0.25188339660030523,0.1462590660181983,102.7403273502846,28.96192304897352,,,
XGB_LOCAL,Day 1,Primavera,Zona Central,Verano,alto_solar,0.320665188597594,0.16422919765197244,115.5656229159151,47.624900343842114,,,
XGB_LOCAL,Day 1,Verano,Zona Central,Verano,alto_solar,0.3487997136019372,0.17508428230454834,100.30843809424219,38.803666448126165,,,
XGB_LOCAL,7-Day Rollout,Raw,Zona Central,Verano,alto_solar,0.17434174401608055,0.10334910807155427,185.71428571428572,0.0,,,
XGB_LOCAL,7-Day Rollout,Invierno,Zona Central,Verano,alto_solar,0.46245975016388496,0.21234419541464636,152.00822701530421,158.33258667583326,,,
XGB_LOCAL,7-Day Rollout,Operational,Zona Central,Verano,alto_solar,0.38608374019786473,0.17833520555480695,104.31983754712294,48.582865769163014,,,
XGB_LOCAL,7-Day Rollout,Otoño,Zona Central,Verano,alto_solar,0.4506549484491436,0.21278388741415083,107.22092490418372,56.79387150907799,,,
XGB_LOCAL,7-Day Rollout,Primavera,Zona Central,Verano,alto_solar,0.6561034315662408,0.33742681736804936,148.6342172221512,141.79051597020387,,,
XGB_LOCAL,7-Day Rollout,Verano,Zona Central,Verano,alto_solar,0.38608374019786473,0.17833520555480695,104.31983754712294,48.582865769163014,,,
XGB_LOCAL,Day 1,Raw,Zona Central,Verano,chancon,0.30818596261676756,0.17722070310022295,97.17424772928611,34.12057356308825,,,
XGB_LOCAL,Day 1,Invierno,Zona Central,Verano,chancon,0.2701640051655464,0.1479336452515175,131.2868148865823,57.39048813056693,,,
XGB_LOCAL,Day 1,Otoño,Zona Central,Verano,chancon,0.19853434313196056,0.11528655227448326,99.43912439587105,25.822690610177396,,,
XGB_LOCAL,Day 1,Primavera,Zona Central,Verano,chancon,0.31995441120685625,0.1999118080517898,129.14326208648387,74.55622581032625,,,
XGB_LOCAL,Day 1,Verano,Zona Central,Verano,chancon,0.30818761919324705,0.17727656631420055,98.16061271865793,34.12206030677085,,,
XGB_LOCAL,7-Day Rollout,Raw,Zona Central,Verano,chancon,0.40285661116604665,0.2108184896805185,100.06778425001055,43.87544507447437,,,
XGB_LOCAL,7-Day Rollout,Invierno,Zona Central,Verano,chancon,0.31751044486645347,0.15994672869902343,155.03171059961437,174.7033217250642,,,
XGB_LOCAL,7-Day Rollout,Otoño,Zona Central,Verano,chancon,0.29472424360488264,0.16283599070532415,107.04817036917018,36.74155493075024,,,
XGB_LOCAL,7-Day Rollout,Primavera,Zona Central,Verano,chancon,0.6218966339931583,0.36498748597990643,157.6931185606531,180.75302157832775,,,
XGB_LOCAL,7-Day Rollout,Verano,Zona Central,Verano,chancon,0.40285656897042155,0.2108192017046912,100.00868940420256,43.87533265209294,,,
XGB_LOCAL,Day 1,Raw,Zona Central,Verano,chimbarongo,0.6499215696183706,0.4191992074872057,122.44720666977902,216.03676040902556,,,
XGB_LOCAL,Day 1,Invierno,Zona Central,Verano,chimbarongo,0.28179170069957904,0.1346954002729035,61.598626053051674,96.74583563217683,,,
XGB_LOCAL,Day 1,Otoño,Zona Central,Verano,chimbarongo,0.40563312180999317,0.24502878519706428,60.806829120205904,44.71256125030741,,,
XGB_LOCAL,Day 1,Primavera,Zona Central,Verano,chimbarongo,0.24026377093491075,0.15313198370089745,137.84470187989,128.00521548043292,,,
XGB_LOCAL,Day 1,Verano,Zona Central,Verano,chimbarongo,0.6507506140492214,0.4208296244032681,106.96462636948083,217.23855773312607,,,
XGB_LOCAL,7-Day Rollout,Raw,Zona Central,Verano,chimbarongo,0.49105860168254767,0.3059278773491228,90.42590505143883,63.76813311995304,,,
XGB_LOCAL,7-Day Rollout,Invierno,Zona Central,Verano,chimbarongo,0.22710626883821927,0.1055637471650005,89.54007260339534,217.2174107758152,,,
XGB_LOCAL,7-Day Rollout,Otoño,Zona Central,Verano,chimbarongo,0.25054603844810647,0.13186639580112028,65.80234759998444,29.615054799949302,,,
XGB_LOCAL,7-Day Rollout,Primavera,Zona Central,Verano,chimbarongo,0.5791522196830425,0.3466749713200624,159.69108426458106,201.92796785079352,,,
XGB_LOCAL,7-Day Rollout,Verano,Zona Central,Verano,chimbarongo,0.4910569761763473,0.3059665782813162,92.07197509733572,63.80649638673233,,,
XGB_LOCAL,Day 1,Raw,Zona Central,Verano,don_eugenio,0.3945326137552933,0.2520743566710735,111.50064571925039,46.0122818663494,,,
XGB_LOCAL,Day 1,Invierno,Zona Central,Verano,don_eugenio,0.36944921776910994,0.21227692820927282,133.305128154595,63.521367384030405,,,
XGB_LOCAL,Day 1,Otoño,Zona Central,Verano,don_eugenio,0.31187903712483245,0.16439008423670506,100.94221877527865,30.137419537562437,,,
XGB_LOCAL,Day 1,Primavera,Zona Central,Verano,don_eugenio,0.46699515577481626,0.26085702950755757,134.55619172210325,92.92012785684813,,,
XGB_LOCAL,Day 1,Verano,Zona Central,Verano,don_eugenio,0.39452863693473655,0.25189804021889967,111.853361542185,46.01252062460561,,,
XGB_LOCAL,7-Day Rollout,Raw,Zona Central,Verano,don_eugenio,0.4309275060630722,0.27753191489875784,105.15616306277113,43.93134364906957,,,
XGB_LOCAL,7-Day Rollout,Invierno,Zona Central,Verano,don_eugenio,0.37603675504530304,0.18848180875065304,139.11021483937094,170.27558836730836,,,
XGB_LOCAL,7-Day Rollout,Otoño,Zona Central,Verano,don_eugenio,0.3147161234884252,0.15499380518780353,103.14662807376203,34.62827202750711,,,
XGB_LOCAL,7-Day Rollout,Primavera,Zona Central,Verano,don_eugenio,0.6332021384562355,0.34435961791227565,136.05267156167443,107.23472227525765,,,
XGB_LOCAL,7-Day Rollout,Verano,Zona Central,Verano,don_eugenio,0.4309255840753699,0.27741163218371545,103.80596923296703,43.93091506293117,,,
XGB_LOCAL,Day 1,Raw,Zona Central,Verano,el_pilpen,0.386691778782053,0.25980145553270023,109.93762846285777,33.929083211906914,,,
XGB_LOCAL,Day 1,Invierno,Zona Central,Verano,el_pilpen,0.34940033077691524,0.20059823972405866,131.82123767825104,59.5616688353195,,,
XGB_LOCAL,Day 1,Otoño,Zona Central,Verano,el_pilpen,0.22235885982213896,0.11915828615989692,96.21702456218708,22.113563018522193,,,
XGB_LOCAL,Day 1,Primavera,Zona Central,Verano,el_pilpen,0.3786767335589611,0.20083671753976282,117.77710330666602,61.8922806216089,,,
XGB_LOCAL,Day 1,Verano,Zona Central,Verano,el_pilpen,0.386808411153997,0.26028895094350446,103.79290761953122,33.841993246292915,,,
XGB_LOCAL,7-Day Rollout,Raw,Zona Central,Verano,el_pilpen,0.40576697114320287,0.24852041802902866,100.87981301843638,34.459366295368184,,,
XGB_LOCAL,7-Day Rollout,Invierno,Zona Central,Verano,el_pilpen,0.41321926366631057,0.21579984889212073,151.9380678110822,170.58168477936945,,,
XGB_LOCAL,7-Day Rollout,Otoño,Zona Central,Verano,el_pilpen,0.2876672034546891,0.13065568304158487,101.93950490123811,30.863069849923765,,,
XGB_LOCAL,7-Day Rollout,Primavera,Zona Central,Verano,el_pilpen,0.6482510893004764,0.3399158746591898,142.18742917124115,115.92771951881463,,,
XGB_LOCAL,7-Day Rollout,Verano,Zona Central,Verano,el_pilpen,0.40628379217170446,0.24973149455460705,100.16815695380525,34.44539249060405,,,
XGB_LOCAL,Day 1,Raw,Zona Central,Verano,el_roble,2.486720007895824,1.303513756642739,144.41462773077916,155.31365277936834,,,
XGB_LOCAL,Day 1,Invierno,Zona Central,Verano,el_roble,1.4262330793280364,0.7961467074540755,48.265788091993784,82.02247359555503,,,
XGB_LOCAL,Day 1,Otoño,Zona Central,Verano,el_roble,0.705343210417756,0.4173538928941222,108.60900663610131,24.752603596119926,,,
XGB_LOCAL,Day 1,Primavera,Zona Central,Verano,el_roble,1.287752968744306,0.7576077435320864,132.46528509253216,75.05391851450355,,,
XGB_LOCAL,Day 1,Verano,Zona Central,Verano,el_roble,2.4865657682513125,1.2980070837462943,136.32337630685763,154.9095940433861,,,
XGB_LOCAL,7-Day Rollout,Raw,Zona Central,Verano,el_roble,1.7358288665512034,0.9735213499973595,115.36566624069542,64.16834539327802,,,
XGB_LOCAL,7-Day Rollout,Invierno,Zona Central,Verano,el_roble,1.1537324708331373,0.5936773952689908,66.40618066857259,150.33628087190627,,,
XGB_LOCAL,7-Day Rollout,Otoño,Zona Central,Verano,el_roble,1.0197465945930733,0.48222523978485504,115.46155648441439,41.95540096790981,,,
XGB_LOCAL,7-Day Rollout,Primavera,Zona Central,Verano,el_roble,1.9218727841612104,1.0707257351030075,145.8788694350852,124.81832109481803,,,
XGB_LOCAL,7-Day Rollout,Verano,Zona Central,Verano,el_roble,1.735877420738881,0.9738781910380654,114.60525927546972,64.11573705113337,,,
XGB_LOCAL,Day 1,Raw,Zona Central,Verano,el_sauce,0.9024046314752657,0.4916379628702998,140.56687887690615,163.03836652004594,,,
XGB_LOCAL,Day 1,Invierno,Zona Central,Verano,el_sauce,0.38001991943330116,0.20407671729723612,137.10153202713008,72.63367006856446,,,
XGB_LOCAL,Day 1,Otoño,Zona Central,Verano,el_sauce,0.24083946172413995,0.13299164237469085,105.71203288058541,25.660971024815478,,,
XGB_LOCAL,Day 1,Primavera,Zona Central,Verano,el_sauce,0.48183085475757015,0.27191651868148864,135.30278561021234,103.84188030247381,,,
XGB_LOCAL,Day 1,Verano,Zona Central,Verano,el_sauce,0.9024029130347777,0.49144295137375593,140.56687887690612,163.03805604764767,,,
XGB_LOCAL,7-Day Rollout,Raw,Zona Central,Verano,el_sauce,0.5928277532394455,0.291150044977604,111.89808294410457,68.32402723257121,,,
XGB_LOCAL,7-Day Rollout,Invierno,Zona Central,Verano,el_sauce,0.39480372302934275,0.20399075983393308,158.36645160286312,194.07297884453612,,,
XGB_LOCAL,7-Day Rollout,Otoño,Zona Central,Verano,el_sauce,0.357370179425013,0.15895664914455665,108.91857191090284,42.60795394600693,,,
XGB_LOCAL,7-Day Rollout,Primavera,Zona Central,Verano,el_sauce,0.7598199064313894,0.42185695474437945,154.8932052657095,176.1274866423034,,,
XGB_LOCAL,7-Day Rollout,Verano,Zona Central,Verano,el_sauce,0.5928272894871185,0.29115022266757606,111.80953090939443,68.3236947963413,,,
XGB_LOCAL,Day 1,Raw,Zona Central,Verano,la_acacia,0.4108324304944953,0.23798257857561111,200.0,0.0,,,
XGB_LOCAL,Day 1,Invierno,Zona Central,Verano,la_acacia,0.423762985848116,0.21721604126355487,85.97729977900073,116.44719921952938,,,
XGB_LOCAL,Day 1,Operational,Zona Central,Verano,la_acacia,0.3304719310583525,0.1936806607991457,72.43914337310677,11.846160520682508,,,
XGB_LOCAL,Day 1,Otoño,Zona Central,Verano,la_acacia,0.38945441599330993,0.24119408287030333,83.52063957202166,17.757814467112734,,,
XGB_LOCAL,Day 1,Primavera,Zona Central,Verano,la_acacia,1.3369413315601617,0.8520467221363409,161.6097530302029,431.4923334912733,,,
XGB_LOCAL,Day 1,Verano,Zona Central,Verano,la_acacia,0.3304719310583525,0.1936806607991457,72.43914337310677,11.846160520682508,,,
XGB_LOCAL,7-Day Rollout,Raw,Zona Central,Verano,la_acacia,0.4238004780269904,0.25537205877758207,198.80952380952382,0.0,,,
XGB_LOCAL,7-Day Rollout,Invierno,Zona Central,Verano,la_acacia,0.5660328908263494,0.4175959250941554,109.32378393790655,126.71123806640472,,,
XGB_LOCAL,7-Day Rollout,Operational,Zona Central,Verano,la_acacia,0.6691342848702917,0.34864300460737596,79.59779915266158,26.135321507951804,,,
XGB_LOCAL,7-Day Rollout,Otoño,Zona Central,Verano,la_acacia,1.144202927558904,0.40568097000695635,94.36755784973548,63.60676275598664,,,
XGB_LOCAL,7-Day Rollout,Primavera,Zona Central,Verano,la_acacia,0.8712184251395996,0.5027807751357614,128.28338281229892,71.57196296834661,,,
XGB_LOCAL,7-Day Rollout,Verano,Zona Central,Verano,la_acacia,0.6691342848702917,0.34864300460737596,79.59779915266158,26.135321507951804,,,
XGB_LOCAL,Day 1,Raw,Zona Central,Verano,la_blanquina,1.441589877787747,0.8192524013769192,186.04338252734954,16698.57945927365,,,
XGB_LOCAL,Day 1,Invierno,Zona Central,Verano,la_blanquina,1.0186980391845568,0.5754709691973403,130.45513610010823,62.24385428734933,,,
XGB_LOCAL,Day 1,Operational,Zona Central,Verano,la_blanquina,0.6113137918004123,0.36520341197804856,97.4679254572209,28.864222222241832,,,
XGB_LOCAL,Day 1,Otoño,Zona Central,Verano,la_blanquina,0.6113137918004123,0.36520341197804856,97.4679254572209,28.864222222241832,,,
XGB_LOCAL,Day 1,Primavera,Zona Central,Verano,la_blanquina,1.3364040557265742,0.8020048949159294,129.06049087182916,62.01014509366733,,,
XGB_LOCAL,Day 1,Verano,Zona Central,Verano,la_blanquina,0.43548218464810534,0.3027797839604318,80.81744963107232,11.86046511556127,,,
XGB_LOCAL,7-Day Rollout,Raw,Zona Central,Verano,la_blanquina,1.7887601338500196,0.9744516556654291,140.9895952526249,152.65170581402828,,,
XGB_LOCAL,7-Day Rollout,Invierno,Zona Central,Verano,la_blanquina,1.073735611555538,0.5497760143599797,151.45048304722636,175.42080092777508,,,
XGB_LOCAL,7-Day Rollout,Operational,Zona Central,Verano,la_blanquina,2.0348029002216896,1.1560701988079625,141.08785685026993,184.0385484007671,,,
XGB_LOCAL,7-Day Rollout,Otoño,Zona Central,Verano,la_blanquina,2.0348029002216896,1.1560701988079625,141.08785685026993,184.0385484007671,,,
XGB_LOCAL,7-Day Rollout,Primavera,Zona Central,Verano,la_blanquina,2.0873774388670645,1.1941338795641925,150.66660631493158,156.17919508380385,,,
XGB_LOCAL,7-Day Rollout,Verano,Zona Central,Verano,la_blanquina,1.8702761928324367,0.823344409288395,99.78240544944956,65.78874590781756,,,
XGB_LOCAL,Day 1,Raw,Zona Central,Verano,la_frontera,0.7841101788206409,0.45819689404500724,106.76686053561082,90.43539405181579,,,
XGB_LOCAL,Day 1,Invierno,Zona Central,Verano,la_frontera,0.8080614380197662,0.41988184189540334,131.68108788902683,75.811733153928,,,
XGB_LOCAL,Day 1,Otoño,Zona Central,Verano,la_frontera,0.3409740516378847,0.212378158660916,99.39842984351725,22.874029790381968,,,
XGB_LOCAL,Day 1,Primavera,Zona Central,Verano,la_frontera,0.45318439130766003,0.24678905288844058,118.50274024662613,44.24374920634296,,,
XGB_LOCAL,Day 1,Verano,Zona Central,Verano,la_frontera,0.7844161943118821,0.4619091461859674,115.16231046486591,90.8842241327646,,,
XGB_LOCAL,7-Day Rollout,Raw,Zona Central,Verano,la_frontera,0.5696900460549141,0.3279263149561212,105.82275931389698,53.77786327848961,,,
XGB_LOCAL,7-Day Rollout,Invierno,Zona Central,Verano,la_frontera,0.753614868179783,0.3736422483944222,153.09921976119168,184.80208074331156,,,
XGB_LOCAL,7-Day Rollout,Otoño,Zona Central,Verano,la_frontera,0.2782377188754624,0.1481630032216171,99.6414745334607,19.37238269145641,,,
XGB_LOCAL,7-Day Rollout,Primavera,Zona Central,Verano,la_frontera,1.0921215221185019,0.5919168954115732,147.89096857690666,148.66017814181515,,,
XGB_LOCAL,7-Day Rollout,Verano,Zona Central,Verano,la_frontera,0.5697431208910444,0.328413127731818,104.87226613330411,53.76513160818157,,,
XGB_LOCAL,Day 1,Raw,Zona Central,Verano,la_manga_i,0.18268030937481447,0.11114220322148564,92.73818891605409,27.967818280989665,,,
XGB_LOCAL,Day 1,Invierno,Zona Central,Verano,la_manga_i,0.4029505254212211,0.21371653473276334,133.80712877701916,75.61242188601825,,,
XGB_LOCAL,Day 1,Otoño,Zona Central,Verano,la_manga_i,0.2166982658578785,0.12947303827968426,103.11190624152593,32.51015280120435,,,
XGB_LOCAL,Day 1,Primavera,Zona Central,Verano,la_manga_i,0.35164080321238045,0.19200786550614643,120.43051678210396,64.32049292853021,,,
XGB_LOCAL,Day 1,Verano,Zona Central,Verano,la_manga_i,0.18269100509235514,0.11121020679032274,94.56962521391881,28.01508247281109,,,
XGB_LOCAL,7-Day Rollout,Raw,Zona Central,Verano,la_manga_i,0.1759596266964723,0.10528279300825893,91.75652829250693,26.8452990029942,,,
XGB_LOCAL,7-Day Rollout,Invierno,Zona Central,Verano,la_manga_i,0.3350372299963676,0.1674718664212378,151.47775571508765,151.4400184915572,,,
XGB_LOCAL,7-Day Rollout,Otoño,Zona Central,Verano,la_manga_i,0.18660903957832423,0.10224671024098782,100.61269852063339,29.497237054043303,,,
XGB_LOCAL,7-Day Rollout,Primavera,Zona Central,Verano,la_manga_i,0.5512195312794411,0.30440136762182474,148.52664188090193,147.9504044658109,,,
XGB_LOCAL,7-Day Rollout,Verano,Zona Central,Verano,la_manga_i,0.17595438490865214,0.10523354241219461,91.91761992475979,26.847328740823155,,,
XGB_LOCAL,Day 1,Raw,Zona Central,Verano,los_libertadores,0.4029498742918671,0.24542933609336615,88.86955780924399,16.670653007571996,,,
XGB_LOCAL,Day 1,Invierno,Zona Central,Verano,los_libertadores,0.6537161634832009,0.3352381959557533,200.0,0.0,,,
XGB_LOCAL,Day 1,Operational,Zona Central,Verano,los_libertadores,0.3187427992424808,0.1931109968572855,88.83112521085422,12.63728867629587,,,
XGB_LOCAL,Day 1,Otoño,Zona Central,Verano,los_libertadores,0.5694681118436496,0.2990944466243188,97.99820583175703,25.526433987938884,,,
XGB_LOCAL,Day 1,Primavera,Zona Central,Verano,los_libertadores,1.2521580267779362,0.7168188537470996,126.10791481021266,71.26622986841721,,,
XGB_LOCAL,Day 1,Verano,Zona Central,Verano,los_libertadores,0.3187427992424808,0.1931109968572855,88.83112521085422,12.63728867629587,,,
XGB_LOCAL,7-Day Rollout,Raw,Zona Central,Verano,los_libertadores,0.33851977850012394,0.20855584248368228,90.29582859775279,13.73896587687291,,,
XGB_LOCAL,7-Day Rollout,Invierno,Zona Central,Verano,los_libertadores,1.0108707881026444,0.46777508928405115,176.9597804775821,339.8100656293293,,,
XGB_LOCAL,7-Day Rollout,Operational,Zona Central,Verano,los_libertadores,0.3489264478944192,0.2104450423669602,89.77058761304191,13.93498695254558,,,
XGB_LOCAL,7-Day Rollout,Otoño,Zona Central,Verano,los_libertadores,0.659209334614039,0.32536509760296084,104.79987793535872,31.168875941974644,,,
XGB_LOCAL,7-Day Rollout,Primavera,Zona Central,Verano,los_libertadores,1.4054814593312983,0.7668230109670863,131.71114321839715,87.96769155061634,,,
XGB_LOCAL,7-Day Rollout,Verano,Zona Central,Verano,los_libertadores,0.3489264478944192,0.2104450423669602,89.77058761304191,13.93498695254558,,,
XGB_LOCAL,Day 1,Raw,Zona Central,Verano,los_patos,0.8717482014320614,0.5495186274250349,200.0,0.0,,,
XGB_LOCAL,Day 1,Invierno,Zona Central,Verano,los_patos,0.35837218262740117,0.180586912514021,141.911507476182,89.56970127924848,,,
XGB_LOCAL,Day 1,Operational,Zona Central,Verano,los_patos,0.26347720336738306,0.17207209082941213,86.84935268560095,19.608901249711323,,,
XGB_LOCAL,Day 1,Otoño,Zona Central,Verano,los_patos,0.23543363765119132,0.1454938953005088,96.7561333732054,21.975195809338256,,,
XGB_LOCAL,Day 1,Primavera,Zona Central,Verano,los_patos,0.3799690015600452,0.18991609662771225,129.04696888673047,73.2689349733016,,,
XGB_LOCAL,Day 1,Verano,Zona Central,Verano,los_patos,0.26347720336738306,0.17207209082941213,86.84935268560095,19.608901249711323,,,
XGB_LOCAL,7-Day Rollout,Raw,Zona Central,Verano,los_patos,0.8566415893629068,0.5394338245193163,198.80952380952382,0.0,,,
XGB_LOCAL,7-Day Rollout,Invierno,Zona Central,Verano,los_patos,0.3068830842564506,0.15308187141601506,156.62923474913052,285.6799175558622,,,
XGB_LOCAL,7-Day Rollout,Operational,Zona Central,Verano,los_patos,0.2907066780883728,0.17142560454972444,92.16428497922932,23.302373498478442,,,
XGB_LOCAL,7-Day Rollout,Otoño,Zona Central,Verano,los_patos,0.19651575971154683,0.10786589445810282,98.61440951697583,18.75144033521539,,,
XGB_LOCAL,7-Day Rollout,Primavera,Zona Central,Verano,los_patos,0.700298034851231,0.4021170211812032,151.43743485378127,160.20269031841488,,,
XGB_LOCAL,7-Day Rollout,Verano,Zona Central,Verano,los_patos,0.2907066780883728,0.17142560454972444,92.16428497922932,23.302373498478442,,,
XGB_LOCAL,Day 1,Raw,Zona Central,Verano,peralillo,0.7948055357375202,0.5242430739365697,126.05534012367568,174.98828442117988,,,
XGB_LOCAL,Day 1,Invierno,Zona Central,Verano,peralillo,0.5963053824669113,0.3018822145586455,152.5496511932921,119.30802590299085,,,
XGB_LOCAL,Day 1,Otoño,Zona Central,Verano,peralillo,0.3198722033385622,0.17326184773507217,95.88989792517245,29.49241116489416,,,
XGB_LOCAL,Day 1,Primavera,Zona Central,Verano,peralillo,0.4367723848438769,0.23836418318872651,124.57943263521425,71.66392071306531,,,
XGB_LOCAL,Day 1,Verano,Zona Central,Verano,peralillo,0.7948035879581057,0.524087556682351,126.53439367997741,174.99457884239678,,,
XGB_LOCAL,7-Day Rollout,Raw,Zona Central,Verano,peralillo,0.5105680846982714,0.3092275324998725,104.83100446216416,51.91756140455358,,,
XGB_LOCAL,7-Day Rollout,Invierno,Zona Central,Verano,peralillo,0.34346283847950126,0.1574111358652669,144.96197064421966,194.2429533194919,,,
XGB_LOCAL,7-Day Rollout,Otoño,Zona Central,Verano,peralillo,0.27175404425727945,0.14653968468995854,96.29708527705435,26.837749954388574,,,
XGB_LOCAL,7-Day Rollout,Primavera,Zona Central,Verano,peralillo,0.7871147945449749,0.4546096782398222,156.88746771334735,170.39266961329145,,,
XGB_LOCAL,7-Day Rollout,Verano,Zona Central,Verano,peralillo,0.5105674683058129,0.3091896587595202,104.56389495575482,51.91697222452475,,,
XGB_LOCAL,Day 1,Raw,Zona Central,Verano,pfv_marchigue_ii,0.7275896996137446,0.4776102254788081,90.99017415254252,19.561045960490553,,,
XGB_LOCAL,Day 1,Invierno,Zona Central,Verano,pfv_marchigue_ii,2.1972574137736207,1.2791332478324573,134.4524724728825,108.18128748158962,,,
XGB_LOCAL,Day 1,Otoño,Zona Central,Verano,pfv_marchigue_ii,1.4514060343892565,0.843122026824858,108.6052337344751,39.79961295544023,,,
XGB_LOCAL,Day 1,Primavera,Zona Central,Verano,pfv_marchigue_ii,1.6209193646374995,0.8930227143379549,80.73782891223198,63.72008030080916,,,
XGB_LOCAL,Day 1,Verano,Zona Central,Verano,pfv_marchigue_ii,0.7275892724044349,0.4776102254788081,90.99017415254252,19.56103447508752,,,
XGB_LOCAL,7-Day Rollout,Raw,Zona Central,Verano,pfv_marchigue_ii,2.0433909031201694,1.2010941847693175,129.78629387388375,82.68646531638385,,,
XGB_LOCAL,7-Day Rollout,Invierno,Zona Central,Verano,pfv_marchigue_ii,1.318945032247408,0.6759559065325275,131.2693279112282,146.98184134649333,,,
XGB_LOCAL,7-Day Rollout,Otoño,Zona Central,Verano,pfv_marchigue_ii,1.021247462055611,0.580286005135609,106.7335144911879,30.757979980259936,,,
XGB_LOCAL,7-Day Rollout,Primavera,Zona Central,Verano,pfv_marchigue_ii,2.2599317676811563,1.2819908329825858,126.9900612019978,134.95033676358884,,,
XGB_LOCAL,7-Day Rollout,Verano,Zona Central,Verano,pfv_marchigue_ii,2.045191146635529,1.207913682031046,129.78629387388375,82.75931274502148,,,
