Model,Horizon,Window,Macrozona,Estacion,Planta,RMSE,MAE,sMAPE,rRMSE,Coverage_90,Pinball_P05,Pinball_P95
INFORMER,Day 1,Raw,Norte Chico,Invierno,canesa_solar_i,0.07081951969102021,0.06931812999149163,191.66666666666669,0.0,0.041666666666666664,0.01668521084357053,0.029663281763593383
INFORMER,Day 1,Invierno,Norte Chico,Invierno,canesa_solar_i,0.7451831204344381,0.4299057542909092,166.63118246646295,178.13012913870978,0.16666666666666666,0.028304731633882817,0.25076660037787707
INFORMER,Day 1,Operational,Norte Chico,Invierno,canesa_solar_i,1.522220245302448,0.9680374963209033,181.97233731880874,157.95540452132735,0.08333333333333333,0.05837655699967096,0.6959153212451686
INFORMER,Day 1,Otoño,Norte Chico,Invierno,canesa_solar_i,1.4757817192040796,0.9868153626060424,178.0579721758681,148.95688999125738,0.125,0.059653801161524224,0.7041135501300838
INFORMER,Day 1,Primavera,Norte Chico,Invierno,canesa_solar_i,1.522220245302448,0.9680374963209033,181.97233731880874,157.95540452132735,0.08333333333333333,0.05837655699967096,0.6959153212451686
INFORMER,Day 1,Verano,Norte Chico,Invierno,canesa_solar_i,1.6733056525537817,1.147853891462243,171.17960534740752,143.995024603045,0.125,0.06566365902059867,0.8287458412863392
INFORMER,7-Day Rollout,Raw,Norte Chico,Invierno,canesa_solar_i,0.9981615500011616,0.5130450690159618,180.30088415416589,203.9592838969514,0.023809523809523808,0.04984435164910143,0.4055680405865479
INFORMER,7-Day Rollout,Invierno,Norte Chico,Invierno,canesa_solar_i,0.9143515253051889,0.5258764401649907,168.6588540183364,177.06590135632402,0.10119047619047619,0.04716881425229076,0.39140364780997466
INFORMER,7-Day Rollout,Operational,Norte Chico,Invierno,canesa_solar_i,1.4465035370883748,0.9084373346361515,179.09589536781937,159.49652301258826,0.06547619047619048,0.0667065663431415,0.737520205148186
INFORMER,7-Day Rollout,Otoño,Norte Chico,Invierno,canesa_solar_i,1.466600413295015,0.9709728549980268,178.52767924663178,150.66906402113102,0.08928571428571429,0.06840405463983318,0.791932046309161
INFORMER,7-Day Rollout,Primavera,Norte Chico,Invierno,canesa_solar_i,1.4465035370883748,0.9084373346361515,179.09589536781937,159.49652301258826,0.06547619047619048,0.0667065663431415,0.737520205148186
INFORMER,7-Day Rollout,Verano,Norte Chico,Invierno,canesa_solar_i,1.7012918938228514,1.153004505025733,167.022040055875,145.56746009612843,0.1130952380952381,0.0736452650784659,0.9635068483749082
INFORMER,Day 1,Raw,Norte Chico,Invierno,chalinga_solar,0.838460942838871,0.5380563876630428,184.53694285223474,158.9037156541862,0.08333333333333333,0.03568969895034873,0.29344290867932915
INFORMER,Day 1,Invierno,Norte Chico,Invierno,chalinga_solar,0.8403413768255501,0.5426527670545814,185.87975218606093,158.03130421655212,0.08333333333333333,0.04008971343379623,0.30948445929971063
INFORMER,Day 1,Otoño,Norte Chico,Invierno,chalinga_solar,0.9930178701610922,0.6712656509480439,170.89967085212467,147.15387568834856,0.125,0.04587947657079591,0.42559234717725003
INFORMER,Day 1,Primavera,Norte Chico,Invierno,chalinga_solar,1.2159168094408395,0.7959857857010016,181.4159627399393,153.535144894708,0.041666666666666664,0.05165004666972286,0.5364283340711458
INFORMER,Day 1,Verano,Norte Chico,Invierno,chalinga_solar,1.5275051768568393,1.0829286647688907,168.39084223671506,139.22748771154596,0.125,0.06311534495616798,0.7762693845094569
INFORMER,7-Day Rollout,Raw,Norte Chico,Invierno,chalinga_solar,0.9455142401771713,0.6094627503584239,183.12031062874635,157.8053757173291,0.05357142857142857,0.05431492935385904,0.44992791630866114
INFORMER,7-Day Rollout,Invierno,Norte Chico,Invierno,chalinga_solar,0.9447706201767577,0.6073942551856384,182.58421822923842,158.1979098516899,0.05357142857142857,0.05491509928857947,0.4532005731736025
INFORMER,7-Day Rollout,Otoño,Norte Chico,Invierno,chalinga_solar,0.9660973415642935,0.6527235875259394,172.5440662946976,147.48990605347672,0.09523809523809523,0.053251719718116895,0.4981517803127843
INFORMER,7-Day Rollout,Primavera,Norte Chico,Invierno,chalinga_solar,1.1729100612184262,0.7639281926435615,181.30871903696922,154.41056977624243,0.041666666666666664,0.0615503475705834,0.6057858981823117
INFORMER,7-Day Rollout,Verano,Norte Chico,Invierno,chalinga_solar,1.448858486471059,1.0086947777911388,167.34615890216756,141.59449162524402,0.10119047619047619,0.06718987183318989,0.8295733046426557
INFORMER,Day 1,Raw,Norte Chico,Invierno,illapel_5x,0.8890130554500406,0.5448559546299899,183.91338282372877,166.28943423066863,0.125,0.033901174356772874,0.2906774362646199
INFORMER,Day 1,Invierno,Norte Chico,Invierno,illapel_5x,0.8890532638566849,0.5449954253078128,184.1225401257806,166.32236343918754,0.125,0.03594252990054277,0.2979282525232217
INFORMER,Day 1,Otoño,Norte Chico,Invierno,illapel_5x,1.0290112553767397,0.6987999150393686,174.84433715820742,146.47055809145252,0.125,0.04454227512809061,0.42977361353356786
INFORMER,Day 1,Primavera,Norte Chico,Invierno,illapel_5x,1.366121086110698,0.8975823114160448,183.63023759731618,152.89255978373458,0.08333333333333333,0.05260855663024511,0.611848191152482
INFORMER,Day 1,Verano,Norte Chico,Invierno,illapel_5x,1.7204994901437203,1.1281643948362141,180.6931296702328,151.82927195039414,0.125,0.0638633050608803,0.8249868506291458
INFORMER,7-Day Rollout,Raw,Norte Chico,Invierno,illapel_5x,1.1128395254423586,0.7074928298340659,186.7608506642567,159.6125380557901,0.047619047619047616,0.05814421811708739,0.5364238161990145
INFORMER,7-Day Rollout,Invierno,Norte Chico,Invierno,illapel_5x,1.1123717457272604,0.7071758639218128,187.04456340498555,159.56527752146638,0.03571428571428571,0.05815751704056831,0.5449566199182301
INFORMER,7-Day Rollout,Otoño,Norte Chico,Invierno,illapel_5x,0.9364171476585926,0.6149250566590754,176.140160634595,151.9993968911737,0.06547619047619048,0.05080912915175219,0.4548895082728078
INFORMER,7-Day Rollout,Primavera,Norte Chico,Invierno,illapel_5x,1.2619317945238804,0.8038218207947726,181.89414346433765,158.0187601230387,0.03571428571428571,0.062078772692455333,0.6358144367616065
INFORMER,7-Day Rollout,Verano,Norte Chico,Invierno,illapel_5x,1.4660588425360614,0.8870641121464432,188.64802061064617,167.78399832012386,0.023809523809523808,0.06902923327930954,0.710765646876533
INFORMER,Day 1,Raw,Norte Chico,Invierno,norte_chico_i,0.1268875240525012,0.09043134914585,158.73737586315352,153.56616093186238,0.4166666666666667,0.008073251951888476,0.019223584357071874
INFORMER,Day 1,Invierno,Norte Chico,Invierno,norte_chico_i,0.12731798475101685,0.09051597118377686,140.41478564582857,149.68554443478536,0.5416666666666666,0.008661479184714457,0.014355948039640997
INFORMER,Day 1,Otoño,Norte Chico,Invierno,norte_chico_i,1.0803922210509482,0.7167253597969344,177.49398665436001,150.13938227351738,0.125,0.04153597020728436,0.5249805211618271
INFORMER,Day 1,Primavera,Norte Chico,Invierno,norte_chico_i,0.3031567938551392,0.1984521896727832,172.84598829077592,158.29522048659865,0.125,0.015067517324579664,0.07181027474732675
INFORMER,Day 1,Verano,Norte Chico,Invierno,norte_chico_i,1.1994212575902827,0.832099966724248,173.2617964853927,142.75955649292186,0.125,0.04600268885551487,0.6170166788865268
INFORMER,7-Day Rollout,Raw,Norte Chico,Invierno,norte_chico_i,0.21977086613763577,0.161463088168728,139.8804993475911,125.87706864861714,0.3706896551724138,0.01216764358367637,0.08485691047773548
INFORMER,7-Day Rollout,Invierno,Norte Chico,Invierno,norte_chico_i,0.2282028559864569,0.17170530179222573,133.89858821142897,120.2551980763279,0.3944954128440367,0.012613294746208358,0.08747987359715934
INFORMER,7-Day Rollout,Otoño,Norte Chico,Invierno,norte_chico_i,1.0499403903844904,0.681683588757854,180.50081001126625,154.1369549924638,0.06547619047619048,0.04716247045879798,0.5678035044691353
INFORMER,7-Day Rollout,Primavera,Norte Chico,Invierno,norte_chico_i,0.3207687441104472,0.2153746631651088,170.25737712300776,151.35012469369906,0.11904761904761904,0.025181994639171923,0.13388646270963603
INFORMER,7-Day Rollout,Verano,Norte Chico,Invierno,norte_chico_i,1.1574275474041942,0.7950128628449636,171.6207903962571,144.0726640024079,0.08333333333333333,0.05047907701258997,0.6640594080634833
INFORMER,Day 1,Raw,Norte Chico,Invierno,parque_solar_fotovoltaico_maranon,0.4904538826951428,0.4035161548915009,159.119304483362,126.83873676257996,0.4583333333333333,0.04587277348618954,0.07088471932802355
INFORMER,Day 1,Invierno,Norte Chico,Invierno,parque_solar_fotovoltaico_maranon,0.4906461327534616,0.40774542062232894,155.63167767664007,126.76752593366317,0.4583333333333333,0.054541269301747276,0.06605365768385436
INFORMER,Day 1,Otoño,Norte Chico,Invierno,parque_solar_fotovoltaico_maranon,3.8471381534026508,2.6489491223085984,180.0127310208839,144.5714752775595,0.125,0.16175251024833417,1.7493146506264263
INFORMER,Day 1,Primavera,Norte Chico,Invierno,parque_solar_fotovoltaico_maranon,0.5235326585986866,0.43821923781069927,149.1642122089261,116.59702948577986,0.5416666666666666,0.049921446013710624,0.06658164978580322
INFORMER,Day 1,Verano,Norte Chico,Invierno,parque_solar_fotovoltaico_maranon,0.5383604753330843,0.4621586555149406,147.69607573621303,108.38345998431436,0.5833333333333334,0.046280096777870004,0.06985865342818827
INFORMER,7-Day Rollout,Raw,Norte Chico,Invierno,parque_solar_fotovoltaico_maranon,0.4859128306370993,0.40702040798138245,159.9206544385833,128.12528889815692,0.2619047619047619,0.08813399364105282,0.14614664741857028
INFORMER,7-Day Rollout,Invierno,Norte Chico,Invierno,parque_solar_fotovoltaico_maranon,0.48480846481127726,0.40675130205735516,159.32201174820472,127.83684357535962,0.23809523809523808,0.08741417573363644,0.14257402441928746
INFORMER,7-Day Rollout,Otoño,Norte Chico,Invierno,parque_solar_fotovoltaico_maranon,3.643970526697396,2.4723891125584356,184.29952455983448,147.18288627210967,0.05952380952380952,0.1874596123475807,1.9218736618679215
INFORMER,7-Day Rollout,Primavera,Norte Chico,Invierno,parque_solar_fotovoltaico_maranon,0.5151458272324082,0.43489026786188506,151.31616476180852,117.42466915996349,0.27976190476190477,0.08027742916871959,0.1649521436820145
INFORMER,7-Day Rollout,Verano,Norte Chico,Invierno,parque_solar_fotovoltaico_maranon,0.5587408195295561,0.4810005901658553,145.64786580347067,107.25181570631923,0.32142857142857145,0.07330057722754732,0.18870310701701484
INFORMER,Day 1,Raw,Norte Chico,Invierno,pfv_malgarida,4.237036816588308,3.7693355679512024,158.33333333333331,0.0,0.20833333333333334,0.5392599031329155,1.8902789036432919
INFORMER,Day 1,Invierno,Norte Chico,Invierno,pfv_malgarida,91.29908029245604,59.9310675698022,184.3036150368911,153.21744087903107,0.041666666666666664,3.5927540665492415,40.9214177371934
INFORMER,Day 1,Operational,Norte Chico,Invierno,pfv_malgarida,91.29908029245604,59.9310675698022,184.3036150368911,153.21744087903107,0.041666666666666664,3.5927540665492415,40.9214177371934
INFORMER,Day 1,Otoño,Norte Chico,Invierno,pfv_malgarida,118.69669085687983,81.81405023159459,174.56161584524054,144.51634161526988,0.08333333333333333,4.536859460679504,60.388457729131915
INFORMER,Day 1,Primavera,Norte Chico,Invierno,pfv_malgarida,111.51446672939205,75.05525529757142,168.46150078108522,147.7550995635794,0.125,4.093800389332077,53.003989278463024
INFORMER,Day 1,Verano,Norte Chico,Invierno,pfv_malgarida,123.70829657454603,89.49473620516558,185.91097172636043,137.16029346743431,0.041666666666666664,5.110166252745937,66.8564035242113
INFORMER,7-Day Rollout,Raw,Norte Chico,Invierno,pfv_malgarida,73.56836081922762,41.18623139585058,168.48079140271142,183.9668918531198,0.125,2.97961316162809,33.609914925898465
INFORMER,7-Day Rollout,Invierno,Norte Chico,Invierno,pfv_malgarida,96.22536091196824,63.080582189950206,181.50986710182232,153.1063898840984,0.05357142857142857,4.448841231750945,51.02432802247681
INFORMER,7-Day Rollout,Operational,Norte Chico,Invierno,pfv_malgarida,96.22536091196824,63.080582189950206,181.50986710182232,153.1063898840984,0.05357142857142857,4.448841231750945,51.02432802247681
INFORMER,7-Day Rollout,Otoño,Norte Chico,Invierno,pfv_malgarida,118.18590284253368,81.06703893037601,184.60412295627177,145.41685312557286,0.041666666666666664,5.298162229361368,67.43065891903382
INFORMER,7-Day Rollout,Primavera,Norte Chico,Invierno,pfv_malgarida,114.49907624177786,76.80323986389807,171.28760627103767,148.3716082585644,0.09523809523809523,4.98867890102168,63.89324573613703
INFORMER,7-Day Rollout,Verano,Norte Chico,Invierno,pfv_malgarida,128.19980465126886,91.66147189540789,181.4372036204313,138.751617695704,0.03571428571428571,5.894465894643439,78.63314662663863
INFORMER,Day 1,Raw,Norte Chico,Otoño,cachiyuyo_solar_2,3.387633009637881,2.298983393403129,156.1109979742602,145.25615607398439,0.20833333333333334,0.13160215396073907,1.2224534907461324
INFORMER,Day 1,Invierno,Norte Chico,Otoño,cachiyuyo_solar_2,2.9938915933227555,1.9403416014586885,174.74561165491133,156.26796503162407,0.16666666666666666,0.132182747265324,1.0702508582888792
INFORMER,Day 1,Otoño,Norte Chico,Otoño,cachiyuyo_solar_2,3.3882501258444986,2.321962403110471,172.9293769132002,145.27735678486465,0.125,0.1442374361149632,1.300544116551767
INFORMER,Day 1,Primavera,Norte Chico,Otoño,cachiyuyo_solar_2,3.7226893590270196,2.380286762276834,184.5360533406673,157.89870145788248,0.08333333333333333,0.15045944686514,1.438517637509085
INFORMER,Day 1,Verano,Norte Chico,Otoño,cachiyuyo_solar_2,5.8123461891525094,4.183389602733466,178.15006307206949,137.61499975253935,0.08333333333333333,0.23498699324942818,2.9422694915847387
INFORMER,7-Day Rollout,Raw,Norte Chico,Otoño,cachiyuyo_solar_2,2.869412098861037,1.911886382575176,177.87455323235795,151.4816021549133,0.07142857142857142,0.17138120567316428,1.3355759451295461
INFORMER,7-Day Rollout,Invierno,Norte Chico,Otoño,cachiyuyo_solar_2,2.550856299043147,1.41073492464299,179.791330713883,195.46792640479782,0.07738095238095238,0.17218555758729398,0.9505620229069055
INFORMER,7-Day Rollout,Otoño,Norte Chico,Otoño,cachiyuyo_solar_2,2.866627490952258,1.9102125545539907,177.64722216202776,151.33218555322273,0.07142857142857142,0.17132729565823648,1.3779253590045861
INFORMER,7-Day Rollout,Primavera,Norte Chico,Otoño,cachiyuyo_solar_2,3.9816740925480483,2.2547768517590505,185.28549152062027,183.21879454844367,0.05952380952380952,0.20056989244579068,1.8309256405878624
INFORMER,7-Day Rollout,Verano,Norte Chico,Otoño,cachiyuyo_solar_2,5.758312971776365,4.142436536040068,176.41985621095228,137.61152033947604,0.06547619047619048,0.2682214788310895,3.415942058921237
INFORMER,Day 1,Raw,Norte Chico,Verano,amparo_del_sol,1.4494515218837454,1.0232153576701724,158.85119400570974,138.3344518702565,0.20833333333333334,0.05802885408678169,0.5483389567190898
INFORMER,Day 1,Invierno,Norte Chico,Verano,amparo_del_sol,0.8578661472289856,0.5660808706500878,170.2425729023898,155.3259414467215,0.125,0.04597768428502604,0.22361492518878856
INFORMER,Day 1,Otoño,Norte Chico,Verano,amparo_del_sol,1.0745377508403426,0.7159822924683491,165.49623082619357,148.96727231618036,0.16666666666666666,0.04897911281635364,0.3209676145575941
INFORMER,Day 1,Primavera,Norte Chico,Verano,amparo_del_sol,1.1693521401544624,0.7804630962285349,180.75804501523172,151.4978033913387,0.08333333333333333,0.05339030884236612,0.38961959578294536
INFORMER,Day 1,Verano,Norte Chico,Verano,amparo_del_sol,1.4490887832597155,1.0131728748565365,141.89386073126383,138.30123507554217,0.2916666666666667,0.05871153344275323,0.5799727121527516
INFORMER,7-Day Rollout,Raw,Norte Chico,Verano,amparo_del_sol,1.482998219826172,1.0543693794542097,164.76278388176755,137.70535231877568,0.13095238095238096,0.07757327071390949,0.7692062094651587
INFORMER,7-Day Rollout,Invierno,Norte Chico,Verano,amparo_del_sol,0.5732108819495801,0.32977979049402556,170.82153334703148,203.98017301925316,0.08928571428571429,0.06200381181046222,0.17071285943418932
INFORMER,7-Day Rollout,Otoño,Norte Chico,Verano,amparo_del_sol,1.2387932603424832,0.8020666891397354,169.17526281508256,154.03237638138293,0.08928571428571429,0.07345864420080307,0.5581118311646468
INFORMER,7-Day Rollout,Primavera,Norte Chico,Verano,amparo_del_sol,0.9757457068134917,0.5735819959843925,181.12307664673804,182.51173496867042,0.041666666666666664,0.07063953376941713,0.40105179745220243
INFORMER,7-Day Rollout,Verano,Norte Chico,Verano,amparo_del_sol,1.4827263034488494,1.054529284376713,165.8272903276635,137.6805713256348,0.125,0.07839684623860907,0.7946196566460686
INFORMER,Day 1,Raw,Norte Chico,Verano,luna_del_norte,1.2448078275453807,0.8222162648259351,159.11614444227135,149.6981809426964,0.25,0.049444961769040674,0.42687386177713055
INFORMER,Day 1,Invierno,Norte Chico,Verano,luna_del_norte,1.0913070854735107,0.6562575587170917,170.09519437634063,170.5300599888553,0.16666666666666666,0.05323808980653363,0.33943794466449617
INFORMER,Day 1,Otoño,Norte Chico,Verano,luna_del_norte,1.3077539289097284,0.8542543718746552,168.03019158012262,152.07868143164086,0.16666666666666666,0.058821861333368974,0.4511676240595989
INFORMER,Day 1,Primavera,Norte Chico,Verano,luna_del_norte,1.2640937894680095,0.7910728136181812,176.4210691394968,161.76190413825753,0.125,0.0582425593590718,0.4328415345157434
INFORMER,Day 1,Verano,Norte Chico,Verano,luna_del_norte,1.2455289308459099,0.81322573342671,142.5963237441104,149.80755932761446,0.2916666666666667,0.05077843850788971,0.43910700290774307
INFORMER,7-Day Rollout,Raw,Norte Chico,Verano,luna_del_norte,1.2316717892684124,0.8149070769016232,163.5990818302115,149.63017881463094,0.13095238095238096,0.06807523707947916,0.5676732992720124
INFORMER,7-Day Rollout,Invierno,Norte Chico,Verano,luna_del_norte,0.766890940896854,0.39846718767252504,172.88183267679688,219.88172492108657,0.09523809523809523,0.06639831995871645,0.2396809600732879
INFORMER,7-Day Rollout,Otoño,Norte Chico,Verano,luna_del_norte,1.2941039031519597,0.8435807396685336,169.20354891352918,152.549891902861,0.1130952380952381,0.07477863925926306,0.6060174123520701
INFORMER,7-Day Rollout,Primavera,Norte Chico,Verano,luna_del_norte,1.0385953699785329,0.5669813694631662,183.29904848718047,199.9649382127961,0.03571428571428571,0.07275453179994382,0.42798635345007635
INFORMER,7-Day Rollout,Verano,Norte Chico,Verano,luna_del_norte,1.231773771398391,0.8153420221282258,164.9079819351862,149.652495547309,0.10119047619047619,0.06904885151445689,0.5866615596936927
INFORMER,Day 1,Raw,Norte Grande,Invierno,pfv_andes_solar_ii,2.7193233408411115,2.5066928823168078,174.78301853743645,9192.078694123467,0.125,0.679756261051322,1.0747198736139894
INFORMER,Day 1,Invierno,Norte Grande,Invierno,pfv_andes_solar_ii,2.812219815638934,2.6716018253937364,183.14211889269083,5028.034330748551,0.08333333333333333,0.8754121571934471,1.0836535291591047
INFORMER,Day 1,Otoño,Norte Grande,Invierno,pfv_andes_solar_ii,19.7782263206617,13.796493002679199,173.08057451371386,142.9019608857692,0.25,1.0758083479711786,3.898539182986133
INFORMER,Day 1,Primavera,Norte Grande,Invierno,pfv_andes_solar_ii,18.82738049761031,13.612033960409462,169.26601506238566,138.61498583710917,0.20833333333333334,0.9949278044980021,3.0497757209930576
INFORMER,Day 1,Verano,Norte Grande,Invierno,pfv_andes_solar_ii,37.53799555907472,26.922727418132126,183.3466343672879,138.59116835958184,0.08333333333333333,1.6790693760694317,15.414096511512374
INFORMER,7-Day Rollout,Raw,Norte Grande,Invierno,pfv_andes_solar_ii,13.616197731721043,8.58314221684954,157.49675038104814,167.53881272679683,0.17261904761904762,1.1984461594040372,4.751335466730719
INFORMER,7-Day Rollout,Invierno,Norte Grande,Invierno,pfv_andes_solar_ii,13.58633318915118,8.60061410969744,157.5858319682143,167.09351214642177,0.16666666666666666,1.239160897443071,4.972513981400768
INFORMER,7-Day Rollout,Otoño,Norte Grande,Invierno,pfv_andes_solar_ii,26.899426889524065,18.336662021044287,173.44819910493757,145.80952377919775,0.10119047619047619,1.73369625937748,12.196793629635968
INFORMER,7-Day Rollout,Primavera,Norte Grande,Invierno,pfv_andes_solar_ii,20.927495042562704,14.460397587556924,168.19770974967716,144.8633559451208,0.10714285714285714,1.5090245099871287,8.251134110521525
INFORMER,7-Day Rollout,Verano,Norte Grande,Invierno,pfv_andes_solar_ii,36.0148646385504,25.49518104786763,170.50461773016724,139.32153159572525,0.10119047619047619,1.967666331823871,18.96608264338159
INFORMER,Day 1,Raw,Norte Grande,Otoño,andes_solar,9.43442957892737,6.609567500030001,171.81968223987428,140.92850847767951,0.125,0.4009904979728163,3.347498415131122
INFORMER,Day 1,Invierno,Norte Grande,Otoño,andes_solar,7.514577187458185,5.0227705736955,177.26647554869206,151.45268167343662,0.08333333333333333,0.367633822063605,2.3832725336154303
INFORMER,Day 1,Otoño,Norte Grande,Otoño,andes_solar,9.427231858216473,6.607991826410095,172.193274503375,140.84492303963424,0.125,0.42116775739317136,3.4497251445737978
INFORMER,Day 1,Primavera,Norte Grande,Otoño,andes_solar,12.171975509899763,8.56669074545304,178.5218196730447,140.83859527179055,0.08333333333333333,0.5272458828985691,5.289128289868434
INFORMER,Day 1,Verano,Norte Grande,Otoño,andes_solar,12.789619061990493,9.376594580089053,185.7731276418222,135.0956635953785,0.041666666666666664,0.5611183328864476,5.618942758161574
INFORMER,7-Day Rollout,Raw,Norte Grande,Otoño,andes_solar,7.9909889182149,5.51323986072315,176.98664364491344,144.48416135907448,0.07142857142857142,0.5132720337044225,3.6207837462342076
INFORMER,7-Day Rollout,Invierno,Norte Grande,Otoño,andes_solar,6.509783785788484,4.318486359857378,174.17329482588184,153.55419304153173,0.07142857142857142,0.47746109813451765,2.761129243707373
INFORMER,7-Day Rollout,Otoño,Norte Grande,Otoño,andes_solar,7.981829751102185,5.507190401366513,176.87689021510178,144.32801522290103,0.06547619047619048,0.5158988100448845,3.702821671413368
INFORMER,7-Day Rollout,Primavera,Norte Grande,Otoño,andes_solar,12.40677755267956,8.761927871831826,179.56486954195253,140.32926486480412,0.05952380952380952,0.6616826075262257,6.78221272169834
INFORMER,7-Day Rollout,Verano,Norte Grande,Otoño,andes_solar,9.786397515821232,6.002678684868096,186.2717549592803,168.4164216608639,0.03571428571428571,0.6348417208895886,3.9820666962602576
INFORMER,Day 1,Raw,Norte Grande,Otoño,fv_bolero,5.182033395858334,5.176162205636501,195.21221861800686,7188.948232044163,0.0,1.1363083435843389,2.2560210855056866
INFORMER,Day 1,Invierno,Norte Grande,Otoño,fv_bolero,5.274616544567024,5.273300051689148,200.0,0.0,0.0,1.4777114674448966,2.144016210238141
INFORMER,Day 1,Operational,Norte Grande,Otoño,fv_bolero,21.522941627940927,15.880612715457877,164.81375857607335,137.05969940972852,0.4583333333333333,1.4099488667212425,1.8213257195738466
INFORMER,Day 1,Otoño,Norte Grande,Otoño,fv_bolero,21.522941627940927,15.880612715457877,164.81375857607335,137.05969940972852,0.4583333333333333,1.4099488667212425,1.8213257195738466
INFORMER,Day 1,Primavera,Norte Grande,Otoño,fv_bolero,68.22351039365478,47.92913148800532,174.81191040671547,140.9685884593181,0.08333333333333333,3.0423022031784055,27.87699917157491
INFORMER,Day 1,Verano,Norte Grande,Otoño,fv_bolero,58.61894800975359,43.223933356115595,182.80076046547939,134.11772854080567,0.08333333333333333,2.8401121315895583,21.85049600090133
INFORMER,7-Day Rollout,Raw,Norte Grande,Otoño,fv_bolero,10.683574263655194,8.212665952476007,155.68296087850914,154.4998728866332,0.19047619047619047,2.124719144984902,3.870457625819283
INFORMER,7-Day Rollout,Invierno,Norte Grande,Otoño,fv_bolero,5.410675462329011,5.40892892224448,200.0,0.0,0.0,3.304039335818518,1.153530844620297
INFORMER,7-Day Rollout,Operational,Norte Grande,Otoño,fv_bolero,24.112221294145144,16.33048475438374,169.9194080391392,156.51720805540674,0.16071428571428573,2.5436809250275556,8.271139850685861
INFORMER,7-Day Rollout,Otoño,Norte Grande,Otoño,fv_bolero,24.112221294145144,16.33048475438374,169.9194080391392,156.51720805540674,0.16071428571428573,2.5436809250275556,8.271139850685861
INFORMER,7-Day Rollout,Primavera,Norte Grande,Otoño,fv_bolero,62.53253810577163,42.69607266641798,172.8776271838177,144.7965348259596,0.07142857142857142,3.5681857830711774,31.087880751490587
INFORMER,7-Day Rollout,Verano,Norte Grande,Otoño,fv_bolero,56.14683597488066,41.44892846440364,180.95659529052804,133.8637422573159,0.041666666666666664,3.5466389526247175,28.588633455425896
INFORMER,Day 1,Raw,Norte Grande,Otoño,parque_solar_pampa_camarones,0.21406864386871868,0.1989162964746356,136.4106710114928,155.6862834270689,0.4166666666666667,0.030128071131184698,0.10151122288467991
INFORMER,Day 1,Invierno,Norte Grande,Otoño,parque_solar_pampa_camarones,2.551368614386541,1.662705876166001,179.84516773955067,155.05912268384486,0.125,0.1060116045215788,0.8449989985480594
INFORMER,Day 1,Operational,Norte Grande,Otoño,parque_solar_pampa_camarones,1.7166051630289187,1.1847361049149185,182.91236597695467,149.59522068807755,0.041666666666666664,0.09767259133125965,0.4792880000973431
INFORMER,Day 1,Otoño,Norte Grande,Otoño,parque_solar_pampa_camarones,1.7166051630289187,1.1847361049149185,182.91236597695467,149.59522068807755,0.041666666666666664,0.09767259133125965,0.4792880000973431
INFORMER,Day 1,Primavera,Norte Grande,Otoño,parque_solar_pampa_camarones,3.538467983696234,2.4901857674121857,180.19568294314652,141.3032149861812,0.08333333333333333,0.14749105957647166,1.500930363126099
INFORMER,Day 1,Verano,Norte Grande,Otoño,parque_solar_pampa_camarones,3.429580895791068,2.4554625894719115,183.26913552053793,138.4058206305594,0.08333333333333333,0.14453582022106273,1.4236364499782213
INFORMER,7-Day Rollout,Raw,Norte Grande,Otoño,parque_solar_pampa_camarones,1.0865459520694205,0.6825439490355729,173.89415552819395,180.5536295324694,0.1130952380952381,0.1183972902246751,0.42730979622020165
INFORMER,7-Day Rollout,Invierno,Norte Grande,Otoño,parque_solar_pampa_camarones,2.4712516527372985,1.6597349483275874,180.22828565073422,150.571310957959,0.05952380952380952,0.15652585958208268,1.158181280004681
INFORMER,7-Day Rollout,Operational,Norte Grande,Otoño,parque_solar_pampa_camarones,1.9571840001968281,1.3152595723070026,183.5500745165318,153.54046702208376,0.047619047619047616,0.1478462171979204,0.8334285474742674
INFORMER,7-Day Rollout,Otoño,Norte Grande,Otoño,parque_solar_pampa_camarones,1.9571840001968281,1.3152595723070026,183.5500745165318,153.54046702208376,0.047619047619047616,0.1478462171979204,0.8334285474742674
INFORMER,7-Day Rollout,Primavera,Norte Grande,Otoño,parque_solar_pampa_camarones,3.4548886046405154,2.428761227632917,179.05929800080688,141.19080670637607,0.047619047619047616,0.18532858435729785,1.8497304452649717
INFORMER,7-Day Rollout,Verano,Norte Grande,Otoño,parque_solar_pampa_camarones,3.387167851335349,2.423303284083626,182.03201496570873,138.47716130922686,0.05357142857142857,0.18450106494017834,1.8196963048750707
INFORMER,Day 1,Raw,Norte Grande,Verano,conejo_solar,54.357338309385554,37.74906783302625,171.84971877452824,141.97149985652885,0.20833333333333334,2.373861518998941,18.043661038577557
INFORMER,Day 1,Invierno,Norte Grande,Verano,conejo_solar,37.87156950143861,24.90126569569111,162.2006677152993,153.89733639208842,0.16666666666666666,1.8913316515584786,10.039694473892451
INFORMER,Day 1,Otoño,Norte Grande,Verano,conejo_solar,58.26056913919193,40.54755514053007,183.1597947006176,143.52839861797668,0.08333333333333333,2.768214190782358,22.34964228629445
INFORMER,Day 1,Primavera,Norte Grande,Verano,conejo_solar,25.295514424720366,17.25633163439731,170.95824737922857,150.12174828247547,0.2916666666666667,1.4397970276884735,3.647340687705826
INFORMER,Day 1,Verano,Norte Grande,Verano,conejo_solar,54.36934893959444,37.798636923233666,172.43037158141297,142.00286944227406,0.16666666666666666,2.4750203723708792,18.955328298111755
INFORMER,7-Day Rollout,Raw,Norte Grande,Verano,conejo_solar,58.73542573901523,42.08850016196569,174.9132614281986,137.64195183121595,0.07142857142857142,3.3994999134824386,30.14395457832586
INFORMER,7-Day Rollout,Invierno,Norte Grande,Verano,conejo_solar,32.303052667341845,20.974018890233268,163.9686896009241,157.74992302189582,0.1130952380952381,2.528750779870011,12.516008181586152
INFORMER,7-Day Rollout,Otoño,Norte Grande,Verano,conejo_solar,57.805899168131226,40.278870234532015,182.64255362432098,143.37542533560725,0.041666666666666664,3.5219929743558165,29.53829422584247
INFORMER,7-Day Rollout,Primavera,Norte Grande,Verano,conejo_solar,47.79085821926121,32.584502170838064,176.78604724444074,147.4945175681621,0.07142857142857142,3.1424158306881074,23.27285390604465
INFORMER,7-Day Rollout,Verano,Norte Grande,Verano,conejo_solar,58.71048792958743,42.07461851551419,174.99153359703033,137.58351199323317,0.07142857142857142,3.4034721039590385,31.26948196178391
INFORMER,Day 1,Raw,Norte Grande,Verano,lalackama,30.59942217329462,22.386488169431686,177.61879536575543,134.7373866248123,0.125,1.3663564023872217,10.813310846189658
INFORMER,Day 1,Invierno,Norte Grande,Verano,lalackama,20.02943870619666,13.511721551418304,160.69088371938162,148.65986190595711,0.16666666666666666,0.9527069511512916,4.9329048256079355
INFORMER,Day 1,Otoño,Norte Grande,Verano,lalackama,28.38251150698222,20.341633195678394,184.3930801048489,139.3690719401595,0.08333333333333333,1.3184319049119948,9.828594990819694
INFORMER,Day 1,Primavera,Norte Grande,Verano,lalackama,11.711844545397177,8.282823610662794,167.5814478988023,146.65011197347854,0.3333333333333333,0.6307702029162707,1.349036066649327
INFORMER,Day 1,Verano,Norte Grande,Verano,lalackama,30.60424643342178,22.382416268189747,177.17808225076436,134.75862912404153,0.125,1.3743447902301946,11.204274905224642
INFORMER,7-Day Rollout,Raw,Norte Grande,Verano,lalackama,30.43314478296482,22.212301705564773,176.1548847510073,135.07760292239436,0.05952380952380952,1.804220716194028,15.32685664125851
INFORMER,7-Day Rollout,Invierno,Norte Grande,Verano,lalackama,17.513193409328906,11.75988719683318,165.09215092646323,151.74042453266333,0.11904761904761904,1.3375087083982569,6.895096546180902
INFORMER,7-Day Rollout,Otoño,Norte Grande,Verano,lalackama,28.34481736215309,20.289448872940348,183.90999098762995,139.53267542005662,0.041666666666666664,1.7968661035666063,14.2156783054993
INFORMER,7-Day Rollout,Primavera,Norte Grande,Verano,lalackama,23.49355710367239,16.27921418161575,174.4579180321362,144.84420291537862,0.09523809523809523,1.5916480174315872,11.230708751698312
INFORMER,7-Day Rollout,Verano,Norte Grande,Verano,lalackama,30.41750417854321,22.195142271972838,175.9999505815517,135.00818205351618,0.05357142857142857,1.7908237524330617,15.932317672740846
INFORMER,Day 1,Raw,Norte Grande,Verano,lalackama_2,9.577464606122575,6.959006359179814,178.35399023318453,135.76230043552508,0.125,0.4196584338943164,3.4286522958427668
INFORMER,Day 1,Invierno,Norte Grande,Verano,lalackama_2,6.081069370061749,4.077470724781354,159.68086080822604,148.87857335153294,0.20833333333333334,0.29402902374664946,1.4792724284032983
INFORMER,Day 1,Otoño,Norte Grande,Verano,lalackama_2,8.83111692470156,6.270987978515525,184.2955907691221,140.64154395753977,0.08333333333333333,0.41179132382385425,3.067026301644121
INFORMER,Day 1,Primavera,Norte Grande,Verano,lalackama_2,3.0123124475377607,2.2101710978895426,164.4086335621392,141.1745741521875,0.4166666666666667,0.18005512496456502,0.26022229303295435
INFORMER,Day 1,Verano,Norte Grande,Verano,lalackama_2,9.57808237136274,6.956969531873862,177.91612419946244,135.77105737001486,0.125,0.43609810359776024,3.5761899673690394
INFORMER,7-Day Rollout,Raw,Norte Grande,Verano,lalackama_2,9.493103635817192,6.881028171628714,176.89995248660045,136.07629607748666,0.05952380952380952,0.5503950286479222,4.802102435105258
INFORMER,7-Day Rollout,Invierno,Norte Grande,Verano,lalackama_2,5.3205030938515785,3.5474708071422008,163.54484597247188,152.11009026874697,0.13095238095238096,0.3978054037051541,2.072951830737293
INFORMER,7-Day Rollout,Otoño,Norte Grande,Verano,lalackama_2,8.771189158044994,6.22399174153716,183.86145334274383,140.77475794182808,0.041666666666666664,0.54816808120148,4.382068894083966
INFORMER,7-Day Rollout,Primavera,Norte Grande,Verano,lalackama_2,6.972148651931067,4.812805736825491,173.95398944977697,145.32338021359465,0.10714285714285714,0.4702664726197587,3.2815680009861743
INFORMER,7-Day Rollout,Verano,Norte Grande,Verano,lalackama_2,9.48822287033275,6.8761719814723445,176.693942408551,136.0063340803754,0.05952380952380952,0.5460216832657655,4.9363725202158095
INFORMER,Day 1,Raw,Norte Grande,Verano,pampa_solar_norte,41.257732402260075,29.235490411520004,172.90208103012594,138.98121662190712,0.125,1.6733171532551447,14.850596844653287
INFORMER,Day 1,Invierno,Norte Grande,Verano,pampa_solar_norte,26.44392549063689,17.61131063103676,166.76833085870132,151.8493145722527,0.16666666666666666,1.1854986468950908,6.740251854558785
INFORMER,Day 1,Otoño,Norte Grande,Verano,pampa_solar_norte,40.06522041454984,28.12359470928398,185.82530202693934,142.33814001667562,0.08333333333333333,1.7508547868773654,14.900758819185043
INFORMER,Day 1,Primavera,Norte Grande,Verano,pampa_solar_norte,14.068291501510652,9.009186731651425,165.68166790521104,160.8111070946562,0.4166666666666667,0.7262771924647193,2.086197364175072
INFORMER,Day 1,Verano,Norte Grande,Verano,pampa_solar_norte,41.27223974689532,29.27415402730306,173.58813993362975,139.03008621046575,0.125,1.7967508549491564,15.916799258689087
INFORMER,7-Day Rollout,Raw,Norte Grande,Verano,pampa_solar_norte,41.7608108469231,29.898424699902534,173.80546092912735,137.65193337140772,0.06547619047619048,2.235292720688241,21.547781203155004
INFORMER,7-Day Rollout,Invierno,Norte Grande,Verano,pampa_solar_norte,22.6865123520276,14.752177851718097,167.50353819725362,157.03242843187613,0.1130952380952381,1.604630646987685,8.76842677189658
INFORMER,7-Day Rollout,Otoño,Norte Grande,Verano,pampa_solar_norte,39.47686203807084,27.679102492352417,185.33026569500248,142.50686699170396,0.03571428571428571,2.2838779722556604,20.03771021354866
INFORMER,7-Day Rollout,Primavera,Norte Grande,Verano,pampa_solar_norte,31.5202384253701,21.178937206000445,173.76664322644356,148.7914957276246,0.125,1.9153382128614578,15.118505380092012
INFORMER,7-Day Rollout,Verano,Norte Grande,Verano,pampa_solar_norte,41.74272038680771,29.89476466959431,173.91742465011833,137.59230361901643,0.05952380952380952,2.2373627491295336,22.101170742902017
INFORMER,Day 1,Raw,Norte Grande,Verano,parque_solar_finis_terrae,5.95979013959816,5.832567725951473,164.9270183784124,729.0263160395502,0.2916666666666667,0.9380011863075196,2.74809030465161
INFORMER,Day 1,Invierno,Norte Grande,Verano,parque_solar_finis_terrae,46.5444575998433,31.6226588288943,175.90127085641686,150.79401327624458,0.125,2.443465148409208,11.224003158013028
INFORMER,Day 1,Operational,Norte Grande,Verano,parque_solar_finis_terrae,6.409560392561075,6.192484798530738,128.8335832412358,109.06022709573504,0.5,1.10685395039618,2.4282282433162155
INFORMER,Day 1,Otoño,Norte Grande,Verano,parque_solar_finis_terrae,24.180330253086396,18.714326603959005,162.8626166823718,128.7066079889653,0.5,1.897446691058576,1.6780175816888627
INFORMER,Day 1,Primavera,Norte Grande,Verano,parque_solar_finis_terrae,53.27997984734455,37.583398242791496,178.12133123643162,142.44872889596013,0.125,2.6615023841460546,14.348487491408983
INFORMER,Day 1,Verano,Norte Grande,Verano,parque_solar_finis_terrae,6.409560392561075,6.192484798530738,128.8335832412358,109.06022709573504,0.5,1.10685395039618,2.4282282433162155
INFORMER,7-Day Rollout,Raw,Norte Grande,Verano,parque_solar_finis_terrae,5.737493417716734,5.367848507028872,145.10920977486902,379.7718342870835,0.1130952380952381,2.7624861142781025,1.4853313592234862
INFORMER,7-Day Rollout,Invierno,Norte Grande,Verano,parque_solar_finis_terrae,38.71896076819215,26.329431150363583,171.365327020554,151.1524538606019,0.08928571428571429,3.4469185005546374,14.93841155283541
INFORMER,7-Day Rollout,Operational,Norte Grande,Verano,parque_solar_finis_terrae,7.777189810189789,7.261351979027192,133.36426730798178,112.31467904761523,0.2916666666666667,2.387688774021254,2.7018570215485647
INFORMER,7-Day Rollout,Otoño,Norte Grande,Verano,parque_solar_finis_terrae,26.379068858010267,20.073230401795758,164.18625809674526,132.01068459408987,0.17857142857142858,2.9964078633145186,8.413452297256473
INFORMER,7-Day Rollout,Primavera,Norte Grande,Verano,parque_solar_finis_terrae,49.14452644674479,34.93702660855793,169.80065312448335,139.5151011427737,0.09523809523809523,3.5593072613789922,21.922995768558412
INFORMER,7-Day Rollout,Verano,Norte Grande,Verano,parque_solar_finis_terrae,7.777189810189789,7.261351979027192,133.36426730798178,112.31467904761523,0.2916666666666667,2.387688774021254,2.7018570215485647
INFORMER,Day 1,Raw,Zona Central,Invierno,altos_de_til_til,0.5446708162027107,0.3654760089702904,162.15391533270986,183.83924182284204,0.375,0.04047785783962657,0.06681992864081021
INFORMER,Day 1,Invierno,Zona Central,Invierno,altos_de_til_til,0.545391269990727,0.3661276342657705,162.2953613516019,184.0824119619743,0.375,0.04177636885239432,0.06473658338654792
INFORMER,Day 1,Otoño,Zona Central,Invierno,altos_de_til_til,0.7974444532324269,0.5554206905080719,170.53550201435883,151.94237158444608,0.25,0.05181564922860767,0.08996280726573791
INFORMER,Day 1,Primavera,Zona Central,Invierno,altos_de_til_til,0.833651381868621,0.560733198809127,167.11161524340443,156.23318087481448,0.3333333333333333,0.04957240875810385,0.11252433327026672
INFORMER,Day 1,Verano,Zona Central,Invierno,altos_de_til_til,0.9530965964632808,0.6643332410603762,169.04587727519254,146.6280318855671,0.25,0.050752935900042456,0.12472866810858253
INFORMER,7-Day Rollout,Raw,Zona Central,Invierno,altos_de_til_til,0.508866110220017,0.33368591865685704,150.59184171201062,189.33681002724225,0.2781954887218045,0.06779100750039044,0.12314333837397076
INFORMER,7-Day Rollout,Invierno,Zona Central,Invierno,altos_de_til_til,0.5227463011202117,0.3428018647674471,147.44773418264242,182.80196840914851,0.296,0.059344544630404554,0.12079794340254742
INFORMER,7-Day Rollout,Otoño,Zona Central,Invierno,altos_de_til_til,0.7387249130758842,0.5239816507344672,168.59494612179856,150.66352139913423,0.13095238095238096,0.09224534545506426,0.21672415911496157
INFORMER,7-Day Rollout,Primavera,Zona Central,Invierno,altos_de_til_til,0.8331257613071968,0.5727922687573093,168.45633179708918,154.9261762767774,0.13690476190476192,0.09399270030137682,0.2548507825294066
INFORMER,7-Day Rollout,Verano,Zona Central,Invierno,altos_de_til_til,0.8309577230825621,0.587799583608839,167.2479339885156,146.29353798122744,0.13095238095238096,0.09138033626021795,0.265933681802874
INFORMER,Day 1,Raw,Zona Central,Invierno,las_perdices,0.5667277791105583,0.4580438384534015,151.0657024205071,148.42458322053605,0.4166666666666667,0.04968138111532122,0.1378243755505538
INFORMER,Day 1,Invierno,Zona Central,Invierno,las_perdices,0.5495730599141416,0.4398047320234279,149.5260066522809,157.88071205996403,0.375,0.06882914314822604,0.11932436925514302
INFORMER,Day 1,Operational,Zona Central,Invierno,las_perdices,0.5809474012874485,0.48445790947880596,152.29504713065663,138.02875932617377,0.4166666666666667,0.06069831249575752,0.12553656340460304
INFORMER,Day 1,Otoño,Zona Central,Invierno,las_perdices,1.1605967701041708,0.903900512115797,161.56710838033402,127.97700022978948,0.5,0.09119007562355062,0.09456774874561243
INFORMER,Day 1,Primavera,Zona Central,Invierno,las_perdices,0.5809474012874485,0.48445790947880596,152.29504713065663,138.02875932617377,0.4166666666666667,0.06069831249575752,0.12553656340460304
INFORMER,Day 1,Verano,Zona Central,Invierno,las_perdices,1.45285444151033,1.1588407400995493,162.92440109035854,120.92595544926141,0.5833333333333334,0.09070312976837158,0.08385639485592651
INFORMER,7-Day Rollout,Raw,Zona Central,Invierno,las_perdices,0.5132145888593957,0.40504857833612423,145.77233487520564,162.43199707361055,0.20958083832335328,0.13815644949322006,0.17589093696040953
INFORMER,7-Day Rollout,Invierno,Zona Central,Invierno,las_perdices,0.5043472519874126,0.40516380834352667,148.83159938096034,176.8602031771743,0.2261904761904762,0.1364914165865403,0.12212275565359618
INFORMER,7-Day Rollout,Operational,Zona Central,Invierno,las_perdices,0.7982213071359421,0.5919432858766175,154.45995909823114,153.15521380384368,0.18452380952380953,0.14368563727077313,0.2504493835273863
INFORMER,7-Day Rollout,Otoño,Zona Central,Invierno,las_perdices,0.9893021970742646,0.750304575985432,158.71181632518793,138.4803755148303,0.21428571428571427,0.14703842361077044,0.30377868319785545
INFORMER,7-Day Rollout,Primavera,Zona Central,Invierno,las_perdices,0.7982213071359421,0.5919432858766175,154.45995909823114,153.15521380384368,0.18452380952380953,0.14368563727077313,0.2504493835273863
INFORMER,7-Day Rollout,Verano,Zona Central,Invierno,las_perdices,1.3034806561427819,1.0036226570955478,155.8125376492433,125.71603084210872,0.20833333333333334,0.14211418201295944,0.38853596837212706
INFORMER,Day 1,Raw,Zona Central,Invierno,laurel,1.8447654457464941,1.4891002766477566,165.54225399042883,142.26830322151545,0.375,0.15513165432494133,0.31013283626331667
INFORMER,Day 1,Invierno,Zona Central,Invierno,laurel,1.8457784446892396,1.4883955662177566,165.28900227663013,142.34771339247786,0.375,0.17313934899769567,0.2980203790949117
INFORMER,Day 1,Otoño,Zona Central,Invierno,laurel,2.7091797434886677,2.1185702556318424,161.38955935495744,128.69021185043954,0.5,0.22080221998185534,0.2367479270892661
INFORMER,Day 1,Primavera,Zona Central,Invierno,laurel,1.5419353787685723,1.2004414802261938,148.49033219644997,145.14072118759375,0.4583333333333333,0.13092693862272428,0.3175361215098143
INFORMER,Day 1,Verano,Zona Central,Invierno,laurel,3.580134147063856,2.806499381278021,162.93076126935702,123.51585010073111,0.5833333333333334,0.2026697279943619,0.2312720702049169
INFORMER,7-Day Rollout,Raw,Zona Central,Invierno,laurel,1.218455318106045,0.9813600791855235,159.02259703716535,206.164031727366,0.19642857142857142,0.3882558022846189,0.19986613806768852
INFORMER,7-Day Rollout,Invierno,Zona Central,Invierno,laurel,1.2176872687272275,0.9799885802410306,158.9803516788702,206.039493907718,0.19642857142857142,0.3929067023284959,0.17756712490649104
INFORMER,7-Day Rollout,Otoño,Zona Central,Invierno,laurel,2.5745570324724194,1.9781652229786946,158.30043831726067,132.90513247202605,0.27976190476190477,0.358164314524558,0.7123094394195132
INFORMER,7-Day Rollout,Primavera,Zona Central,Invierno,laurel,1.7553885179036997,1.3234028512677123,166.72275611440998,176.49687923439933,0.13095238095238096,0.3518148919021769,0.6476072348732921
INFORMER,7-Day Rollout,Verano,Zona Central,Invierno,laurel,3.252001230732262,2.4781578511797955,157.0275945192539,128.0008254240659,0.19642857142857142,0.3427683266921945,0.9892632908343028
INFORMER,Day 1,Raw,Zona Central,Invierno,la_lajuela,3.43504746855776,2.9649082942527127,137.89439517666045,96.52756828699872,0.8181818181818182,0.17512401507701725,0.128838602366688
INFORMER,Day 1,Invierno,Zona Central,Invierno,la_lajuela,3.60186776078967,3.25441298186779,130.8964834795707,92.02076249573847,0.9,0.19350508227944374,0.13596197322011006
INFORMER,Day 1,Otoño,Zona Central,Invierno,la_lajuela,3.6986118681309037,2.8171121859923005,170.48700916473584,130.93874557592835,0.25,0.24065280645154416,0.21234545786865075
INFORMER,Day 1,Primavera,Zona Central,Invierno,la_lajuela,2.1606212585828786,1.5295579811402906,156.62030500886627,155.502087881198,0.4166666666666667,0.15150914057545983,0.2746023830298026
INFORMER,Day 1,Verano,Zona Central,Invierno,la_lajuela,4.070288613447232,3.087218451236064,162.80196639171737,128.607441873756,0.2916666666666667,0.22357222720747813,0.3086971160140822
INFORMER,7-Day Rollout,Raw,Zona Central,Invierno,la_lajuela,2.1574246444691387,1.5834077384246334,107.7069637711867,107.50492287650628,0.3972602739726027,0.1598685801019637,0.7664881529347105
INFORMER,7-Day Rollout,Invierno,Zona Central,Invierno,la_lajuela,2.072923967253935,1.5243483493497478,115.52446232331761,113.20094534324096,0.3625,0.22075209009846733,0.6739231110066612
INFORMER,7-Day Rollout,Otoño,Zona Central,Invierno,la_lajuela,3.6149153256746613,2.719522657858934,167.00131437808386,132.9063624896225,0.11904761904761904,0.36859897484305076,1.178283784822859
INFORMER,7-Day Rollout,Primavera,Zona Central,Invierno,la_lajuela,2.7121412081246006,1.8608271481269705,158.16092628966837,155.72968334906176,0.16666666666666666,0.34570375045683854,0.9542765205365695
INFORMER,7-Day Rollout,Verano,Zona Central,Invierno,la_lajuela,3.7819720449682985,2.859288841824136,159.74999418102664,128.95865400078955,0.10119047619047619,0.3463433249562513,1.3853011541060238
INFORMER,Day 1,Raw,Zona Central,Invierno,lipangue,0.9046883417290233,0.6344710855510508,155.70789696499395,160.38624759034963,0.4166666666666667,0.08160470200184401,0.10654870870871691
INFORMER,Day 1,Invierno,Zona Central,Invierno,lipangue,1.0528870488696864,0.76038391453886,137.98674415952226,132.47891277129798,0.5882352941176471,0.08401108834980343,0.0838540625066351
INFORMER,Day 1,Otoño,Zona Central,Invierno,lipangue,0.28990475526479886,0.2732310052185009,131.09474547951768,139.77631991404516,0.4166666666666667,0.053496261798621464,0.1336526111660837
INFORMER,Day 1,Primavera,Zona Central,Invierno,lipangue,1.075591627617411,0.8035096297971904,164.9431275703194,144.40589015287472,0.4583333333333333,0.07502997640985996,0.1073767938107874
INFORMER,Day 1,Verano,Zona Central,Invierno,lipangue,1.0843302064706815,0.839268545988792,156.2667391777114,129.15629048364795,0.5416666666666666,0.07323683260571366,0.1031869874985812
INFORMER,7-Day Rollout,Raw,Zona Central,Invierno,lipangue,0.7723912683996821,0.5405962715055275,125.2962058242459,127.43170392447156,0.4019607843137255,0.09609122709249873,0.1392569454026641
INFORMER,7-Day Rollout,Invierno,Zona Central,Invierno,lipangue,0.7840473846428057,0.5502375541065206,122.86183030280094,124.65786488763419,0.40816326530612246,0.10185820641148073,0.13256047934563864
INFORMER,7-Day Rollout,Otoño,Zona Central,Invierno,lipangue,0.316244228266058,0.30450599807608386,155.77689514651613,279.8100374758779,0.13690476190476192,0.15833377701866475,0.08210420705567929
INFORMER,7-Day Rollout,Primavera,Zona Central,Invierno,lipangue,0.9766161698198668,0.704474906913999,157.69717698503533,150.83915850465348,0.17857142857142858,0.1435039565617195,0.3252450967512524
INFORMER,7-Day Rollout,Verano,Zona Central,Invierno,lipangue,0.8257627524158027,0.5985822157845611,158.2209633430154,164.87349615932817,0.21428571428571427,0.1638570429535494,0.190781005942041
INFORMER,Day 1,Raw,Zona Central,Invierno,luna,0.710774718181702,0.5982770215830442,108.64363243335886,92.4968054449795,0.8181818181818182,0.04422242517024209,0.10782423791784854
INFORMER,Day 1,Invierno,Zona Central,Invierno,luna,0.7533394879537657,0.6534725420176983,102.55526027308952,84.622351610485,0.9,0.045636525414884097,0.09719538774341355
INFORMER,Day 1,Otoño,Zona Central,Invierno,luna,0.8521030540484017,0.6843551403714324,155.23640016300587,126.85900997854043,0.5,0.07157506869971257,0.10798004347301088
INFORMER,Day 1,Primavera,Zona Central,Invierno,luna,0.7315019230237269,0.5393788285922104,152.21304583367913,152.23872252491987,0.4166666666666667,0.06128587196047495,0.11722164156720598
INFORMER,Day 1,Verano,Zona Central,Invierno,luna,1.315664720784398,1.00624904170157,158.79415745455586,128.69768451034233,0.5833333333333334,0.07486736500929207,0.09324959430074775
INFORMER,7-Day Rollout,Raw,Zona Central,Invierno,luna,0.5998115128522189,0.47036694017576947,101.6100390949894,100.9827580772862,0.3620689655172414,0.08190468850608194,0.17892272453195587
INFORMER,7-Day Rollout,Invierno,Zona Central,Invierno,luna,0.5816686253025242,0.44977385603839104,98.0093780474537,101.06324460291636,0.3333333333333333,0.08688259703932297,0.14604398007627184
INFORMER,7-Day Rollout,Otoño,Zona Central,Invierno,luna,0.8262053493560565,0.6681178231317179,154.82837628184686,127.87019084960858,0.27380952380952384,0.1346892621157241,0.24273082632390425
INFORMER,7-Day Rollout,Primavera,Zona Central,Invierno,luna,0.7663964422117809,0.5642269488175858,154.58086593160348,155.12278885891962,0.20238095238095238,0.1405565943262193,0.23463259704907813
INFORMER,7-Day Rollout,Verano,Zona Central,Invierno,luna,1.1810927252284604,0.9025019970100575,154.1277150745432,128.07923762723436,0.22023809523809523,0.13214054902584307,0.3816175193151052
INFORMER,Day 1,Raw,Zona Central,Invierno,pfv_santa_adriana,0.3109438065954727,0.3022435484454036,176.6535274155947,653.9509089026599,0.16666666666666666,0.044901363411918284,0.15994314944061155
INFORMER,Day 1,Invierno,Zona Central,Invierno,pfv_santa_adriana,0.3276150901918265,0.29495178595000954,137.6544220281908,169.62985703617454,0.375,0.053328247529255655,0.1349139832878186
INFORMER,Day 1,Operational,Zona Central,Invierno,pfv_santa_adriana,0.8460421682607481,0.6230853805318475,156.0485910374356,150.17378511076808,0.4166666666666667,0.07735396556866665,0.11594513206121833
INFORMER,Day 1,Otoño,Zona Central,Invierno,pfv_santa_adriana,0.9540187092683529,0.7655303538388883,158.9026981375951,125.41429446982629,0.5,0.08936640415534687,0.1020461654193545
INFORMER,Day 1,Primavera,Zona Central,Invierno,pfv_santa_adriana,0.8460421682607481,0.6230853805318475,156.0485910374356,150.17378511076808,0.4166666666666667,0.07735396556866665,0.11594513206121833
INFORMER,Day 1,Verano,Zona Central,Invierno,pfv_santa_adriana,1.1898162715421254,0.9547116607427597,160.6315862753753,122.01490771332595,0.5416666666666666,0.08092994162191948,0.10069390994807093
INFORMER,7-Day Rollout,Raw,Zona Central,Invierno,pfv_santa_adriana,0.549013945017134,0.42485104485597563,153.84024120384325,170.06006179447053,0.19161676646706588,0.13405433717725065,0.19601369927228438
INFORMER,7-Day Rollout,Invierno,Zona Central,Invierno,pfv_santa_adriana,0.46357137487594335,0.3831481037046788,149.41456592519515,168.60134802748755,0.24404761904761904,0.13290591566853566,0.14246310394333883
INFORMER,7-Day Rollout,Operational,Zona Central,Invierno,pfv_santa_adriana,0.8306939063990818,0.6287102567914102,156.74983195400222,143.954977313183,0.20238095238095238,0.13798334598539527,0.2790242221911329
INFORMER,7-Day Rollout,Otoño,Zona Central,Invierno,pfv_santa_adriana,0.9167687788994733,0.7199743066788263,156.57302298657464,130.65227677275567,0.27976190476190477,0.1404371803256037,0.2706626317841126
INFORMER,7-Day Rollout,Primavera,Zona Central,Invierno,pfv_santa_adriana,0.8306939063990818,0.6287102567914102,156.74983195400222,143.954977313183,0.20238095238095238,0.13798334598539527,0.2790242221911329
INFORMER,7-Day Rollout,Verano,Zona Central,Invierno,pfv_santa_adriana,1.0672539820509936,0.8340800073956849,153.38782914598207,125.00229679907666,0.23214285714285715,0.12984495340067603,0.2957592848833883
INFORMER,Day 1,Raw,Zona Central,Otoño,crucero,0.3105140771446236,0.310487079123656,200.0,0.0,0.0,0.08707599705085158,0.13266291022300733
INFORMER,Day 1,Invierno,Zona Central,Otoño,crucero,0.40591292097857057,0.33144215820357203,163.11131832091706,278.8271695588994,0.2916666666666667,0.05407863553458203,0.130231257256431
INFORMER,Day 1,Operational,Zona Central,Otoño,crucero,0.40591292097857057,0.33144215820357203,163.11131832091706,278.8271695588994,0.2916666666666667,0.05407863553458203,0.130231257256431
INFORMER,Day 1,Otoño,Zona Central,Otoño,crucero,0.9974033467091722,0.7863209099159576,161.17768677248995,127.75506918674635,0.5,0.07942483949106342,0.0928515288387038
INFORMER,Day 1,Primavera,Zona Central,Otoño,crucero,0.614584909866898,0.49981595932816464,167.4876987182102,153.35220130872673,0.3333333333333333,0.056781043740920724,0.11811041129597784
INFORMER,Day 1,Verano,Zona Central,Otoño,crucero,1.3695320469388568,1.0171540219647188,161.5449149564964,134.24787862762227,0.5,0.075105878796118,0.09114090658258656
INFORMER,7-Day Rollout,Raw,Zona Central,Otoño,crucero,0.32352952976139215,0.3205197661050728,196.42857142857142,0.0,0.017857142857142856,0.20937261969028484,0.06987200206411741
INFORMER,7-Day Rollout,Invierno,Zona Central,Otoño,crucero,0.527720241132975,0.4095205224377831,152.73961425093572,187.53382294269912,0.19047619047619047,0.1298767153359583,0.1926902890100795
INFORMER,7-Day Rollout,Operational,Zona Central,Otoño,crucero,0.527720241132975,0.4095205224377831,152.73961425093572,187.53382294269912,0.19047619047619047,0.1298767153359583,0.1926902890100795
INFORMER,7-Day Rollout,Otoño,Zona Central,Otoño,crucero,0.9695635200467736,0.7672373615401046,160.74794707817662,128.93528084098455,0.26785714285714285,0.13477020320080468,0.28175139139903405
INFORMER,7-Day Rollout,Primavera,Zona Central,Otoño,crucero,0.904905726913333,0.6457659314263808,161.5393983462967,157.42162359799937,0.1488095238095238,0.1339829924020597,0.29708736694733495
INFORMER,7-Day Rollout,Verano,Zona Central,Otoño,crucero,1.3237799873792404,0.98823778161646,157.9887565597178,131.87936335821206,0.1488095238095238,0.13264216422602268,0.4369142430562836
INFORMER,Day 1,Raw,Zona Central,Otoño,fotovolt_solar_i,0.15221350411945328,0.1470518576388713,155.00588885859904,189.45040026364154,0.3333333333333333,0.029863630640223463,0.05779925078046901
INFORMER,Day 1,Invierno,Zona Central,Otoño,fotovolt_solar_i,0.26448218387514716,0.21781225765395598,164.79287445624132,164.61202302866582,0.3333333333333333,0.03610350894596195,0.05256152594568756
INFORMER,Day 1,Operational,Zona Central,Otoño,fotovolt_solar_i,0.27016497975705606,0.22414848130271517,160.19643531845657,146.45855496580472,0.375,0.03963345485065778,0.04936109827028005
INFORMER,Day 1,Otoño,Zona Central,Otoño,fotovolt_solar_i,0.27016497975705606,0.22414848130271517,160.19643531845657,146.45855496580472,0.375,0.03963345485065778,0.04936109827028005
INFORMER,Day 1,Primavera,Zona Central,Otoño,fotovolt_solar_i,0.29455039461219196,0.2365218756046185,160.64605118401474,149.72343612235187,0.375,0.033571790551044006,0.05248537948949286
INFORMER,Day 1,Verano,Zona Central,Otoño,fotovolt_solar_i,0.3092635179866612,0.2523784918400149,151.7965641003512,130.16845855395783,0.4583333333333333,0.030903497672018904,0.05097057093710953
INFORMER,7-Day Rollout,Raw,Zona Central,Otoño,fotovolt_solar_i,0.22974752438894677,0.1927312559595618,160.14744522688687,177.19714838422655,0.17261904761904762,0.06722215253065136,0.07888514071044923
INFORMER,7-Day Rollout,Invierno,Zona Central,Otoño,fotovolt_solar_i,0.18914443089856461,0.15793575797279402,152.09366180962093,215.2470922910484,0.23809523809523808,0.0699541170845687,0.029102758144452352
INFORMER,7-Day Rollout,Operational,Zona Central,Otoño,fotovolt_solar_i,0.23453679290434026,0.19764060235421457,159.64469875502456,166.07809236926678,0.22023809523809523,0.07288129951769606,0.04552095748003782
INFORMER,7-Day Rollout,Otoño,Zona Central,Otoño,fotovolt_solar_i,0.23453679290434026,0.19764060235421457,159.64469875502456,166.07809236926678,0.22023809523809523,0.07288129951769606,0.04552095748003782
INFORMER,7-Day Rollout,Primavera,Zona Central,Otoño,fotovolt_solar_i,0.2613568562724345,0.20776572955986694,160.1756316823952,174.1878119454322,0.17261904761904762,0.0674825756976882,0.07042931967962258
INFORMER,7-Day Rollout,Verano,Zona Central,Otoño,fotovolt_solar_i,0.27680056290102095,0.2229123532722226,144.16015148409736,134.1645375118806,0.25,0.06016176863853957,0.06118780407940976
INFORMER,Day 1,Raw,Zona Central,Otoño,gr_santa_rosa,1.0683934010745548,0.972101417201884,157.5294422062793,194.88750307620137,0.25,0.2479880310393582,0.32823776128481497
INFORMER,Day 1,Invierno,Zona Central,Otoño,gr_santa_rosa,2.7357079091226613,2.094791153756281,169.63885495704523,144.56780915828807,0.4166666666666667,0.2028242309422543,0.31496928630707194
INFORMER,Day 1,Operational,Zona Central,Otoño,gr_santa_rosa,2.4683826901475294,1.9683344606395015,168.59467952397716,138.72163063666935,0.4166666666666667,0.2320790158354915,0.3000673584333832
INFORMER,Day 1,Otoño,Zona Central,Otoño,gr_santa_rosa,2.4683826901475294,1.9683344606395015,168.59467952397716,138.72163063666935,0.4166666666666667,0.2320790158354915,0.3000673584333832
INFORMER,Day 1,Primavera,Zona Central,Otoño,gr_santa_rosa,2.6653122653084775,1.8530692006461322,158.54724843443864,161.80500695923283,0.375,0.19053820215631276,0.3266205589985478
INFORMER,Day 1,Verano,Zona Central,Otoño,gr_santa_rosa,5.051856769461529,3.8145822615673146,165.5267940223313,129.23503493716674,0.16666666666666666,0.27888426454737786,0.6230841033471128
INFORMER,7-Day Rollout,Raw,Zona Central,Otoño,gr_santa_rosa,2.6273669771166026,1.9061600319652523,163.83193719026744,159.0861009903832,0.19642857142857142,0.45007881027635055,0.6544387085201923
INFORMER,7-Day Rollout,Invierno,Zona Central,Otoño,gr_santa_rosa,1.830631390993592,1.3298379118948236,151.10070258554006,184.21754486413468,0.23809523809523808,0.4029883388602337,0.2718578402662302
INFORMER,7-Day Rollout,Operational,Zona Central,Otoño,gr_santa_rosa,2.1037587031116685,1.5324965624347984,159.5204878288832,169.9037115534442,0.17261904761904762,0.42087359638344857,0.37828529589470644
INFORMER,7-Day Rollout,Otoño,Zona Central,Otoño,gr_santa_rosa,2.1037587031116685,1.5324965624347984,159.5204878288832,169.9037115534442,0.17261904761904762,0.42087359638344857,0.37828529589470644
INFORMER,7-Day Rollout,Primavera,Zona Central,Otoño,gr_santa_rosa,3.3362411481143783,2.3293481160263974,161.77970831834884,152.74043483926366,0.16666666666666666,0.40561618099438335,1.229580239240914
INFORMER,7-Day Rollout,Verano,Zona Central,Otoño,gr_santa_rosa,4.69467273029061,3.52224436507649,162.17231539194134,130.66720684861568,0.07738095238095238,0.41973358743790806,1.736020692135762
INFORMER,Day 1,Raw,Zona Central,Primavera,donihue,1.4374879849894715,1.084941493448518,160.9543551937533,142.36795510763477,0.43478260869565216,0.10076087954879291,0.2029723561338515
INFORMER,Day 1,Invierno,Zona Central,Primavera,donihue,1.049379089284355,0.7544073059689254,147.22600519505934,166.7580914834675,0.4166666666666667,0.10005076519446447,0.1921032068358426
INFORMER,Day 1,Otoño,Zona Central,Primavera,donihue,3.0254275229543075,2.0956584259402007,172.61387182610662,147.23899629286967,0.20833333333333334,0.1697745169008461,0.4921108788228595
INFORMER,Day 1,Primavera,Zona Central,Primavera,donihue,1.413233662166368,1.0661561886663549,162.65351865957174,146.05129189581007,0.4166666666666667,0.11469025706852942,0.18849716981349063
INFORMER,Day 1,Verano,Zona Central,Primavera,donihue,4.511386068347736,3.4070394285954535,174.58673254866605,129.76312442338985,0.125,0.21419583519455046,1.1669207197846845
INFORMER,7-Day Rollout,Raw,Zona Central,Primavera,donihue,1.2164756753364638,0.901471471514352,163.3342194804618,168.494666589868,0.2215568862275449,0.2547570774532453,0.27643148476915985
INFORMER,7-Day Rollout,Invierno,Zona Central,Primavera,donihue,1.6257011185278278,1.0851300001204003,154.01931260327305,170.12381791239136,0.22023809523809523,0.22049520490209465,0.5032462037719684
INFORMER,7-Day Rollout,Otoño,Zona Central,Primavera,donihue,3.523846609514999,2.5215505590437846,173.1226904392035,140.12962500885692,0.06547619047619048,0.2871571193887836,1.441228430603085
INFORMER,7-Day Rollout,Primavera,Zona Central,Primavera,donihue,1.2119334908372628,0.8977816092249539,163.43403593925845,168.87070908908632,0.19047619047619047,0.24971623572942225,0.2724824983349426
INFORMER,7-Day Rollout,Verano,Zona Central,Primavera,donihue,3.890353459614327,2.730958136315555,167.72147776430418,141.1417680467452,0.05357142857142857,0.29296472941721935,1.5278161700053434
INFORMER,Day 1,Raw,Zona Central,Primavera,pfv_jose_soler_mallafre,0.27542018022255776,0.1791642358445603,151.28296081808762,165.8325797443805,0.391304347826087,0.018537322439901204,0.038847716387523296
INFORMER,Day 1,Invierno,Zona Central,Primavera,pfv_jose_soler_mallafre,0.3273973546707653,0.22436484571395945,158.7105376776063,157.05135959164159,0.4583333333333333,0.02041336552035015,0.03245477763369614
INFORMER,Day 1,Otoño,Zona Central,Primavera,pfv_jose_soler_mallafre,0.419209788194565,0.26106760765833315,182.0858456816435,189.30398446930408,0.125,0.029195112251666915,0.06561945463690794
INFORMER,Day 1,Primavera,Zona Central,Primavera,pfv_jose_soler_mallafre,0.27037028842989114,0.17585224208111563,153.28060532869446,169.86991470204939,0.375,0.020265630694727102,0.03910074697341773
INFORMER,Day 1,Verano,Zona Central,Primavera,pfv_jose_soler_mallafre,0.49896331513740727,0.29584907585134107,181.86351053956275,196.19617586549106,0.125,0.02780875513950984,0.09558674627915027
INFORMER,7-Day Rollout,Raw,Zona Central,Primavera,pfv_jose_soler_mallafre,0.4784878009253674,0.29515242407030096,161.93861406678604,169.8876677378893,0.16167664670658682,0.044685426400922115,0.16608222561948002
INFORMER,7-Day Rollout,Invierno,Zona Central,Primavera,pfv_jose_soler_mallafre,0.3078749593782562,0.1977261659628225,161.03793246813493,184.90825164186612,0.19642857142857142,0.04225586863454585,0.0797073916688565
INFORMER,7-Day Rollout,Otoño,Zona Central,Primavera,pfv_jose_soler_mallafre,0.6143423099710317,0.4219741247655975,173.66959899947406,148.22285823469667,0.06547619047619048,0.050442404987911096,0.24069489840360211
INFORMER,7-Day Rollout,Primavera,Zona Central,Primavera,pfv_jose_soler_mallafre,0.47661119221756076,0.2934371107919668,161.98320284377854,170.23467721499244,0.14285714285714285,0.04451030151597349,0.1723601207802165
INFORMER,7-Day Rollout,Verano,Zona Central,Primavera,pfv_jose_soler_mallafre,0.492278946644186,0.30455723556224257,173.58206273403815,177.47687123450572,0.05952380952380952,0.046912643044821116,0.17636375261187953
INFORMER,Day 1,Raw,Zona Central,Primavera,pfv_villa_seca,1.3217434520648768,0.9531553542086234,165.65683384156563,135.88767017129862,0.20833333333333334,0.07115289816089597,0.21253175042802472
INFORMER,Day 1,Invierno,Zona Central,Primavera,pfv_villa_seca,0.4961526042214767,0.36684757506342675,156.78457795555858,157.67531940941427,0.4166666666666667,0.04034695714679704,0.0764745864572585
INFORMER,Day 1,Otoño,Zona Central,Primavera,pfv_villa_seca,1.2600334830675128,0.9194590062252246,171.7287470215105,136.76291963520976,0.16666666666666666,0.07099406497145537,0.16479617942920113
INFORMER,Day 1,Primavera,Zona Central,Primavera,pfv_villa_seca,1.3219110053260321,0.9551440140154833,166.17999073757403,135.89656649476933,0.16666666666666666,0.06959727096254938,0.22145201094099323
INFORMER,Day 1,Verano,Zona Central,Primavera,pfv_villa_seca,1.3150464700897766,0.9124294084807237,174.35286960068055,147.7611877267882,0.16666666666666666,0.06841135326152047,0.23122736038640146
INFORMER,7-Day Rollout,Raw,Zona Central,Primavera,pfv_villa_seca,1.3364044022667523,0.9602683557729635,170.2205113906749,138.42980565879085,0.09523809523809523,0.10527783121824974,0.5182466238049702
INFORMER,7-Day Rollout,Invierno,Zona Central,Primavera,pfv_villa_seca,0.5315109989624072,0.3654257506161143,155.90519860472,177.45486289697604,0.21428571428571427,0.08326992940982823,0.15177515916124368
INFORMER,7-Day Rollout,Otoño,Zona Central,Primavera,pfv_villa_seca,1.19188752585469,0.8536229341532037,168.75729801099754,139.82815168144677,0.08928571428571429,0.10387343323042539,0.43052751816375395
INFORMER,7-Day Rollout,Primavera,Zona Central,Primavera,pfv_villa_seca,1.335408195314785,0.9593935322094088,170.14527831091476,138.32578870291448,0.08928571428571429,0.10243317685782954,0.5395685521339709
INFORMER,7-Day Rollout,Verano,Zona Central,Primavera,pfv_villa_seca,1.2040412529478606,0.8424828523334327,161.06051685942558,140.75347144548294,0.10119047619047619,0.09685929558136953,0.42348079564674646
INFORMER,Day 1,Raw,Zona Central,Verano,alto_solar,0.21358368227144298,0.21352015001078448,200.0,0.0,0.0,0.014763883625467619,0.10708234210809082
INFORMER,Day 1,Invierno,Zona Central,Verano,alto_solar,1.138679964167687,0.7459687946150856,175.26815378741486,164.78331465656578,0.20833333333333334,0.057515531903967104,0.1832306040843833
INFORMER,Day 1,Operational,Zona Central,Verano,alto_solar,1.3121710125177053,0.901877667104903,166.71046989620072,145.97789019616394,0.20833333333333334,0.07025836757723786,0.24935894332059738
INFORMER,Day 1,Otoño,Zona Central,Verano,alto_solar,1.3008000521649012,0.8792750354138358,167.15063792846374,149.5679013439783,0.25,0.06707477771997218,0.23828712855417208
INFORMER,Day 1,Primavera,Zona Central,Verano,alto_solar,0.9827818380305,0.7024535846345922,172.1100194835121,145.80388378113767,0.3333333333333333,0.051891223259432684,0.08644327884109475
INFORMER,Day 1,Verano,Zona Central,Verano,alto_solar,1.3121710125177053,0.901877667104903,166.71046989620072,145.97789019616394,0.20833333333333334,0.07025836757723786,0.24935894332059738
INFORMER,7-Day Rollout,Raw,Zona Central,Verano,alto_solar,0.22193505679945746,0.22189213601606234,200.0,0.0,0.0,0.12276616634002753,0.056279309448741786
INFORMER,7-Day Rollout,Invierno,Zona Central,Verano,alto_solar,0.677646755597134,0.40233551247902577,169.1404540320518,232.00627433664894,0.10714285714285714,0.10913867403972592,0.11565673722636263
INFORMER,7-Day Rollout,Operational,Zona Central,Verano,alto_solar,1.2095529457721192,0.8039085847641607,162.88982229707,152.20415232982032,0.125,0.10671176068759189,0.42191699731476895
INFORMER,7-Day Rollout,Otoño,Zona Central,Verano,alto_solar,1.2108029675079781,0.8025528770466779,162.80771306647074,152.5916633027246,0.11904761904761904,0.10375655230170759,0.42216728712207574
INFORMER,7-Day Rollout,Primavera,Zona Central,Verano,alto_solar,0.8854532206730755,0.544920626286815,173.48236483099225,191.43993453259313,0.09523809523809523,0.10372580964953418,0.2955650794437177
INFORMER,7-Day Rollout,Verano,Zona Central,Verano,alto_solar,1.2095529457721192,0.8039085847641607,162.88982229707,152.20415232982032,0.125,0.10671176068759189,0.42191699731476895
INFORMER,Day 1,Raw,Zona Central,Verano,chancon,1.1855309331713766,0.875445353796143,162.524917183762,131.2551521591911,0.375,0.05275029901495145,0.09667889396647909
INFORMER,Day 1,Invierno,Zona Central,Verano,chancon,0.7168415848897772,0.5217508817246804,171.54938996836756,152.27745992255544,0.375,0.05594991667118545,0.06898950050041706
INFORMER,Day 1,Otoño,Zona Central,Verano,chancon,1.0494279203671106,0.7669033615432758,167.24603075404775,136.49554065973237,0.2916666666666667,0.06623540776078395,0.11217503303608589
INFORMER,Day 1,Primavera,Zona Central,Verano,chancon,0.6426156183727076,0.4590563681752731,159.0249077395696,149.74319301277805,0.4166666666666667,0.04422843718202785,0.08434794440011811
INFORMER,Day 1,Verano,Zona Central,Verano,chancon,1.185157970577052,0.8748870004589359,162.28939193733876,131.21887196812622,0.2916666666666667,0.06627245435180763,0.15991171364051607
INFORMER,7-Day Rollout,Raw,Zona Central,Verano,chancon,1.237457298800647,0.8974365031653655,162.86748436781448,134.7724928440027,0.15476190476190477,0.09963642082343756,0.46008608881493274
INFORMER,7-Day Rollout,Invierno,Zona Central,Verano,chancon,0.4288513380299108,0.29914129432461867,167.26763314126808,235.96626344552612,0.17261904761904762,0.10946996997112299,0.05381214921620716
INFORMER,7-Day Rollout,Otoño,Zona Central,Verano,chancon,1.1039687731191905,0.8026644113486198,167.81274979705796,137.62535726029333,0.11904761904761904,0.10354187975158634,0.41481449513813307
INFORMER,7-Day Rollout,Primavera,Zona Central,Verano,chancon,0.7040823973305802,0.44328249976180295,172.5003959129338,204.64019133196635,0.08928571428571429,0.10501923668146317,0.24476261708502237
INFORMER,7-Day Rollout,Verano,Zona Central,Verano,chancon,1.2361871276382135,0.8964900480683095,162.62204198181973,134.63382658492569,0.125,0.10118453890900128,0.5033615457861396
INFORMER,Day 1,Raw,Zona Central,Verano,chimbarongo,0.4383777870886804,0.3193229613825679,141.26401077759823,145.71868573853703,0.5,0.028309411322698,0.08469269494526095
INFORMER,Day 1,Invierno,Zona Central,Verano,chimbarongo,0.5039540460343024,0.3517582926651812,158.22739235354732,173.01948631831345,0.4166666666666667,0.04221256602068024,0.07871419927602506
INFORMER,Day 1,Otoño,Zona Central,Verano,chimbarongo,1.2291778099291493,0.9051877708019068,172.18141913123458,135.49112525312972,0.125,0.07584735235432163,0.19808650234481326
INFORMER,Day 1,Primavera,Zona Central,Verano,chimbarongo,0.2426387351026629,0.22771975630125021,143.12085304814926,128.71831059636304,0.4166666666666667,0.03821220671182459,0.08162257751256265
INFORMER,Day 1,Verano,Zona Central,Verano,chimbarongo,0.4393657732419305,0.32104634602243703,142.40196438120387,146.67244999196768,0.4583333333333333,0.03910131060983985,0.07778977840983627
INFORMER,7-Day Rollout,Raw,Zona Central,Verano,chimbarongo,1.0845354415564379,0.7542274886025206,157.3689188210656,140.83614496012177,0.18452380952380953,0.09249165918917719,0.4196493118996581
INFORMER,7-Day Rollout,Invierno,Zona Central,Verano,chimbarongo,0.3319297180533481,0.24982063068758484,168.60653499140247,317.47654648166593,0.15476190476190477,0.11844149939773463,0.0462136608171802
INFORMER,7-Day Rollout,Otoño,Zona Central,Verano,chimbarongo,1.1532841730441736,0.8474112684079144,169.78764039960996,136.32055089025715,0.08333333333333333,0.10772006157423884,0.4214738102305766
INFORMER,7-Day Rollout,Primavera,Zona Central,Verano,chimbarongo,0.6324067588899376,0.38935424133990587,169.71716893039894,220.48893257486034,0.08928571428571429,0.10368141223077851,0.2177362357817222
INFORMER,7-Day Rollout,Verano,Zona Central,Verano,chimbarongo,1.0828186811091913,0.753733132690156,157.8028568160733,140.6982684609456,0.17857142857142858,0.09501221554682203,0.44630028411831
INFORMER,Day 1,Raw,Zona Central,Verano,don_eugenio,1.2083665330500337,0.8455416214176997,162.48329436656934,140.9254889915057,0.375,0.05078339912603649,0.14347502717355387
INFORMER,Day 1,Invierno,Zona Central,Verano,don_eugenio,0.885287884076629,0.6272583114187,173.23664294897122,152.21225061628567,0.2916666666666667,0.056671278101809254,0.06847842087760612
INFORMER,Day 1,Otoño,Zona Central,Verano,don_eugenio,1.4212229640151857,1.033208412642125,175.67315234474836,137.33527305267316,0.125,0.07854942122260884,0.2975366944864315
INFORMER,Day 1,Primavera,Zona Central,Verano,don_eugenio,0.7969166404022585,0.5352172876397768,163.32694417340764,158.56609046526003,0.3333333333333333,0.050822958226005244,0.09790810023744907
INFORMER,Day 1,Verano,Zona Central,Verano,don_eugenio,1.2083044233535623,0.8468130198307335,162.77372624286912,140.92039714104433,0.2916666666666667,0.05955465228762478,0.20635648766377326
INFORMER,7-Day Rollout,Raw,Zona Central,Verano,don_eugenio,1.336064679575515,0.9564571016491925,162.69072752144032,136.20647498705992,0.13095238095238096,0.1001272340174773,0.5038386647610652
INFORMER,7-Day Rollout,Invierno,Zona Central,Verano,don_eugenio,0.5150984397553532,0.34190892552307905,170.93778743812672,233.24499193133025,0.125,0.11227377110045446,0.06623975374246652
INFORMER,7-Day Rollout,Otoño,Zona Central,Verano,don_eugenio,1.2734064812983794,0.9093420569554708,169.5223381672094,140.11314560949947,0.07738095238095238,0.1078400039207996,0.5132883062683332
INFORMER,7-Day Rollout,Primavera,Zona Central,Verano,don_eugenio,0.9895851342507521,0.6438832492226322,170.37742578843012,167.5892745684993,0.10119047619047619,0.10274309686890426,0.37497695491899885
INFORMER,7-Day Rollout,Verano,Zona Central,Verano,don_eugenio,1.3340235689430604,0.9555267869332963,162.46674441840423,135.99767167441087,0.11904761904761904,0.10072612078808103,0.546015954764327
INFORMER,Day 1,Raw,Zona Central,Verano,el_pilpen,1.6152762113591763,1.1210431792539264,164.07256828074918,141.72745321360532,0.20833333333333334,0.07091541197566281,0.3681032024358805
INFORMER,Day 1,Invierno,Zona Central,Verano,el_pilpen,0.876337893858232,0.6324188527457105,175.57639062472325,149.38780196848623,0.375,0.061823712340750105,0.062182973192345094
INFORMER,Day 1,Otoño,Zona Central,Verano,el_pilpen,1.3765661583903601,1.0035360711869241,175.2899713543521,136.8993460259658,0.08333333333333333,0.08080576855354593,0.2730544176352851
INFORMER,Day 1,Primavera,Zona Central,Verano,el_pilpen,0.9061873799958958,0.62873838086792,165.67744978376615,148.1083725484825,0.375,0.059016305034977755,0.10873499105491652
INFORMER,Day 1,Verano,Zona Central,Verano,el_pilpen,1.6155730679308755,1.1227491360962933,164.42460272417557,141.7454016095015,0.20833333333333334,0.07885595664580856,0.42639703741078855
INFORMER,7-Day Rollout,Raw,Zona Central,Verano,el_pilpen,1.5881758436653608,1.1496708870320078,166.61616417122863,134.87429246429642,0.13095238095238096,0.1111810531918158,0.6886254479134508
INFORMER,7-Day Rollout,Invierno,Zona Central,Verano,el_pilpen,0.5228686796780379,0.34217492890279355,165.27306794385345,215.84623017447166,0.1488095238095238,0.10719851129760431,0.06604543991582087
INFORMER,7-Day Rollout,Otoño,Zona Central,Verano,el_pilpen,1.319895673931099,0.9337604647480475,169.52299753921923,141.6081913055622,0.07738095238095238,0.11116566473854272,0.5425393680211484
INFORMER,7-Day Rollout,Primavera,Zona Central,Verano,el_pilpen,0.9951648154946955,0.6331177145661752,176.83345971662766,177.97071016907051,0.10119047619047619,0.1100169024726321,0.3876434626690709
INFORMER,7-Day Rollout,Verano,Zona Central,Verano,el_pilpen,1.5866276195060065,1.1488790499197012,166.5516125846842,134.74180104940777,0.125,0.11238945764234605,0.73296279954888
INFORMER,Day 1,Raw,Zona Central,Verano,el_roble,2.8591141443628176,1.8332880797485511,177.7161659759588,178.5723604041354,0.20833333333333334,0.14905873984098436,0.3778231497233115
INFORMER,Day 1,Invierno,Zona Central,Verano,el_roble,2.6386861347122457,1.8879285297977428,178.19349132164504,151.75048661286354,0.20833333333333334,0.18592582376829037,0.21818076380683746
INFORMER,Day 1,Otoño,Zona Central,Verano,el_roble,3.9481551307662697,2.8460489362684407,172.2344530356415,138.55257617063234,0.125,0.22659996942402358,0.7841635530203955
INFORMER,Day 1,Primavera,Zona Central,Verano,el_roble,2.7070443552788532,1.8107273725327104,166.6160247643437,157.71087274403678,0.25,0.15336692000661664,0.35938884279457867
INFORMER,Day 1,Verano,Zona Central,Verano,el_roble,2.8600721559007636,1.8391329211493332,177.79144659086683,178.6321951546866,0.125,0.1751993113507827,0.4747095799073579
INFORMER,7-Day Rollout,Raw,Zona Central,Verano,el_roble,3.930363622960056,2.716991148846102,167.77005542482956,145.2936607629787,0.1130952380952381,0.3166090089774419,1.482518706397622
INFORMER,7-Day Rollout,Invierno,Zona Central,Verano,el_roble,1.6329484469763613,1.0664074842197155,167.08417476607735,212.78017441661,0.11904761904761904,0.31935415909483816,0.21488468826357593
INFORMER,7-Day Rollout,Otoño,Zona Central,Verano,el_roble,3.5194389975571183,2.4844223750533763,170.74230985853336,144.80016418542738,0.07738095238095238,0.32890778673083976,1.3353389956236699
INFORMER,7-Day Rollout,Primavera,Zona Central,Verano,el_roble,2.8358975521076486,1.7695119511370736,174.95165870430597,184.19247981229648,0.08333333333333333,0.31321126983519726,1.0622133090517307
INFORMER,7-Day Rollout,Verano,Zona Central,Verano,el_roble,3.9247600962031406,2.714491802719186,167.5677243500476,145.08626865446882,0.08928571428571429,0.3164307407644845,1.5959159206625155
INFORMER,Day 1,Raw,Zona Central,Verano,el_sauce,1.0046227773428076,0.6363107819731036,181.92623552196875,181.5062233435496,0.16666666666666666,0.03742895556303362,0.13029346042312687
INFORMER,Day 1,Invierno,Zona Central,Verano,el_sauce,0.8414505628253806,0.5846563149243593,176.12078630012294,160.82747096627804,0.2916666666666667,0.05265807748461763,0.07055742753048744
INFORMER,Day 1,Otoño,Zona Central,Verano,el_sauce,1.3046679360448667,0.9453359873283868,174.66360006114593,139.00980289600707,0.125,0.06984676286623047,0.22212140488718438
INFORMER,Day 1,Primavera,Zona Central,Verano,el_sauce,0.7429832595332003,0.4960443864062351,162.01449008882324,160.18900302862673,0.3333333333333333,0.044909986200946155,0.08924943743792642
INFORMER,Day 1,Verano,Zona Central,Verano,el_sauce,1.0033107358647937,0.6369449337944388,181.94337918049655,181.2691754695463,0.125,0.05591362896375358,0.1795205799086641
INFORMER,7-Day Rollout,Raw,Zona Central,Verano,el_sauce,1.2404793727072685,0.872760294377388,168.6546718872461,142.9665631866286,0.10119047619047619,0.10017188644085848,0.4614522979958218
INFORMER,7-Day Rollout,Invierno,Zona Central,Verano,el_sauce,0.48896301130537095,0.3211793562445212,169.8967523131403,240.35869626734788,0.11904761904761904,0.10185302772610863,0.07330985954147787
INFORMER,7-Day Rollout,Otoño,Zona Central,Verano,el_sauce,1.2101473369264346,0.8569948591990678,172.74191805819862,144.28149008572692,0.07142857142857142,0.10681953635895416,0.45334766885615096
INFORMER,7-Day Rollout,Primavera,Zona Central,Verano,el_sauce,0.877533373091622,0.5266098299880035,177.2595022656318,203.45753373001165,0.07142857142857142,0.10199191550695798,0.3283168252228019
INFORMER,7-Day Rollout,Verano,Zona Central,Verano,el_sauce,1.2385852202972223,0.8717133884028521,168.4401724499803,142.74767722663242,0.08333333333333333,0.10212985785609427,0.5012833969158583
INFORMER,Day 1,Raw,Zona Central,Verano,la_acacia,0.6057757980563018,0.6055543745557467,200.0,0.0,0.0,0.08685616633544364,0.2841784109671913
INFORMER,Day 1,Invierno,Zona Central,Verano,la_acacia,0.5879232293516601,0.5375291646287982,139.20901751907283,161.5573226082558,0.375,0.1185392374771671,0.2297352142173359
INFORMER,Day 1,Operational,Zona Central,Verano,la_acacia,3.6704672481464784,2.746723993991812,168.57050321232865,131.57227625414703,0.25,0.1913172555156052,0.6322491231995325
INFORMER,Day 1,Otoño,Zona Central,Verano,la_acacia,3.0260898959446423,2.1877847129362635,165.49382975821754,137.97954452752316,0.20833333333333334,0.1775033616567574,0.32083380192149596
INFORMER,Day 1,Primavera,Zona Central,Verano,la_acacia,0.520701589944155,0.47616651302814716,133.59434828708157,181.97811789809165,0.4166666666666667,0.06469281627663197,0.2628734035522941
INFORMER,Day 1,Verano,Zona Central,Verano,la_acacia,3.6704672481464784,2.746723993991812,168.57050321232865,131.57227625414703,0.25,0.1913172555156052,0.6322491231995325
INFORMER,7-Day Rollout,Raw,Zona Central,Verano,la_acacia,0.6320552764192517,0.6318975073241052,200.0,0.0,0.0,0.3595749870208757,0.1566982076636384
INFORMER,7-Day Rollout,Invierno,Zona Central,Verano,la_acacia,0.5185254162018248,0.4664013210848534,113.91873177859108,115.24654476855858,0.35106382978723405,0.1628741433067548,0.17246637374773616
INFORMER,7-Day Rollout,Operational,Zona Central,Verano,la_acacia,3.417687391556027,2.527099566868163,167.406039056208,133.48943674184116,0.10714285714285714,0.2807204808088413,1.222611967637273
INFORMER,7-Day Rollout,Otoño,Zona Central,Verano,la_acacia,2.6849955550129447,1.8915043741045727,169.49149373282216,149.2601278629354,0.1130952380952381,0.3117023620870982,0.7754082522130071
INFORMER,7-Day Rollout,Primavera,Zona Central,Verano,la_acacia,1.8355710452165195,1.301718683021699,156.1749966573382,151.80621236481173,0.17261904761904762,0.2608307255254528,0.5775142606478508
INFORMER,7-Day Rollout,Verano,Zona Central,Verano,la_acacia,3.417687391556027,2.527099566868163,167.406039056208,133.48943674184116,0.10714285714285714,0.2807204808088413,1.222611967637273
INFORMER,Day 1,Raw,Zona Central,Verano,la_blanquina,0.6326766077382144,0.6311832502833568,195.89991841950638,7328.575740662764,0.041666666666666664,0.10170018770634971,0.3026073281236073
INFORMER,Day 1,Invierno,Zona Central,Verano,la_blanquina,2.481905622474676,1.7785073147388175,173.45875839032905,151.64785439650694,0.375,0.16673212509485894,0.20289808040446
INFORMER,Day 1,Operational,Zona Central,Verano,la_blanquina,2.975317267478732,2.114327193897528,162.03512781047456,140.48467406117098,0.2916666666666667,0.19096368963170485,0.3031798964540941
INFORMER,Day 1,Otoño,Zona Central,Verano,la_blanquina,2.975317267478732,2.114327193897528,162.03512781047456,140.48467406117098,0.2916666666666667,0.19096368963170485,0.3031798964540941
INFORMER,Day 1,Primavera,Zona Central,Verano,la_blanquina,3.1568731705050324,2.2292341193096945,170.45387742830297,145.29999905767107,0.25,0.18199969485503972,0.37844055357345513
INFORMER,Day 1,Verano,Zona Central,Verano,la_blanquina,4.795954289542722,3.5868033420604966,171.29980928807075,130.61900245795823,0.16666666666666666,0.23665715967460224,0.9967286547102656
INFORMER,7-Day Rollout,Raw,Zona Central,Verano,la_blanquina,2.113166909368076,1.4000590419988537,171.31186537760107,180.33638344258952,0.16666666666666666,0.3110180207039298,0.6046357645580775
INFORMER,7-Day Rollout,Invierno,Zona Central,Verano,la_blanquina,1.4489305382054412,0.9650339482643522,168.66237979443775,236.718008386149,0.16071428571428573,0.3267120847901121,0.17011564644958752
INFORMER,7-Day Rollout,Operational,Zona Central,Verano,la_blanquina,2.0204279431485297,1.3325528142460306,170.2885527480129,182.73839975601163,0.125,0.31440355290925204,0.5512724063320223
INFORMER,7-Day Rollout,Otoño,Zona Central,Verano,la_blanquina,2.0204279431485297,1.3325528142460306,170.2885527480129,182.73839975601163,0.125,0.31440355290925204,0.5512724063320223
INFORMER,7-Day Rollout,Primavera,Zona Central,Verano,la_blanquina,2.593609510435852,1.605172886881822,174.750606782583,193.61325189504396,0.08928571428571429,0.304232231826782,0.8640349308368361
INFORMER,7-Day Rollout,Verano,Zona Central,Verano,la_blanquina,4.0735925930188515,2.814801630874475,163.4496651955842,143.29249822092746,0.07142857142857142,0.3268938657694629,1.3967596451264053
INFORMER,Day 1,Raw,Zona Central,Verano,la_frontera,1.1565290027739281,0.8511975892785509,150.5748274762003,133.3883412348077,0.625,0.05184592929811819,0.1265263059531815
INFORMER,Day 1,Invierno,Zona Central,Verano,la_frontera,1.7466718881553207,1.1410423518294313,173.48178814046332,163.87147914990544,0.20833333333333334,0.09520666177898723,0.27395157373733436
INFORMER,Day 1,Otoño,Zona Central,Verano,la_frontera,2.1668456723084977,1.4907661721032734,167.82790392051012,145.36147903765547,0.20833333333333334,0.11302189065027052,0.4167687674111222
INFORMER,Day 1,Primavera,Zona Central,Verano,la_frontera,1.5398903766254415,1.0809805886113952,168.99734492485862,150.33731194198674,0.2916666666666667,0.08057423337485338,0.1441463817341344
INFORMER,Day 1,Verano,Zona Central,Verano,la_frontera,1.1564000658250222,0.8541227521511446,153.71963820107612,133.98311193942297,0.5,0.07478809563809674,0.10818157856420947
INFORMER,7-Day Rollout,Raw,Zona Central,Verano,la_frontera,1.5344459445808287,1.0586817311890362,157.74436469934864,144.84933480467794,0.21428571428571427,0.14657564821758404,0.4860751471498411
INFORMER,7-Day Rollout,Invierno,Zona Central,Verano,la_frontera,1.0113223307336214,0.5935891073713178,167.63980935700462,247.99732451292758,0.09523809523809523,0.1796411195488488,0.1798466334118633
INFORMER,7-Day Rollout,Otoño,Zona Central,Verano,la_frontera,2.1017097943357363,1.4418992675086233,167.077197867113,146.33216016437328,0.10714285714285714,0.17341552620237052,0.8082384886129148
INFORMER,7-Day Rollout,Primavera,Zona Central,Verano,la_frontera,1.4203759263459166,0.8619542916636211,169.51388767879791,193.34234670764278,0.08928571428571429,0.1648980830238917,0.4556295486788975
INFORMER,7-Day Rollout,Verano,Zona Central,Verano,la_frontera,1.531454069038806,1.0565562143000486,157.23794401231268,144.51921673926236,0.18452380952380953,0.1501467649020578,0.5152319928602859
INFORMER,Day 1,Raw,Zona Central,Verano,la_manga_i,0.9114015706346699,0.6410236160057442,153.94093584982963,139.53290092267176,0.5,0.04018197032613292,0.07484880651706292
INFORMER,Day 1,Invierno,Zona Central,Verano,la_manga_i,0.8455922099979143,0.5792034198433006,170.42680109824187,158.67276723130342,0.2916666666666667,0.05596315180737293,0.09205810572748312
INFORMER,Day 1,Otoño,Zona Central,Verano,la_manga_i,0.9754390603398996,0.677569120763413,163.02566295181612,146.34022461772454,0.2916666666666667,0.05817052386749613,0.10993281905296808
INFORMER,Day 1,Primavera,Zona Central,Verano,la_manga_i,0.8183388873113039,0.5776023999399816,166.88494208409466,149.68680555667723,0.2916666666666667,0.055380998646918055,0.09047117316125276
INFORMER,Day 1,Verano,Zona Central,Verano,la_manga_i,0.9120795176749058,0.6420851017222352,154.6221472237704,139.86448263562318,0.375,0.05128001813354786,0.08398184752804816
INFORMER,7-Day Rollout,Raw,Zona Central,Verano,la_manga_i,0.9004348071507947,0.6447532603699249,153.8712766712535,137.37493130946226,0.21428571428571427,0.08803567574803065,0.28501149815154786
INFORMER,7-Day Rollout,Invierno,Zona Central,Verano,la_manga_i,0.509903978877503,0.3332730578967823,167.40663180675259,230.48145422813113,0.14285714285714285,0.10869163066570524,0.0668813568404219
INFORMER,7-Day Rollout,Otoño,Zona Central,Verano,la_manga_i,0.9123440139824609,0.6436445290930264,160.8576799495788,144.21395510147622,0.13690476190476192,0.09592297587568326,0.3005848874519697
INFORMER,7-Day Rollout,Primavera,Zona Central,Verano,la_manga_i,0.701183324850597,0.458454791818586,171.43195093206353,188.20152521724899,0.10714285714285714,0.09848216183825682,0.22833087166719274
INFORMER,7-Day Rollout,Verano,Zona Central,Verano,la_manga_i,0.8993039011535015,0.643855950719219,153.76504229616418,137.21685586129183,0.20238095238095238,0.08922727728769189,0.3043889870407873
INFORMER,Day 1,Raw,Zona Central,Verano,los_libertadores,3.446676960620442,2.398055247652034,165.27032953178218,142.59430094294478,0.20833333333333334,0.17405115783525008,0.5767425693416348
INFORMER,Day 1,Invierno,Zona Central,Verano,los_libertadores,0.5749050296017995,0.5747776677211126,200.0,0.0,0.0,0.14021145688990752,0.24501455823580445
INFORMER,Day 1,Operational,Zona Central,Verano,los_libertadores,3.5982766115461384,2.5034227073192596,166.058471156089,142.66192172918554,0.20833333333333334,0.17413584794849157,0.7157595013578734
INFORMER,Day 1,Otoño,Zona Central,Verano,los_libertadores,3.2496888854310453,2.2372121593604484,166.3846718696731,145.66745194341877,0.25,0.18250059730683765,0.5937634578906001
INFORMER,Day 1,Primavera,Zona Central,Verano,los_libertadores,2.8647776888881866,1.8436867341709633,166.72577534435973,163.04803461873712,0.20833333333333334,0.14529720488159606,0.5349833937749889
INFORMER,Day 1,Verano,Zona Central,Verano,los_libertadores,3.5982766115461384,2.5034227073192596,166.058471156089,142.66192172918554,0.20833333333333334,0.17413584794849157,0.7157595013578734
INFORMER,7-Day Rollout,Raw,Zona Central,Verano,los_libertadores,3.5044833510126847,2.4448086063688,164.7635072972359,142.23091303250064,0.1130952380952381,0.2816757770277383,1.3210727441412884
INFORMER,7-Day Rollout,Invierno,Zona Central,Verano,los_libertadores,1.1293081469955584,0.7499118769444711,182.73908993016437,379.6234692532541,0.07142857142857142,0.3147809760761633,0.3012926087279717
INFORMER,7-Day Rollout,Operational,Zona Central,Verano,los_libertadores,3.5472840148347027,2.481290662727718,165.2647023323795,141.66698099839195,0.10119047619047619,0.2727913323933968,1.3809990035891089
INFORMER,7-Day Rollout,Otoño,Zona Central,Verano,los_libertadores,3.0917002024301117,2.133210042965597,166.37410681284206,146.1824264302064,0.11904761904761904,0.27653877959784107,1.133213476368113
INFORMER,7-Day Rollout,Primavera,Zona Central,Verano,los_libertadores,2.7140341555621816,1.6846771581320357,161.22236685006516,169.86870788599586,0.125,0.26451027870734245,0.9492686376354799
INFORMER,7-Day Rollout,Verano,Zona Central,Verano,los_libertadores,3.5472840148347027,2.481290662727718,165.2647023323795,141.66698099839195,0.10119047619047619,0.2727913323933968,1.3809990035891089
INFORMER,Day 1,Raw,Zona Central,Verano,los_patos,0.21118463580569205,0.21113961189985275,200.0,0.0,0.0,0.047268733040740085,0.09477837954958289
INFORMER,Day 1,Invierno,Zona Central,Verano,los_patos,0.6910708199063065,0.4692383484604458,169.77765399786045,172.7226885970931,0.2916666666666667,0.05131245503046861,0.07566513286437847
INFORMER,Day 1,Operational,Zona Central,Verano,los_patos,1.7959857085758408,1.3252111331870158,172.9378750024001,133.66358058784593,0.16666666666666666,0.0834535353196164,0.4735681265903016
INFORMER,Day 1,Otoño,Zona Central,Verano,los_patos,1.4888834383736873,1.0694625490383867,174.52851994698986,138.9712422658013,0.08333333333333333,0.07890348595780476,0.3332282917312114
INFORMER,Day 1,Primavera,Zona Central,Verano,los_patos,0.8026992950509036,0.5498366022172073,161.2152515360158,153.17061540225086,0.4166666666666667,0.04942799222189933,0.0972998134559021
INFORMER,Day 1,Verano,Zona Central,Verano,los_patos,1.7959857085758408,1.3252111331870158,172.9378750024001,133.66358058784593,0.16666666666666666,0.0834535353196164,0.4735681265903016
INFORMER,7-Day Rollout,Raw,Zona Central,Verano,los_patos,0.21690172388076753,0.21687530974547067,200.0,0.0,0.0,0.124364657201139,0.053773925333683026
INFORMER,7-Day Rollout,Invierno,Zona Central,Verano,los_patos,0.3357252669985739,0.24067399340440584,163.71603020033035,312.5293361475215,0.13690476190476192,0.10810392979332217,0.06031016709197766
INFORMER,7-Day Rollout,Operational,Zona Central,Verano,los_patos,1.6845377362837346,1.2346246284876197,173.5071268199864,135.02864041957818,0.07142857142857142,0.11721779366711244,0.7520021762909546
INFORMER,7-Day Rollout,Otoño,Zona Central,Verano,los_patos,1.4587658787289042,1.0459019869673025,173.2068859674931,139.19474640702737,0.05357142857142857,0.11304306767833622,0.615841318576999
INFORMER,7-Day Rollout,Primavera,Zona Central,Verano,los_patos,0.8879104825885332,0.5215282973024278,169.5348103198888,203.2065974695075,0.125,0.1005024832031116,0.294133964876058
INFORMER,7-Day Rollout,Verano,Zona Central,Verano,los_patos,1.6845377362837346,1.2346246284876197,173.5071268199864,135.02864041957818,0.07142857142857142,0.11721779366711244,0.7520021762909546
INFORMER,Day 1,Raw,Zona Central,Verano,peralillo,0.5704621461476055,0.44264099414275887,147.10898188306237,125.59574360408105,0.625,0.029238239206561423,0.08030346966168629
INFORMER,Day 1,Invierno,Zona Central,Verano,peralillo,0.7829681053259225,0.5585909613346303,175.83132725849774,156.65526714682028,0.20833333333333334,0.05896889721852858,0.07684554567995297
INFORMER,Day 1,Otoño,Zona Central,Verano,peralillo,1.508593516596835,1.0822499665276457,175.81675053333612,139.09323726099365,0.125,0.08495830216367418,0.3491325556805047
INFORMER,Day 1,Primavera,Zona Central,Verano,peralillo,0.9390903960908977,0.6373858981068329,166.1900563925987,154.0822981636199,0.2916666666666667,0.05623624438157932,0.1259334315619638
INFORMER,Day 1,Verano,Zona Central,Verano,peralillo,0.5715315307685718,0.4446530581586785,147.59554536862439,125.8360191590735,0.5833333333333334,0.042535864867971895,0.06875343563568213
INFORMER,7-Day Rollout,Raw,Zona Central,Verano,peralillo,1.3811583311734585,0.9600243266106929,162.27398709928624,140.4442906189188,0.17857142857142858,0.0982454368059003,0.5723380452206582
INFORMER,7-Day Rollout,Invierno,Zona Central,Verano,peralillo,0.42126553983689813,0.2842513563177195,164.60534794951326,238.2437149587956,0.13690476190476192,0.10167495004747984,0.0593200189193363
INFORMER,7-Day Rollout,Otoño,Zona Central,Verano,peralillo,1.4254760552007097,1.011225520849361,173.40033456005136,140.7764511472218,0.06547619047619048,0.11107296916750437,0.5800093667357162
INFORMER,7-Day Rollout,Primavera,Zona Central,Verano,peralillo,0.9268429164700727,0.5456469854685191,173.27785024759768,200.64410536393257,0.07142857142857142,0.09844494225499568,0.31403802214229937
INFORMER,7-Day Rollout,Verano,Zona Central,Verano,peralillo,1.3803142336538456,0.9596644238757803,162.28758854783513,140.35703443369385,0.18452380952380953,0.09993369096401264,0.603626849931013
INFORMER,Day 1,Raw,Zona Central,Verano,pfv_marchigue_ii,5.026844835021574,3.6438867126901946,168.68507930280302,135.14532009773114,0.20833333333333334,0.22459247590353093,1.0240410409867764
INFORMER,Day 1,Invierno,Zona Central,Verano,pfv_marchigue_ii,3.091445199484604,2.1529947196443877,175.9821081444426,152.20634585760942,0.20833333333333334,0.17303896186252435,0.2730479164669913
INFORMER,Day 1,Otoño,Zona Central,Verano,pfv_marchigue_ii,5.035491111335843,3.6427354852397307,179.97175822749583,138.0803114519624,0.08333333333333333,0.25617830224703847,1.2025410707545234
INFORMER,Day 1,Primavera,Zona Central,Verano,pfv_marchigue_ii,3.8006778976669855,2.620202070257316,174.9906765787094,149.40872823183994,0.16666666666666666,0.193691109920231,0.6410073974868284
INFORMER,Day 1,Verano,Zona Central,Verano,pfv_marchigue_ii,5.026077418404657,3.6485035195946693,169.1672110859745,135.124688316217,0.20833333333333334,0.23378980240474143,1.0781278284887472
INFORMER,7-Day Rollout,Raw,Zona Central,Verano,pfv_marchigue_ii,4.6670135007242655,3.298459537729621,170.31216969973718,140.51502336952677,0.152,0.3043711157657206,1.477830074750632
INFORMER,7-Day Rollout,Invierno,Zona Central,Verano,pfv_marchigue_ii,1.9082666552991492,1.179171725774982,167.77030289119597,212.6552205879725,0.125,0.29860864947217386,0.31445075770330044
INFORMER,7-Day Rollout,Otoño,Zona Central,Verano,pfv_marchigue_ii,4.655980245851471,3.3214956113765117,177.15888762995456,140.2290360674473,0.06547619047619048,0.34287666579707765,1.9779654885675835
INFORMER,7-Day Rollout,Primavera,Zona Central,Verano,pfv_marchigue_ii,3.1320706805413017,1.8875923913556736,174.65367347274764,187.0295374183371,0.07738095238095238,0.29687815079696656,1.1149013058826107
INFORMER,7-Day Rollout,Verano,Zona Central,Verano,pfv_marchigue_ii,4.79548007475945,3.453593766521978,168.46604109013182,136.29746795609756,0.15254237288135594,0.2776963244279121,1.611052397966101
INFORMER,Day 1,Raw,Zona Sur,Invierno,las_codornices,1.0106406907904109,0.6892683255719021,181.23763323622083,150.91548221678764,0.16666666666666666,0.049620783889743815,0.16108964471107665
INFORMER,Day 1,Invierno,Zona Sur,Invierno,las_codornices,1.0103778854819605,0.6943742010431985,179.99870787745337,150.9141172767402,0.16666666666666666,0.05300201622303575,0.1974799140589312
INFORMER,Day 1,Otoño,Zona Sur,Invierno,las_codornices,1.5486656315340823,1.1117043855871696,181.79983648776158,139.11184457783753,0.08333333333333333,0.07427355121762957,0.5004314447782235
INFORMER,Day 1,Primavera,Zona Sur,Invierno,las_codornices,0.6283124960320055,0.39769023457968916,156.24010228361144,167.88065256975676,0.375,0.03517351652311238,0.09948748821382959
INFORMER,Day 1,Verano,Zona Sur,Invierno,las_codornices,1.9246642976301103,1.448501963634044,175.6310229575648,129.87094705110164,0.125,0.08330524192036441,0.701669168837058
INFORMER,7-Day Rollout,Raw,Zona Sur,Invierno,las_codornices,0.8938318035992402,0.5740132839966376,163.50143787274004,161.27346679755078,0.17857142857142858,0.07809168691514752,0.31620943462638984
INFORMER,7-Day Rollout,Invierno,Zona Sur,Invierno,las_codornices,0.893090060856358,0.574410802193424,163.38793059872364,161.15783599845093,0.17261904761904762,0.07590861814654394,0.32715208815570807
INFORMER,7-Day Rollout,Otoño,Zona Sur,Invierno,las_codornices,1.4488024921386258,1.0182091167655363,177.01500362387998,142.09125919313982,0.05357142857142857,0.09852279867367802,0.6592530635833792
INFORMER,7-Day Rollout,Primavera,Zona Sur,Invierno,las_codornices,0.6162773356755022,0.4036080723998014,155.71678209804466,161.07037752475298,0.19047619047619047,0.07070601858162062,0.17546650248587092
INFORMER,7-Day Rollout,Verano,Zona Sur,Invierno,las_codornices,1.654773687160785,1.180721213159727,169.69682669220614,136.95563176683675,0.05952380952380952,0.09786003973377946,0.7818209394194495
LSTM,Day 1,Raw,Norte Chico,Invierno,canesa_solar_i,0.24670569459064945,0.16828257218003273,191.66666666666669,0.0,0.375,0.03991806043777615,0.023970168215843562
LSTM,Day 1,Invierno,Norte Chico,Invierno,canesa_solar_i,0.6068722143106418,0.3373503473218686,149.10831813082464,145.06800132942666,0.5416666666666666,0.023750625144748485,0.16067244972849343
LSTM,Day 1,Operational,Norte Chico,Invierno,canesa_solar_i,1.358573495589755,0.8449517693370581,167.02494835752353,140.97436079310327,0.4583333333333333,0.04946605690444509,0.5709629200864583
LSTM,Day 1,Otoño,Norte Chico,Invierno,canesa_solar_i,1.3048661273647821,0.8548784124626158,159.31068839523437,131.70565650591004,0.4166666666666667,0.05047599455283489,0.5571769745506269
LSTM,Day 1,Primavera,Norte Chico,Invierno,canesa_solar_i,1.358573495589755,0.8449517693370581,167.02494835752353,140.97436079310327,0.4583333333333333,0.04946605690444509,0.5709629200864583
LSTM,Day 1,Verano,Norte Chico,Invierno,canesa_solar_i,1.4973567537584167,1.0068712322390638,154.39380083334882,128.85387811121902,0.5,0.056936993169559476,0.696811051229209
LSTM,7-Day Rollout,Raw,Norte Chico,Invierno,canesa_solar_i,0.9002804717677112,0.47291997599227,166.21893767119522,183.9587593089899,0.39285714285714285,0.03883533777344773,0.5344426193935632
LSTM,7-Day Rollout,Invierno,Norte Chico,Invierno,canesa_solar_i,0.7622114741183392,0.4225129015938451,152.08088084597946,147.6036928399602,0.5238095238095238,0.027699361163329394,0.20622270731042333
LSTM,7-Day Rollout,Operational,Norte Chico,Invierno,canesa_solar_i,1.269010651649854,0.7739689399940766,161.654835927657,139.92553866235355,0.49404761904761907,0.04595099957457153,0.48430520540972616
LSTM,7-Day Rollout,Otoño,Norte Chico,Invierno,canesa_solar_i,1.2871841421240935,0.8357413504375343,162.03671314277665,132.2369939068521,0.44642857142857145,0.04901771399203036,0.5325264914537413
LSTM,7-Day Rollout,Primavera,Norte Chico,Invierno,canesa_solar_i,1.269010651649854,0.7739689399940766,161.654835927657,139.92553866235355,0.49404761904761907,0.04595099957457153,0.48430520540972616
LSTM,7-Day Rollout,Verano,Norte Chico,Invierno,canesa_solar_i,1.5202131324843235,1.0089743659094286,151.26218775107606,130.07383700822155,0.5357142857142857,0.05643576321183771,0.6899117450561052
LSTM,Day 1,Raw,Norte Chico,Invierno,chalinga_solar,0.7123222215390873,0.45753651059931144,165.41427854756802,134.9981161464279,0.041666666666666664,0.03924497965005382,0.2533853278078216
LSTM,Day 1,Invierno,Norte Chico,Invierno,chalinga_solar,0.7129542742432438,0.46116651460761204,166.56580932704497,134.07538520956896,0.0,0.03947094191583649,0.2540520251835308
LSTM,Day 1,Otoño,Norte Chico,Invierno,chalinga_solar,0.8783915108888883,0.6029464727616869,160.21211896641205,130.167562017867,0.08333333333333333,0.04305512593030775,0.4038637006703842
LSTM,Day 1,Primavera,Norte Chico,Invierno,chalinga_solar,1.0988903708228657,0.7276662865187973,172.17083872044475,138.75808854495244,0.041666666666666664,0.05039484980128084,0.5213130855350755
LSTM,Day 1,Verano,Norte Chico,Invierno,chalinga_solar,1.4106644348779858,1.004289023054298,158.54001256037577,128.57780664038756,0.125,0.06048230710342372,0.786361789816874
LSTM,7-Day Rollout,Raw,Norte Chico,Invierno,chalinga_solar,0.855933378510677,0.5528588168956394,170.64006676220717,142.85442000278127,0.023809523809523808,0.04689119931118469,0.39874512998216055
LSTM,7-Day Rollout,Invierno,Norte Chico,Invierno,chalinga_solar,0.853261646489915,0.5496297697072372,169.84893721829377,142.87511290948248,0.023809523809523808,0.046176160087253226,0.39369064140278387
LSTM,7-Day Rollout,Otoño,Norte Chico,Invierno,chalinga_solar,0.8820647009457244,0.6000550255000432,162.49042363153455,134.66100596542745,0.07738095238095238,0.044606395554135404,0.45173689939480016
LSTM,7-Day Rollout,Primavera,Norte Chico,Invierno,chalinga_solar,1.0885435371425816,0.70957794321863,171.08386620292944,143.30393553093668,0.03571428571428571,0.05407534613467913,0.5476386157584167
LSTM,7-Day Rollout,Verano,Norte Chico,Invierno,chalinga_solar,1.361966979687925,0.9492475541157459,158.01498703526318,133.10273149518727,0.11904761904761904,0.05934856978450885,0.7800835399486198
LSTM,Day 1,Raw,Norte Chico,Invierno,illapel_5x,0.766145758805794,0.45024769120694447,161.99163756753848,143.3071696630459,0.08333333333333333,0.0324931084314206,0.2489595044966942
LSTM,Day 1,Invierno,Norte Chico,Invierno,illapel_5x,0.7654442252049488,0.44986643801288057,162.10118919813195,143.19782378920237,0.08333333333333333,0.032417612932234385,0.24778040885187994
LSTM,Day 1,Otoño,Norte Chico,Invierno,illapel_5x,0.9087514442168825,0.6082197481009644,156.51424937787237,129.35264848208877,0.08333333333333333,0.03892129838107697,0.39362695546442406
LSTM,Day 1,Primavera,Norte Chico,Invierno,illapel_5x,1.2336499264275458,0.8081028974459817,171.63340371980377,138.06674755713388,0.041666666666666664,0.04892473031068221,0.5684308814932592
LSTM,Day 1,Verano,Norte Chico,Invierno,illapel_5x,1.600039202338042,1.0449487039974201,168.66322280481035,141.19898818614655,0.125,0.0609840953686008,0.8085858343826184
LSTM,7-Day Rollout,Raw,Norte Chico,Invierno,illapel_5x,1.02316047783511,0.6405549953439753,175.24266949349615,146.75003625587505,0.017857142857142856,0.04404368836468177,0.47437196098950923
LSTM,7-Day Rollout,Invierno,Norte Chico,Invierno,illapel_5x,1.0226627302636506,0.6403016391405323,175.57686350991995,146.69687808250927,0.017857142857142856,0.0441264743298234,0.47330115849105087
LSTM,7-Day Rollout,Otoño,Norte Chico,Invierno,illapel_5x,0.8542710673669005,0.5527168635265102,163.88935393501706,138.66543062140664,0.05952380952380952,0.037074688166172966,0.39984800414481436
LSTM,7-Day Rollout,Primavera,Norte Chico,Invierno,illapel_5x,1.1723626869458492,0.7372908545504894,171.34000927872788,146.80294054687243,0.047619047619047616,0.048545085299363,0.5594331255551933
LSTM,7-Day Rollout,Verano,Norte Chico,Invierno,illapel_5x,1.3903962002563144,0.8420858903789056,182.18487935591497,159.12474108103459,0.02976190476190476,0.057292705587536887,0.6748444706750909
LSTM,Day 1,Raw,Norte Chico,Invierno,norte_chico_i,0.0525585748144895,0.043991519164895486,129.9720478501029,63.60923675184695,0.375,0.0071557400683862704,0.012010138099746359
LSTM,Day 1,Invierno,Norte Chico,Invierno,norte_chico_i,0.06633895230318948,0.04869218713914355,112.53740824458298,77.99355458033095,0.625,0.008196459233295173,0.009668102868211775
LSTM,Day 1,Otoño,Norte Chico,Invierno,norte_chico_i,0.9758476004350427,0.640745355951367,161.86501687015033,135.6110800019379,0.25,0.03789240318534818,0.45003288868513963
LSTM,Day 1,Primavera,Norte Chico,Invierno,norte_chico_i,0.22542035508189465,0.15752899983529764,155.31925442569897,117.70465162956782,0.4166666666666667,0.014436930928142527,0.04119218586863554
LSTM,Day 1,Verano,Norte Chico,Invierno,norte_chico_i,1.0921809852301168,0.7478494230696621,154.71272947681928,129.99542243790654,0.2916666666666667,0.04148178030639731,0.546579365603975
LSTM,7-Day Rollout,Raw,Norte Chico,Invierno,norte_chico_i,0.12764796607029394,0.09029760968550019,95.57784326917219,73.1122922263221,0.47413793103448276,0.010795895417902952,0.01776361671872706
LSTM,7-Day Rollout,Invierno,Norte Chico,Invierno,norte_chico_i,0.10772535382837647,0.07740160374395676,78.84940888241027,56.76762329058113,0.7522935779816514,0.01016105701045815,0.012840616028942684
LSTM,7-Day Rollout,Otoño,Norte Chico,Invierno,norte_chico_i,0.9481852775982168,0.6124936513052013,165.74412459551857,139.19875146831197,0.22023809523809523,0.03759146870747178,0.431525350371283
LSTM,7-Day Rollout,Primavera,Norte Chico,Invierno,norte_chico_i,0.223997325622618,0.151272601096584,144.36182523937734,105.68992081212625,0.3869047619047619,0.013966751927832598,0.022206292095363678
LSTM,7-Day Rollout,Verano,Norte Chico,Invierno,norte_chico_i,1.0507337739369074,0.7116582064156232,152.40982922417479,130.79178416645098,0.2976190476190476,0.03944818370319332,0.5149714212111749
LSTM,Day 1,Raw,Norte Chico,Invierno,parque_solar_fotovoltaico_maranon,0.18924039093176254,0.17113625708346566,116.681594523554,48.94040597321845,0.4166666666666667,0.05852707001225402,0.033140563708730066
LSTM,Day 1,Invierno,Norte Chico,Invierno,parque_solar_fotovoltaico_maranon,0.20406006010770325,0.1825603578860561,114.24093942614972,52.722700200566564,0.4583333333333333,0.0630786906927824,0.03429999887011948
LSTM,Day 1,Otoño,Norte Chico,Invierno,parque_solar_fotovoltaico_maranon,3.3903198749453685,2.3427098234533332,162.2174099394142,127.40471655538788,0.08333333333333333,0.1666875654278556,1.5634635387735518
LSTM,Day 1,Primavera,Norte Chico,Invierno,parque_solar_fotovoltaico_maranon,0.2801951066813434,0.22139088721208586,107.70191227496862,62.40282545685258,0.4166666666666667,0.05609595423205368,0.0666722602079972
LSTM,Day 1,Verano,Norte Chico,Invierno,parque_solar_fotovoltaico_maranon,0.32425500895372705,0.2570320005373408,107.29959185554321,65.27945753429653,0.4583333333333333,0.047634427198984974,0.10161128468268243
LSTM,7-Day Rollout,Raw,Norte Chico,Invierno,parque_solar_fotovoltaico_maranon,0.21381719301812127,0.1981031229761309,121.64662009759408,56.379226683355135,0.3869047619047619,0.07040904423574597,0.02441282274488501
LSTM,7-Day Rollout,Invierno,Norte Chico,Invierno,parque_solar_fotovoltaico_maranon,0.2192730060245486,0.20362135833103695,121.55056048483853,57.81905846543105,0.40476190476190477,0.07248618059079906,0.022835162616144683
LSTM,7-Day Rollout,Otoño,Norte Chico,Invierno,parque_solar_fotovoltaico_maranon,3.31891317773824,2.256261319652952,171.0875637478521,134.05355976596752,0.02976190476190476,0.16756239578468943,1.6887556591924475
LSTM,7-Day Rollout,Primavera,Norte Chico,Invierno,parque_solar_fotovoltaico_maranon,0.2867501933707742,0.2370249900670301,114.90004405576946,65.36313565620281,0.39880952380952384,0.06342829367654519,0.06431764163904259
LSTM,7-Day Rollout,Verano,Norte Chico,Invierno,parque_solar_fotovoltaico_maranon,0.34053232859702165,0.2716994754626371,106.96877780187846,65.36610405426006,0.44642857142857145,0.054300379916925774,0.10882785394704636
LSTM,Day 1,Raw,Norte Chico,Invierno,pfv_malgarida,10.320753720225177,7.718066175778707,158.33333333333331,0.0,0.20833333333333334,2.6389705727497734,0.7488593647877382
LSTM,Day 1,Invierno,Norte Chico,Invierno,pfv_malgarida,85.03821266776735,55.97680161769191,175.36372466714437,142.71049916544143,0.041666666666666664,3.985289878708621,46.17167679090053
LSTM,Day 1,Operational,Norte Chico,Invierno,pfv_malgarida,85.03821266776735,55.97680161769191,175.36372466714437,142.71049916544143,0.041666666666666664,3.985289878708621,46.17167679090053
LSTM,Day 1,Otoño,Norte Chico,Invierno,pfv_malgarida,112.44081467334367,77.48928162874654,166.10407989093574,136.89964789688437,0.08333333333333333,4.787804079063547,64.95399979522917
LSTM,Day 1,Primavera,Norte Chico,Invierno,pfv_malgarida,104.74579174801453,70.55985415354371,159.26310897405162,138.78670043906163,0.125,4.469052999280393,58.151894070891046
LSTM,Day 1,Verano,Norte Chico,Invierno,pfv_malgarida,117.36683892702405,85.14063927593331,177.7925690906145,130.12926793374032,0.041666666666666664,5.0553733538525805,72.1687571967952
LSTM,7-Day Rollout,Raw,Norte Chico,Invierno,pfv_malgarida,70.21561654388302,40.35151414768327,164.14741653947124,175.5829352630161,0.1130952380952381,3.3860012272727635,32.54882057897215
LSTM,7-Day Rollout,Invierno,Norte Chico,Invierno,pfv_malgarida,91.38580250232333,59.944986679546886,174.9302757756118,145.40605693952432,0.03571428571428571,4.225623314268887,50.295562987801205
LSTM,7-Day Rollout,Operational,Norte Chico,Invierno,pfv_malgarida,91.38580250232333,59.944986679546886,174.9302757756118,145.40605693952432,0.03571428571428571,4.225623314268887,50.295562987801205
LSTM,7-Day Rollout,Otoño,Norte Chico,Invierno,pfv_malgarida,113.47862295706635,77.8403856666936,178.66162233915094,139.62497938037677,0.023809523809523808,4.977156921300948,66.95857782178292
LSTM,7-Day Rollout,Primavera,Norte Chico,Invierno,pfv_malgarida,109.61868840482185,73.59425678317037,165.4342285707516,142.04744376691684,0.08928571428571429,4.679903353874882,63.31508236053799
LSTM,7-Day Rollout,Verano,Norte Chico,Invierno,pfv_malgarida,123.9072451354253,88.61109493803676,175.8624191375658,134.10574808226318,0.023809523809523808,5.39264126860071,77.7155798304948
LSTM,Day 1,Raw,Norte Chico,Otoño,cachiyuyo_solar_2,2.775225180501535,1.882280749745405,139.81368282198412,118.9971112019816,0.4583333333333333,0.12016544786232164,0.7894169496455409
LSTM,Day 1,Invierno,Norte Chico,Otoño,cachiyuyo_solar_2,2.2975804364378614,1.4234974617138505,148.73442425043285,119.9235871129651,0.5833333333333334,0.0994461574126035,0.3896192693306754
LSTM,Day 1,Otoño,Norte Chico,Otoño,cachiyuyo_solar_2,2.7721301710770136,1.8850961991665827,156.29200827448108,118.86009856408286,0.4583333333333333,0.12054877300730975,0.7829431622588041
LSTM,Day 1,Primavera,Norte Chico,Otoño,cachiyuyo_solar_2,2.982860326461993,1.829529223749584,157.96925812010414,126.51868763545832,0.4583333333333333,0.1225491545302854,0.6928504031665398
LSTM,Day 1,Verano,Norte Chico,Otoño,cachiyuyo_solar_2,5.147956394956833,3.6286894640652463,153.32910519974547,121.88469078806953,0.4583333333333333,0.20740429226425475,2.3232612274839384
LSTM,7-Day Rollout,Raw,Norte Chico,Otoño,cachiyuyo_solar_2,2.2234883667180805,1.460118091968893,152.33084976140995,117.38208683826213,0.48214285714285715,0.10831504413393607,0.3994132052216672
LSTM,7-Day Rollout,Invierno,Norte Chico,Otoño,cachiyuyo_solar_2,2.010616638559626,1.1591761580757087,160.27940676428722,154.0702489911554,0.5238095238095238,0.10852398395072668,0.2580261796546568
LSTM,7-Day Rollout,Otoño,Norte Chico,Otoño,cachiyuyo_solar_2,2.184018791123069,1.4320247059619025,151.33429563270002,115.29657689851057,0.5654761904761905,0.10723440414127428,0.36336939553873115
LSTM,7-Day Rollout,Primavera,Norte Chico,Otoño,cachiyuyo_solar_2,3.3854479048002446,1.948991769123625,169.95335947849486,155.78313787282175,0.4583333333333333,0.1442669358032964,0.9118491791586426
LSTM,7-Day Rollout,Verano,Norte Chico,Otoño,cachiyuyo_solar_2,5.016106084345831,3.528047607158355,150.4764047456833,119.87434302967128,0.48214285714285715,0.2031685073898795,2.1007184466441338
LSTM,Day 1,Raw,Norte Chico,Verano,amparo_del_sol,1.2363369000891358,0.8745821023573322,140.22716765436851,117.99496900629707,0.125,0.057371945988173446,0.5283495932424557
LSTM,Day 1,Invierno,Norte Chico,Verano,amparo_del_sol,0.5566158461969565,0.3561488095826159,139.6973930212331,100.78131724159098,0.5,0.03326653841650113,0.03137974979278322
LSTM,Day 1,Otoño,Norte Chico,Verano,amparo_del_sol,0.8187517365694089,0.5474936333484948,145.49807130661614,113.50668024971313,0.2916666666666667,0.03993255160748959,0.1409828482661396
LSTM,Day 1,Primavera,Norte Chico,Verano,amparo_del_sol,0.8637066837647431,0.5597030487927744,150.67532075185795,111.89928240734392,0.375,0.04124807285485683,0.11696580737716429
LSTM,Day 1,Verano,Norte Chico,Verano,amparo_del_sol,1.1989627976669743,0.8320276124177326,123.39206666147948,114.42917621235283,0.3333333333333333,0.05207710643329241,0.4177947346590978
LSTM,7-Day Rollout,Raw,Norte Chico,Verano,amparo_del_sol,1.3448147078148673,0.9582929612520166,152.3252490169839,124.87417764049933,0.06547619047619048,0.06363196102081745,0.7188505141529369
LSTM,7-Day Rollout,Invierno,Norte Chico,Verano,amparo_del_sol,0.4310399466595899,0.26970607308543376,154.31331325332505,153.38788160962827,0.4583333333333333,0.04051050492250527,0.028447281111411524
LSTM,7-Day Rollout,Otoño,Norte Chico,Verano,amparo_del_sol,1.0021902696730511,0.6360629745802244,149.21021676495434,124.61300344930936,0.20833333333333334,0.04591449965534304,0.2716057609480614
LSTM,7-Day Rollout,Primavera,Norte Chico,Verano,amparo_del_sol,0.7616993304735353,0.4624148157877,161.21867629130776,142.47468921302902,0.36904761904761907,0.04692688099741735,0.11076802745332562
LSTM,7-Day Rollout,Verano,Norte Chico,Verano,amparo_del_sol,1.297217092190699,0.9193339368075396,150.4979288238184,120.45486073239775,0.10714285714285714,0.059033523931164684,0.5987984907827326
LSTM,Day 1,Raw,Norte Chico,Verano,luna_del_norte,1.0654305506973274,0.699902263081943,142.59644844496657,128.12661667999572,0.125,0.051966930502870434,0.4417329399962909
LSTM,Day 1,Invierno,Norte Chico,Verano,luna_del_norte,0.868753071539586,0.5057219539557991,147.11794149300127,135.75327731045314,0.16666666666666666,0.04874877708201286,0.23411197024136832
LSTM,Day 1,Otoño,Norte Chico,Verano,luna_del_norte,1.1165766862559137,0.720155306548501,151.55009181552134,129.846683240079,0.125,0.05599477999300386,0.433218906854745
LSTM,Day 1,Primavera,Norte Chico,Verano,luna_del_norte,1.0554817500928884,0.6445607929284355,157.0949621358358,135.06651096676947,0.125,0.054270928861236224,0.3523785195846358
LSTM,Day 1,Verano,Norte Chico,Verano,luna_del_norte,1.0653483397369932,0.6953367792690793,126.10231647756495,128.13611202217,0.20833333333333334,0.05017468691027413,0.4415878956361363
LSTM,7-Day Rollout,Raw,Norte Chico,Verano,luna_del_norte,1.0944456756763263,0.7227732367325752,150.50667569270115,132.95920518859947,0.10119047619047619,0.05688659413606815,0.5050128116283477
LSTM,7-Day Rollout,Invierno,Norte Chico,Verano,luna_del_norte,0.6645304900965175,0.36241551050954424,162.15884828564663,190.53310273061373,0.125,0.06190060901403089,0.17060707496170618
LSTM,7-Day Rollout,Otoño,Norte Chico,Verano,luna_del_norte,1.1589659480247592,0.752340323298911,156.7589016699507,136.61973328389934,0.08333333333333333,0.0642339247890465,0.5248455436903854
LSTM,7-Day Rollout,Primavera,Norte Chico,Verano,luna_del_norte,0.945161944744485,0.5398226801771386,175.55827328041397,181.97582556700945,0.047619047619047616,0.07258116527890215,0.3321026136150702
LSTM,7-Day Rollout,Verano,Norte Chico,Verano,luna_del_norte,1.0922342224530228,0.7243330896211168,151.7542867861121,132.69934862040773,0.09523809523809523,0.05846618681347796,0.5023392452093374
LSTM,Day 1,Raw,Norte Grande,Invierno,pfv_andes_solar_ii,12.609429190764718,8.567636903064946,174.9566042088169,42623.42166843456,0.4166666666666667,1.7933126443531364,1.454227203425642
LSTM,Day 1,Invierno,Norte Grande,Invierno,pfv_andes_solar_ii,12.709446607056835,8.709129634934166,183.29100302367968,22723.520227588833,0.375,1.7967159619089215,1.4951679569203418
LSTM,Day 1,Otoño,Norte Grande,Invierno,pfv_andes_solar_ii,10.337105934165539,6.642316116796185,123.79660153404421,74.68782508232292,0.7916666666666666,0.7935820633778348,1.017013972943339
LSTM,Day 1,Primavera,Norte Grande,Invierno,pfv_andes_solar_ii,7.323135165128462,4.884220130431156,112.86982558346408,53.91595911743327,0.875,0.7579809735994787,1.2303661362423262
LSTM,Day 1,Verano,Norte Grande,Invierno,pfv_andes_solar_ii,26.56466084047624,18.680819866247475,146.68102070696705,98.07735677212014,0.7083333333333334,1.3263012094578395,3.462640356381114
LSTM,7-Day Rollout,Raw,Norte Grande,Invierno,pfv_andes_solar_ii,8.193679912321036,5.314953972319407,122.67131809944642,100.81811614527419,0.75,0.8063465123220036,1.6576531440440936
LSTM,7-Day Rollout,Invierno,Norte Grande,Invierno,pfv_andes_solar_ii,9.048586262117947,5.9438119464598245,124.25287860823045,111.28536577510593,0.7142857142857143,0.8910461751145443,1.767095906311825
LSTM,7-Day Rollout,Otoño,Norte Grande,Invierno,pfv_andes_solar_ii,11.855786089714487,8.349083863176583,116.42949901607756,64.26480872135384,0.7619047619047619,1.2318905666082476,1.4147984146173789
LSTM,7-Day Rollout,Primavera,Norte Grande,Invierno,pfv_andes_solar_ii,8.765218535737,5.924497729876921,113.87899126424095,60.67419775261118,0.7619047619047619,0.9474035134139872,1.9092805808099622
LSTM,7-Day Rollout,Verano,Norte Grande,Invierno,pfv_andes_solar_ii,17.621968281247746,12.322211710847027,111.25250881184883,68.16961927566875,0.8035714285714286,1.403735315341813,1.9981174943891056
LSTM,Day 1,Raw,Norte Grande,Otoño,andes_solar,8.125767881136412,5.682706986243526,157.09507140750435,121.38013624927441,0.0,0.36914692598705495,3.7262108946529526
LSTM,Day 1,Invierno,Norte Grande,Otoño,andes_solar,5.770770717870924,3.727409536639849,152.81728494124874,116.30710268074651,0.3333333333333333,0.2614537021766106,1.4889009634032844
LSTM,Day 1,Otoño,Norte Grande,Otoño,andes_solar,7.853029416275201,5.434116765235861,157.94198983943593,117.3259913830653,0.2916666666666667,0.34598332541063437,3.017898863336692
LSTM,Day 1,Primavera,Norte Grande,Otoño,andes_solar,10.543869864553518,7.2959579055507975,161.9078365157754,122.00023071394683,0.25,0.4328608945012093,4.833445257196824
LSTM,Day 1,Verano,Norte Grande,Otoño,andes_solar,11.254947505872778,8.172917564089099,166.61724938378643,118.88505784787569,0.20833333333333334,0.4723382473302384,5.7026811060495675
LSTM,7-Day Rollout,Raw,Norte Grande,Otoño,andes_solar,7.0912959005523675,4.8383493414703045,162.3405166665193,128.21691428014537,0.011904761904761904,0.3667932730894314,3.415850362705532
LSTM,7-Day Rollout,Invierno,Norte Grande,Otoño,andes_solar,5.268397174095796,3.345027812889644,153.83463788730722,124.27209617263495,0.15476190476190477,0.2591088297555134,1.6310548804611675
LSTM,7-Day Rollout,Otoño,Norte Grande,Otoño,andes_solar,6.811612036127158,4.569359123363116,159.08494039205786,123.16805498224292,0.10714285714285714,0.31846140214364005,2.7511273517057164
LSTM,7-Day Rollout,Primavera,Norte Grande,Otoño,andes_solar,11.253519258668382,7.880566415864797,168.2435512022608,127.2851131573469,0.05952380952380952,0.4822696273082069,5.993999244769414
LSTM,7-Day Rollout,Verano,Norte Grande,Otoño,andes_solar,8.813260823850083,5.498377281795477,175.21632743417734,151.66948294478232,0.047619047619047616,0.44459049954145613,3.7788082750059573
LSTM,Day 1,Raw,Norte Grande,Otoño,fv_bolero,12.345165366226416,10.062869948645433,195.2022899733957,17126.24137172821,0.0,2.596343613540133,0.9086363952606925
LSTM,Day 1,Invierno,Norte Grande,Otoño,fv_bolero,12.5957927848465,10.317343493302664,200.0,0.0,0.0,2.6886122042934097,0.9396524945894885
LSTM,Day 1,Operational,Norte Grande,Otoño,fv_bolero,14.55865548616416,11.181695306673646,137.70783056579023,92.71060523404637,0.25,1.2185885202450057,3.378263860164831
LSTM,Day 1,Otoño,Norte Grande,Otoño,fv_bolero,14.55865548616416,11.181695306673646,137.70783056579023,92.71060523404637,0.25,1.2185885202450057,3.378263860164831
LSTM,Day 1,Primavera,Norte Grande,Otoño,fv_bolero,60.79009156036438,42.802502493063606,161.12612553791666,125.6090950191606,0.041666666666666664,2.732150253653527,31.244278948505713
LSTM,Day 1,Verano,Norte Grande,Otoño,fv_bolero,51.14408221454316,37.88036195149956,164.86655538010734,117.01554476510607,0.0,2.494869091862347,26.516483955438403
LSTM,7-Day Rollout,Raw,Norte Grande,Otoño,fv_bolero,8.639943329642078,6.886396235032451,139.1736443452104,124.9460258556497,0.23809523809523808,1.5579090151891468,0.8050903618380074
LSTM,7-Day Rollout,Invierno,Norte Grande,Otoño,fv_bolero,10.380505528238974,8.833830498513722,200.0,0.0,0.0,2.972572103355612,0.7622966987746108
LSTM,7-Day Rollout,Operational,Norte Grande,Otoño,fv_bolero,19.947977555652585,13.67689993066181,153.4496985847292,129.4862764933558,0.08928571428571429,1.8703130222491122,6.115793162483412
LSTM,7-Day Rollout,Otoño,Norte Grande,Otoño,fv_bolero,19.947977555652585,13.67689993066181,153.4496985847292,129.4862764933558,0.08928571428571429,1.8703130222491122,6.115793162483412
LSTM,7-Day Rollout,Primavera,Norte Grande,Otoño,fv_bolero,57.60033174818336,39.23906631696792,162.46352833919087,133.37581832765656,0.03571428571428571,2.864430929081781,30.19023153242611
LSTM,7-Day Rollout,Verano,Norte Grande,Otoño,fv_bolero,51.40882139085503,37.949367529246956,169.61474310129336,122.5674981845214,0.0,2.7839696930311177,28.93074491707098
LSTM,Day 1,Raw,Norte Grande,Otoño,parque_solar_pampa_camarones,0.5258315535467345,0.40365141443908215,160.95283956680203,382.42294060861076,0.375,0.03920425910813113,0.05418252595700327
LSTM,Day 1,Invierno,Norte Grande,Otoño,parque_solar_pampa_camarones,1.9782710350025055,1.2246389853923272,152.82356331243346,120.22918577451654,0.4166666666666667,0.08200650768121705,0.4917655697984931
LSTM,Day 1,Operational,Norte Grande,Otoño,parque_solar_pampa_camarones,1.1608696832009107,0.767589274716253,150.11416441818366,101.16511367245221,0.5416666666666666,0.06621784701710567,0.1068432159217385
LSTM,Day 1,Otoño,Norte Grande,Otoño,parque_solar_pampa_camarones,1.1608696832009107,0.767589274716253,150.11416441818366,101.16511367245221,0.5416666666666666,0.06621784701710567,0.1068432159217385
LSTM,Day 1,Primavera,Norte Grande,Otoño,parque_solar_pampa_camarones,2.9966132839570174,2.077147947003444,166.65229801112878,119.66509038499613,0.3333333333333333,0.123312920704484,1.2236745787939678
LSTM,Day 1,Verano,Norte Grande,Otoño,parque_solar_pampa_camarones,2.902543139508399,2.023394590476528,159.26589164649775,117.13643076105289,0.375,0.12103617160658664,1.2110400341257141
LSTM,7-Day Rollout,Raw,Norte Grande,Otoño,parque_solar_pampa_camarones,0.9632819538126939,0.6569183663842046,167.58533851961477,160.07059130150643,0.1130952380952381,0.08338801453300264,0.30735883568358124
LSTM,7-Day Rollout,Invierno,Norte Grande,Otoño,parque_solar_pampa_camarones,1.984499851035338,1.2509842547033692,156.73163430531858,120.9139279017933,0.44047619047619047,0.08136627289100684,0.5566897378885187
LSTM,7-Day Rollout,Operational,Norte Grande,Otoño,parque_solar_pampa_camarones,1.4766376323637622,0.9124428919583026,155.8149750526716,115.84175615206091,0.5059523809523809,0.06829536196365509,0.2802397054226492
LSTM,7-Day Rollout,Otoño,Norte Grande,Otoño,parque_solar_pampa_camarones,1.4766376323637622,0.9124428919583026,155.8149750526716,115.84175615206091,0.5059523809523809,0.06829536196365509,0.2802397054226492
LSTM,7-Day Rollout,Primavera,Norte Grande,Otoño,parque_solar_pampa_camarones,2.9611863770357116,2.0296294182272896,165.02824347399883,121.01469576183518,0.3869047619047619,0.1187750823640575,1.2466763537709735
LSTM,7-Day Rollout,Verano,Norte Grande,Otoño,parque_solar_pampa_camarones,2.9070932035123955,2.033058691038085,161.57837350128463,118.85032928764849,0.25595238095238093,0.12023910390146607,1.2822617149834208
LSTM,Day 1,Raw,Norte Grande,Verano,conejo_solar,46.763043119609144,31.813940236965816,148.80607047246218,122.13657945794087,0.16666666666666666,2.586916526158651,19.41391793241103
LSTM,Day 1,Invierno,Norte Grande,Verano,conejo_solar,27.461289486285953,18.45221513013045,134.7292929662313,111.59345549887843,0.16666666666666666,2.043383287638426,4.568605167418718
LSTM,Day 1,Otoño,Norte Grande,Verano,conejo_solar,48.86374965197178,34.0763730922093,160.69335211017278,120.37877146825448,0.041666666666666664,2.8346736836247146,19.569819393350432
LSTM,Day 1,Primavera,Norte Grande,Verano,conejo_solar,19.08580283962916,11.938255282118917,140.11688060697895,113.26886030274666,0.3333333333333333,1.7855119554015502,4.93307453552261
LSTM,Day 1,Verano,Norte Grande,Verano,conejo_solar,46.61276490204956,31.680847475926083,148.50058508146577,121.74408003456467,0.16666666666666666,2.558531329035759,19.092362061639626
LSTM,7-Day Rollout,Raw,Norte Grande,Verano,conejo_solar,50.977860643009684,36.59515905664081,155.48165787609878,119.46269480128606,0.041666666666666664,3.040018959059602,23.788437623495145
LSTM,7-Day Rollout,Invierno,Norte Grande,Verano,conejo_solar,23.788481077456222,15.665414527768181,138.34469009909864,116.16954897177341,0.19642857142857142,2.078563471493267,4.466064078822022
LSTM,7-Day Rollout,Otoño,Norte Grande,Verano,conejo_solar,49.241956691125345,34.47831314340944,162.45030319487873,122.13435975475527,0.017857142857142856,3.0507728610187765,20.968051809267628
LSTM,7-Day Rollout,Primavera,Norte Grande,Verano,conejo_solar,39.59567064589085,26.993483071171102,153.66241875088207,122.2021231112721,0.08928571428571429,2.6581110058618442,15.213147197255775
LSTM,7-Day Rollout,Verano,Norte Grande,Verano,conejo_solar,50.516638737888584,36.233851922409876,154.4776813714803,118.38185674742974,0.041666666666666664,2.988435109030633,22.75690440989676
LSTM,Day 1,Raw,Norte Grande,Verano,lalackama,25.54434703566883,18.770923167467117,153.13373431191886,112.47854757293656,0.041666666666666664,1.2805804883440335,9.992188328007858
LSTM,Day 1,Invierno,Norte Grande,Verano,lalackama,14.560136044281926,10.115251849095026,135.26851269130017,108.06632404557845,0.25,0.8708527567485969,2.4493902708093325
LSTM,Day 1,Otoño,Norte Grande,Verano,lalackama,23.3867756276607,16.9505667835474,161.5456604361204,114.83808309557062,0.041666666666666664,1.2755600541830063,8.314402765780686
LSTM,Day 1,Primavera,Norte Grande,Verano,lalackama,7.384378496783938,5.424744256694491,136.16194296226257,92.46365328794477,0.2916666666666667,0.7007764306579096,1.155380132216184
LSTM,Day 1,Verano,Norte Grande,Verano,lalackama,25.536445388947875,18.758324573437374,153.1371542824628,112.44375452281999,0.041666666666666664,1.2751184597611427,9.974981175859769
LSTM,7-Day Rollout,Raw,Norte Grande,Verano,lalackama,25.87975881602394,19.071570788111007,155.21548706624685,114.86738587183416,0.03571428571428571,1.459865138750701,11.12030711926165
LSTM,7-Day Rollout,Invierno,Norte Grande,Verano,lalackama,12.602023647984206,8.7034209849579,138.65761743835503,109.18833439578064,0.23214285714285715,0.9583010497015148,1.8307910588348197
LSTM,7-Day Rollout,Otoño,Norte Grande,Verano,lalackama,23.638953236274652,17.124655309199756,162.45497488162772,116.36717735888983,0.005952380952380952,1.4248521486774,8.903813104616434
LSTM,7-Day Rollout,Primavera,Norte Grande,Verano,lalackama,18.91436731061447,13.20102495335353,150.26449129705176,116.61224584532586,0.10714285714285714,1.2059899792723758,5.790832894237245
LSTM,7-Day Rollout,Verano,Norte Grande,Verano,lalackama,25.864702745424836,19.05445792987233,155.1309176325749,114.80055945805205,0.03571428571428571,1.4462936739836423,11.093022632173128
LSTM,Day 1,Raw,Norte Grande,Verano,lalackama_2,7.4612686136243385,5.246316259106,146.7018767144265,105.76483785755451,0.5833333333333334,0.34171353454391157,1.972614104300737
LSTM,Day 1,Invierno,Norte Grande,Verano,lalackama_2,3.7783657047154384,2.425397793451945,126.14316709233829,92.50308810614372,0.7916666666666666,0.19436960226545733,0.27119981944561006
LSTM,Day 1,Otoño,Norte Grande,Verano,lalackama_2,6.725138148452752,4.613028112488489,154.0128992081796,107.1023994575985,0.5416666666666666,0.32372776948225995,1.5654724504022548
LSTM,Day 1,Primavera,Norte Grande,Verano,lalackama_2,1.4176699715449361,1.0108702251066763,128.2673124946527,66.44030392159087,0.7916666666666666,0.11729093389585615,0.17493492448702472
LSTM,Day 1,Verano,Norte Grande,Verano,lalackama_2,7.4596198432274745,5.237372066825628,146.7095209398286,105.7414662376975,0.5833333333333334,0.33806371986866,1.9709495591620605
LSTM,7-Day Rollout,Raw,Norte Grande,Verano,lalackama_2,6.796370449076319,4.788557066094308,140.42340027060604,97.42071223066118,0.6369047619047619,0.3311900383837167,1.2442722502829773
LSTM,7-Day Rollout,Invierno,Norte Grande,Verano,lalackama_2,2.7323296065873244,1.7374574222734995,125.53300504403286,78.11571495602665,0.8273809523809523,0.18223885787384853,0.19363315258884728
LSTM,7-Day Rollout,Otoño,Norte Grande,Verano,lalackama_2,6.0805669525655235,4.128740455400909,145.32704817236745,97.59113906594646,0.6666666666666666,0.31125970372508854,0.9328011962529714
LSTM,7-Day Rollout,Primavera,Norte Grande,Verano,lalackama_2,4.400393493086238,2.852863754666898,133.9445347149889,91.71922295547776,0.7321428571428571,0.24283908980820948,0.5158035599288443
LSTM,7-Day Rollout,Verano,Norte Grande,Verano,lalackama_2,6.7671352396605275,4.734436339033501,140.18918804539072,97.00164812212867,0.6607142857142857,0.3208981082375561,1.230998105138895
LSTM,Day 1,Raw,Norte Grande,Verano,pampa_solar_norte,34.71824608612642,24.107001533110935,156.75976852665406,116.95223656461292,0.25,1.5513264109690983,11.94150243004163
LSTM,Day 1,Invierno,Norte Grande,Verano,pampa_solar_norte,18.56204066771792,11.870651374260584,136.9171555431698,106.589059686061,0.625,0.9701070527235668,1.8110279391209285
LSTM,Day 1,Otoño,Norte Grande,Verano,pampa_solar_norte,32.817096578315834,22.19619639023828,160.65105275788412,116.5880142271412,0.3333333333333333,1.4830800706093819,9.453095492623591
LSTM,Day 1,Primavera,Norte Grande,Verano,pampa_solar_norte,10.675208597837676,5.040856045360367,132.69486636828088,122.02562854916184,0.6666666666666666,0.5266812598022322,2.2356244555053615
LSTM,Day 1,Verano,Norte Grande,Verano,pampa_solar_norte,34.47475308285969,23.766464124123257,156.2820909845935,116.13200355948831,0.3333333333333333,1.4902197775741417,11.200482835620642
LSTM,7-Day Rollout,Raw,Norte Grande,Verano,pampa_solar_norte,35.697309621165886,25.171529773445357,158.51230486838966,117.66542808574998,0.125,1.626305083540224,14.36007601100774
LSTM,7-Day Rollout,Invierno,Norte Grande,Verano,pampa_solar_norte,16.07084501250994,9.82683153823018,138.6145937822074,111.23983184842383,0.48214285714285715,0.8902480903392037,1.4009728789063438
LSTM,7-Day Rollout,Otoño,Norte Grande,Verano,pampa_solar_norte,31.6667179197647,21.329557442826975,158.54513612295358,114.31315777590727,0.35714285714285715,1.4191423314573643,8.377128342000791
LSTM,7-Day Rollout,Primavera,Norte Grande,Verano,pampa_solar_norte,24.609233689332026,15.678158103754479,147.0732681452491,116.16805177460733,0.4226190476190476,1.121580774130832,5.053391968993292
LSTM,7-Day Rollout,Verano,Norte Grande,Verano,pampa_solar_norte,34.478031381514874,24.08097876395498,156.70365817527116,113.64644465123617,0.375,1.4896737012834778,11.126635145750784
LSTM,Day 1,Raw,Norte Grande,Verano,parque_solar_finis_terrae,14.189068648565206,11.834877922510108,188.04911023573572,1735.6658879926993,0.0,2.563864814893653,1.0959693260180463
LSTM,Day 1,Invierno,Norte Grande,Verano,parque_solar_finis_terrae,35.89549485169201,24.90566549698512,154.02582023091196,116.29366859872134,0.0,2.1989645222822825,11.110240085919699
LSTM,Day 1,Operational,Norte Grande,Verano,parque_solar_finis_terrae,8.810189467983902,7.720134558777015,127.95798395068492,149.90751397707837,0.375,0.8909206880877415,1.1701474796980629
LSTM,Day 1,Otoño,Norte Grande,Verano,parque_solar_finis_terrae,15.71753395051765,12.350571477164825,131.6547265872062,83.66099468241619,0.3333333333333333,1.4784952000404397,3.8894934526955094
LSTM,Day 1,Primavera,Norte Grande,Verano,parque_solar_finis_terrae,43.20167550410837,30.797436734040577,155.54538286920732,115.5034926696334,0.08333333333333333,2.4287450830141704,16.84607848127683
LSTM,Day 1,Verano,Norte Grande,Verano,parque_solar_finis_terrae,8.810189467983902,7.720134558777015,127.95798395068492,149.90751397707837,0.375,0.8909206880877415,1.1701474796980629
LSTM,7-Day Rollout,Raw,Norte Grande,Verano,parque_solar_finis_terrae,10.67864439248573,9.065428736697262,165.66584536470143,706.8327705807933,0.041666666666666664,2.390326423974641,0.8135114840115427
LSTM,7-Day Rollout,Invierno,Norte Grande,Verano,parque_solar_finis_terrae,32.0363754615488,21.74087283129449,153.62742853851324,125.06474005858945,0.06547619047619048,2.4903436684387827,11.154473319210089
LSTM,7-Day Rollout,Operational,Norte Grande,Verano,parque_solar_finis_terrae,6.079006799073493,5.430049392971254,116.43072214337269,87.79028340952226,0.38095238095238093,1.384768553370876,0.9030879596425668
LSTM,7-Day Rollout,Otoño,Norte Grande,Verano,parque_solar_finis_terrae,19.941856910891257,15.387011529838977,141.74014735871023,99.79647867990384,0.08928571428571429,2.0173791413092874,5.747099236454648
LSTM,7-Day Rollout,Primavera,Norte Grande,Verano,parque_solar_finis_terrae,42.2494985739472,30.243219023659115,154.17858064440597,119.94098820268822,0.07142857142857142,2.6219936741959478,19.13766074038687
LSTM,7-Day Rollout,Verano,Norte Grande,Verano,parque_solar_finis_terrae,6.079006799073493,5.430049392971254,116.43072214337269,87.79028340952226,0.38095238095238093,1.384768553370876,0.9030879596425668
LSTM,Day 1,Raw,Zona Central,Invierno,altos_de_til_til,0.32128136825314924,0.27030549803748727,143.88964398468502,108.44003643015509,0.5,0.04782352944991241,0.035468480355727215
LSTM,Day 1,Invierno,Zona Central,Invierno,altos_de_til_til,0.32068571577515137,0.2701920766072969,143.87866268332343,108.23898967551446,0.4583333333333333,0.04801327256330599,0.03618018154520545
LSTM,Day 1,Otoño,Zona Central,Invierno,altos_de_til_til,0.4946973774115155,0.38752491956590046,142.71870396216002,94.25796672837771,0.4166666666666667,0.04562570093926297,0.0706063901996307
LSTM,Day 1,Primavera,Zona Central,Invierno,altos_de_til_til,0.5291358958496514,0.3941577036554615,138.91293877969105,99.16445401713939,0.4583333333333333,0.04521678557309011,0.04856319711543622
LSTM,Day 1,Verano,Zona Central,Invierno,altos_de_til_til,0.5736252443192903,0.43616949456433457,139.3794485932568,88.2487052482676,0.5,0.04317418585220973,0.07385235866531732
LSTM,7-Day Rollout,Raw,Zona Central,Invierno,altos_de_til_til,0.3932434196482326,0.3070392649204127,136.51501358012837,146.31639471571103,0.48872180451127817,0.058997369335554675,0.034939731748274
LSTM,7-Day Rollout,Invierno,Zona Central,Invierno,altos_de_til_til,0.40097656876009063,0.3135028261188418,132.39650906044454,140.21965511418284,0.48,0.061590858676191414,0.03656022661449391
LSTM,7-Day Rollout,Otoño,Zona Central,Invierno,altos_de_til_til,0.4619486798980307,0.3611499981797395,140.82297419674862,94.2147930673205,0.4226190476190476,0.05213028951206762,0.03065948928361608
LSTM,7-Day Rollout,Primavera,Zona Central,Invierno,altos_de_til_til,0.5714225065463754,0.41943020808200043,144.478661178066,106.26043280526874,0.3273809523809524,0.055405420630371995,0.0586347923303644
LSTM,7-Day Rollout,Verano,Zona Central,Invierno,altos_de_til_til,0.5373092542010809,0.41261407413930146,142.2570055883912,94.59551262792803,0.38095238095238093,0.05091133676732646,0.058597749001706875
LSTM,Day 1,Raw,Zona Central,Invierno,las_perdices,0.4870653314801229,0.439838060400992,140.9599163672846,127.56118808851707,0.3333333333333333,0.07997803763573756,0.058379903679694256
LSTM,Day 1,Invierno,Zona Central,Invierno,las_perdices,0.4950615024005813,0.4005612921901047,137.12823512949169,142.2206949603574,0.3333333333333333,0.09076259307718526,0.0644240783139443
LSTM,Day 1,Operational,Zona Central,Invierno,las_perdices,0.40970489874174504,0.34938543604221195,129.16237901892939,97.34282094705107,0.375,0.07479727250174618,0.05950402409653185
LSTM,Day 1,Otoño,Zona Central,Invierno,las_perdices,0.6451454415192598,0.5216711852020429,125.53366099465855,71.13907297031969,0.3333333333333333,0.07742714214206596,0.15409508884234435
LSTM,Day 1,Primavera,Zona Central,Invierno,las_perdices,0.40970489874174504,0.34938543604221195,129.16237901892939,97.34282094705107,0.375,0.07479727250174618,0.05950402409653185
LSTM,Day 1,Verano,Zona Central,Invierno,las_perdices,0.8638677109255096,0.704363831008474,122.42465899063623,71.90261139776464,0.3333333333333333,0.07652327287942172,0.20632024925823014
LSTM,7-Day Rollout,Raw,Zona Central,Invierno,las_perdices,0.5338807099892785,0.4622984854057016,145.73789681811434,168.9728074865656,0.25149700598802394,0.1095593070752324,0.05452618502933039
LSTM,7-Day Rollout,Invierno,Zona Central,Invierno,las_perdices,0.4969366104067439,0.4180343664819312,143.78695912538967,174.2615024398042,0.26785714285714285,0.10822908036257753,0.049962907672787535
LSTM,7-Day Rollout,Operational,Zona Central,Invierno,las_perdices,0.5786002466210723,0.493190652962063,140.61957694073678,111.0163856639763,0.26785714285714285,0.11547713260477535,0.06568298578687186
LSTM,7-Day Rollout,Otoño,Zona Central,Invierno,las_perdices,0.6191441988661224,0.5194037380786627,132.38154183603982,86.66646188634022,0.3392857142857143,0.10484772323604938,0.08397326334480962
LSTM,7-Day Rollout,Primavera,Zona Central,Invierno,las_perdices,0.5786002466210723,0.493190652962063,140.61957694073678,111.0163856639763,0.26785714285714285,0.11547713260477535,0.06568298578687186
LSTM,7-Day Rollout,Verano,Zona Central,Invierno,las_perdices,0.8222270547927402,0.6579972554879662,122.85636217015814,79.3008483036649,0.30357142857142855,0.08904021110599085,0.14114170163867087
LSTM,Day 1,Raw,Zona Central,Invierno,laurel,0.7995607368113629,0.5616632021653155,107.76288426127081,61.662120575262,0.75,0.10317569562078764,0.23151282974674073
LSTM,Day 1,Invierno,Zona Central,Invierno,laurel,0.8195772214943875,0.5733421563830537,99.47983997424078,63.206363561109015,0.75,0.10562081970177435,0.2349000771578481
LSTM,Day 1,Otoño,Zona Central,Invierno,laurel,1.2013156724724652,0.8032183422591667,88.03636678894196,57.0643453101625,0.875,0.10323831640174604,0.18697794079257257
LSTM,Day 1,Primavera,Zona Central,Invierno,laurel,1.638432068885714,1.1075974385409306,109.69171359413498,154.223850992296,0.7916666666666666,0.0861829279184652,0.23846593626076376
LSTM,Day 1,Verano,Zona Central,Invierno,laurel,1.8652252795404767,1.2751075669269387,84.5181463952961,64.35090881182745,0.875,0.12475043442682364,0.2596743079232208
LSTM,7-Day Rollout,Raw,Zona Central,Invierno,laurel,1.5529844393385792,1.1166668531588864,146.1749738822697,262.7667411896342,0.4166666666666667,0.24508929039737795,0.20453909015271235
LSTM,7-Day Rollout,Invierno,Zona Central,Invierno,laurel,1.7758638973858414,1.16729611755263,131.45495060015634,300.48610021916124,0.5773809523809523,0.1848131832897534,0.2515869460720641
LSTM,7-Day Rollout,Otoño,Zona Central,Invierno,laurel,1.1395020526227655,0.7691812630824708,90.09502439842313,58.823972180774234,0.8511904761904762,0.09821207677481966,0.17975299856089938
LSTM,7-Day Rollout,Primavera,Zona Central,Invierno,laurel,1.6828856905272211,1.1954302429242358,131.21359972521495,169.20702708081424,0.5416666666666666,0.21855289308840017,0.22109038963636066
LSTM,7-Day Rollout,Verano,Zona Central,Invierno,laurel,1.7636379977052203,1.2695260016425025,97.83188879148125,69.41790714042348,0.8214285714285714,0.12049904793190461,0.2050591086458771
LSTM,Day 1,Raw,Zona Central,Invierno,la_lajuela,1.3833384452047983,1.1922097726386378,63.95679289352228,38.872911497086484,0.8181818181818182,0.17958313459742137,0.16800282690462418
LSTM,Day 1,Invierno,Zona Central,Invierno,la_lajuela,1.2322116059000323,1.0293212443590165,42.531254631123986,31.480625903422965,0.9,0.18768901243805886,0.2753570051491263
LSTM,Day 1,Otoño,Zona Central,Invierno,la_lajuela,2.1331164126257725,1.570919560578962,131.28306169871092,75.51686881321541,0.5,0.17452530067724484,0.3214380675771585
LSTM,Day 1,Primavera,Zona Central,Invierno,la_lajuela,1.9556196188818833,1.4317213053970288,148.98604853011966,140.74791342052353,0.2916666666666667,0.17015336399975545,0.2657968143893718
LSTM,Day 1,Verano,Zona Central,Invierno,la_lajuela,2.5375060470451127,1.8912869073295344,127.45534594671875,80.17666373129032,0.4166666666666667,0.16446229862437275,0.4501771996535051
LSTM,7-Day Rollout,Raw,Zona Central,Invierno,la_lajuela,1.7119673980949714,1.5073807410870308,92.68638949644927,85.3076947883756,0.4931506849315068,0.2340761786853027,0.29631935724293296
LSTM,7-Day Rollout,Invierno,Zona Central,Invierno,la_lajuela,1.9946062342866748,1.7454234311750043,105.47964542260478,108.92406806791189,0.525,0.2624390569274692,0.2914832867384396
LSTM,7-Day Rollout,Otoño,Zona Central,Invierno,la_lajuela,2.097059398722223,1.5591512496376665,130.64071363524795,77.10070956000297,0.44642857142857145,0.19056545896999608,0.20276309532121004
LSTM,7-Day Rollout,Primavera,Zona Central,Invierno,la_lajuela,1.9710165004841333,1.495291847901951,143.96126351025902,113.17470291615741,0.26785714285714285,0.2341999955724792,0.2393334829464689
LSTM,7-Day Rollout,Verano,Zona Central,Invierno,la_lajuela,2.496045275843819,1.900965187681972,129.2577397571939,85.11079280083533,0.38095238095238093,0.19790903634275314,0.3869173679315108
LSTM,Day 1,Raw,Zona Central,Invierno,lipangue,0.33815230403955415,0.3095478943314826,128.19409688809267,59.94879856115117,0.375,0.08552006688692586,0.06464738880011782
LSTM,Day 1,Invierno,Zona Central,Invierno,lipangue,0.3652973758227759,0.3292045023912819,98.94745980223618,45.963334090928896,0.5294117647058824,0.09568930070496837,0.08585365072969976
LSTM,Day 1,Otoño,Zona Central,Invierno,lipangue,0.663964259448061,0.5112227138597518,152.91580931899068,320.1274868890469,0.4583333333333333,0.0339107040509892,0.08865028287206474
LSTM,Day 1,Primavera,Zona Central,Invierno,lipangue,0.5337976720187619,0.42028519775097567,135.11319849566453,71.6661658664568,0.5416666666666666,0.05470885776448995,0.05710491479840135
LSTM,Day 1,Verano,Zona Central,Invierno,lipangue,0.41892649996921427,0.3320348685568509,114.12634614448353,49.89899976818983,0.7083333333333334,0.0414523274259409,0.0575829988685049
LSTM,7-Day Rollout,Raw,Zona Central,Invierno,lipangue,0.42819693277716947,0.36418078849477725,107.739830418988,70.64536717521699,0.5686274509803921,0.06050761418533216,0.07332612571594276
LSTM,7-Day Rollout,Invierno,Zona Central,Invierno,lipangue,0.4301049131863542,0.36569064418428093,104.54237808055231,68.38357120458785,0.6020408163265306,0.05941555116743685,0.07747181603156865
LSTM,7-Day Rollout,Otoño,Zona Central,Invierno,lipangue,0.656487624178616,0.5033195635062709,169.3098764495636,580.8543217722463,0.24404761904761904,0.09648438175312808,0.07263119802955777
LSTM,7-Day Rollout,Primavera,Zona Central,Invierno,lipangue,0.5818647351531073,0.4495629896965684,137.39173187343715,89.86947966488846,0.42857142857142855,0.06556286149107217,0.05077436171151306
LSTM,7-Day Rollout,Verano,Zona Central,Invierno,lipangue,0.5539562054154595,0.4116694465989158,138.69305926182975,110.60403976663302,0.42857142857142855,0.07957195040015948,0.052221508625717436
LSTM,Day 1,Raw,Zona Central,Invierno,luna,0.8495565116227245,0.7363474775893544,88.27895754241464,110.55720098079537,0.6363636363636364,0.05016857335716415,0.1822687307564481
LSTM,Day 1,Invierno,Zona Central,Invierno,luna,0.7984751190111634,0.7074528627097607,72.19440831921288,89.69242068634716,0.8,0.04804102998226881,0.18960585501045008
LSTM,Day 1,Otoño,Zona Central,Invierno,luna,0.42429664446859666,0.3044949037515228,121.1747276345798,63.16824238426621,0.9583333333333334,0.02960152925206785,0.08588469149635793
LSTM,Day 1,Primavera,Zona Central,Invierno,luna,0.7976344084119952,0.5324243113767201,146.73349565347823,166.0020835989294,0.8333333333333334,0.029518809365981724,0.0924350971933261
LSTM,Day 1,Verano,Zona Central,Invierno,luna,0.6628281598955443,0.4373930792959679,120.02093512217174,64.837528938185,0.9166666666666666,0.043897577836105484,0.10641806365153272
LSTM,7-Day Rollout,Raw,Zona Central,Invierno,luna,1.3134698513300445,1.1584473080327817,117.4493446413451,221.1324814489684,0.5,0.1010510359630469,0.23191257338925203
LSTM,7-Day Rollout,Invierno,Zona Central,Invierno,luna,1.35833323064151,1.1986356818182557,119.20066547352882,236.00647786219318,0.49122807017543857,0.10387631196063013,0.23632336345852553
LSTM,7-Day Rollout,Otoño,Zona Central,Invierno,luna,0.41337212857682487,0.29715705277946214,121.50159829222899,63.976798279295785,0.9404761904761905,0.02711266722731213,0.0968695556416389
LSTM,7-Day Rollout,Primavera,Zona Central,Invierno,luna,0.6522768510423871,0.43203579929969205,139.59013791118699,132.02436580968487,0.7321428571428571,0.05374019739387993,0.09063670292106496
LSTM,7-Day Rollout,Verano,Zona Central,Invierno,luna,0.5750710196021739,0.3778277062189036,114.52951122443338,62.36145240663951,0.9583333333333334,0.038809998947467006,0.09038379986880811
LSTM,Day 1,Raw,Zona Central,Invierno,pfv_santa_adriana,1.122699048587994,0.8753267616654435,190.21145789530524,2361.1663833633656,0.041666666666666664,0.22035237840997676,0.08628438514036445
LSTM,Day 1,Invierno,Zona Central,Invierno,pfv_santa_adriana,0.751118829372817,0.6216480849664853,157.66993884291279,388.90815306793974,0.25,0.10155696158556866,0.07781650482853979
LSTM,Day 1,Operational,Zona Central,Invierno,pfv_santa_adriana,0.6903385744058547,0.5680384018147985,145.20991707004518,122.53615790761359,0.25,0.10519308573566377,0.08894350409197316
LSTM,Day 1,Otoño,Zona Central,Invierno,pfv_santa_adriana,0.41821261933749226,0.3394324491964653,115.24009802387198,54.977790354671306,0.4583333333333333,0.09092967501104188,0.08210290601127786
LSTM,Day 1,Primavera,Zona Central,Invierno,pfv_santa_adriana,0.6903385744058547,0.5680384018147985,145.20991707004518,122.53615790761359,0.25,0.10519308573566377,0.08894350409197316
LSTM,Day 1,Verano,Zona Central,Invierno,pfv_santa_adriana,0.5420619004079047,0.4312633704394102,115.21082508457876,55.58810577321888,0.375,0.07920110756531358,0.11449586376547817
LSTM,7-Day Rollout,Raw,Zona Central,Invierno,pfv_santa_adriana,0.6759278428863719,0.5522155599542448,152.098028595411,209.37233338630804,0.281437125748503,0.13546837160364142,0.059940932964342185
LSTM,7-Day Rollout,Invierno,Zona Central,Invierno,pfv_santa_adriana,0.6059807954873139,0.48444530946220593,145.4315836373021,220.3957891603465,0.2857142857142857,0.12279121521491365,0.05716744706111236
LSTM,7-Day Rollout,Operational,Zona Central,Invierno,pfv_santa_adriana,0.557783893157592,0.489452255525629,136.58439300296098,96.66107704247968,0.32142857142857145,0.12181420433555018,0.05968625054071408
LSTM,7-Day Rollout,Otoño,Zona Central,Invierno,pfv_santa_adriana,0.4695539491470606,0.41862671640549143,122.64231086248134,66.91795568927118,0.4107142857142857,0.10589640743519774,0.059494441665655
LSTM,7-Day Rollout,Primavera,Zona Central,Invierno,pfv_santa_adriana,0.557783893157592,0.489452255525629,136.58439300296098,96.66107704247968,0.32142857142857145,0.12181420433555018,0.05968625054071408
LSTM,7-Day Rollout,Verano,Zona Central,Invierno,pfv_santa_adriana,0.5681360922596138,0.4854772004237886,119.23687326632869,66.54303251267754,0.38095238095238093,0.09566345392834462,0.10402527278236537
LSTM,Day 1,Raw,Zona Central,Otoño,crucero,0.9364193414373705,0.7185252904891968,200.0,0.0,0.0,0.19361986645186943,0.08440429009497173
LSTM,Day 1,Invierno,Zona Central,Otoño,crucero,0.8185268769828387,0.6142090243908266,173.5864962004472,562.2573722630012,0.125,0.12937268620201695,0.07432064759389813
LSTM,Day 1,Operational,Zona Central,Otoño,crucero,0.8185268769828387,0.6142090243908266,173.5864962004472,562.2573722630012,0.125,0.12937268620201695,0.07432064759389813
LSTM,Day 1,Otoño,Zona Central,Otoño,crucero,0.521815471063054,0.3811731599853374,122.66324384379028,66.83812705093469,0.5,0.05525050702757047,0.14473919254087383
LSTM,Day 1,Primavera,Zona Central,Otoño,crucero,0.5366333416675142,0.43638627463951707,148.26433179206225,133.90160239728948,0.4166666666666667,0.06759388993959875,0.0692637447811043
LSTM,Day 1,Verano,Zona Central,Otoño,crucero,0.8554140643591992,0.6665260470472276,133.73051601481978,83.85165118635723,0.375,0.06642709106672555,0.21708754947564257
LSTM,7-Day Rollout,Raw,Zona Central,Otoño,crucero,0.8016268411373741,0.6375328412368184,196.42857142857142,0.0,0.017857142857142856,0.201264989855034,0.07011222124454528
LSTM,7-Day Rollout,Invierno,Zona Central,Otoño,crucero,0.5510135854674143,0.43361276455947956,148.51202667797264,195.811485180516,0.26785714285714285,0.09991859831444447,0.051052527695724305
LSTM,7-Day Rollout,Operational,Zona Central,Otoño,crucero,0.5510135854674143,0.43361276455947956,148.51202667797264,195.811485180516,0.26785714285714285,0.09991859831444447,0.051052527695724305
LSTM,7-Day Rollout,Otoño,Zona Central,Otoño,crucero,0.5035266307092829,0.40374204607065795,124.27246226999542,66.96038598717506,0.4107142857142857,0.06907992505421134,0.0853527354795872
LSTM,7-Day Rollout,Primavera,Zona Central,Otoño,crucero,0.659053776564133,0.5295709390558321,143.4590364800438,114.65207088368388,0.30357142857142855,0.09920362027814701,0.06839602475813648
LSTM,7-Day Rollout,Verano,Zona Central,Otoño,crucero,0.866615386248863,0.6642116905921804,131.17594475718175,86.33510591227072,0.3273809523809524,0.06989426639296914,0.16911638746692226
LSTM,Day 1,Raw,Zona Central,Otoño,fotovolt_solar_i,0.4263779413651028,0.29873071906816523,172.9248128954836,530.6853168022077,0.5833333333333334,0.026722939220780968,0.04675716347264828
LSTM,Day 1,Invierno,Zona Central,Otoño,fotovolt_solar_i,0.2700748790790628,0.20074644078461765,154.2493461049599,168.09288082487137,0.5833333333333334,0.026910165261263802,0.03838101647900964
LSTM,Day 1,Operational,Zona Central,Otoño,fotovolt_solar_i,0.2497397259240762,0.18816049411968075,147.0191770707065,135.38586462719,0.6666666666666666,0.020167975828765825,0.039868394463671124
LSTM,Day 1,Otoño,Zona Central,Otoño,fotovolt_solar_i,0.2497397259240762,0.18816049411968075,147.0191770707065,135.38586462719,0.6666666666666666,0.020167975828765825,0.039868394463671124
LSTM,Day 1,Primavera,Zona Central,Otoño,fotovolt_solar_i,0.24607450310810924,0.14856034311863672,134.3427550918091,125.08256930347858,0.6666666666666666,0.02478564341666545,0.03051420945957946
LSTM,Day 1,Verano,Zona Central,Otoño,fotovolt_solar_i,0.18919928930625832,0.12111464096233249,118.12981478285234,79.63364062088364,0.7916666666666666,0.016211462354597944,0.03337958971193684
LSTM,7-Day Rollout,Raw,Zona Central,Otoño,fotovolt_solar_i,0.30707158687257813,0.19973354454606623,156.36922642405696,236.83480241347024,0.6190476190476191,0.026751641701899115,0.0368920893200639
LSTM,7-Day Rollout,Invierno,Zona Central,Otoño,fotovolt_solar_i,0.4122313806048984,0.2841150249155477,165.6690690290981,469.1209019731294,0.5654761904761905,0.032011829182176606,0.045150064128520136
LSTM,7-Day Rollout,Operational,Zona Central,Otoño,fotovolt_solar_i,0.2872221878823729,0.19932031947382034,154.39230489067734,203.38520220615192,0.6785714285714286,0.02259341310918364,0.03872336880023136
LSTM,7-Day Rollout,Otoño,Zona Central,Otoño,fotovolt_solar_i,0.2872221878823729,0.19932031947382034,154.39230489067734,203.38520220615192,0.6785714285714286,0.02259341310918364,0.03872336880023136
LSTM,7-Day Rollout,Primavera,Zona Central,Otoño,fotovolt_solar_i,0.2759543803635616,0.18331619240646682,147.95553497027126,183.9166968789259,0.4226190476190476,0.03314130056893053,0.029626312066642034
LSTM,7-Day Rollout,Verano,Zona Central,Otoño,fotovolt_solar_i,0.20798681353933668,0.13578251650324633,124.29617266468867,100.8106860572137,0.7619047619047619,0.01341877265492902,0.03275000998969331
LSTM,Day 1,Raw,Zona Central,Otoño,gr_santa_rosa,2.9400796983769233,2.1767701799850934,174.3813171013137,536.3050639262847,0.5416666666666666,0.2550855964220773,0.38655203516374703
LSTM,Day 1,Invierno,Zona Central,Otoño,gr_santa_rosa,1.1376613869819527,0.7289670069391528,130.31428257079784,60.119435167588996,0.6666666666666666,0.17487409029466408,0.24108489315646411
LSTM,Day 1,Operational,Zona Central,Otoño,gr_santa_rosa,0.8721697755733641,0.5686840607559134,124.43335520925834,49.01541966830264,0.6666666666666666,0.13904361614725835,0.21477803535181028
LSTM,Day 1,Otoño,Zona Central,Otoño,gr_santa_rosa,0.8721697755733641,0.5686840607559134,124.43335520925834,49.01541966830264,0.6666666666666666,0.13904361614725835,0.21477803535181028
LSTM,Day 1,Primavera,Zona Central,Otoño,gr_santa_rosa,2.609441712076517,1.767912214777122,152.2639001991128,158.41323355535093,0.5416666666666666,0.21143348812280846,0.3488168406998741
LSTM,Day 1,Verano,Zona Central,Otoño,gr_santa_rosa,2.839772003715607,2.0430401073147855,126.28700895480884,72.64616770852993,0.7916666666666666,0.18513061699147026,0.3270737763804695
LSTM,7-Day Rollout,Raw,Zona Central,Otoño,gr_santa_rosa,2.009027708685642,1.2547597496958198,137.84621928347067,121.6458864483391,0.6130952380952381,0.22441084993264276,0.3013041695595935
LSTM,7-Day Rollout,Invierno,Zona Central,Otoño,gr_santa_rosa,2.5053233766035774,1.597177586562057,145.5734929176584,252.11220773294957,0.5476190476190477,0.2648502992727247,0.31665553058539386
LSTM,7-Day Rollout,Operational,Zona Central,Otoño,gr_santa_rosa,1.788791891680739,1.2477456153269268,148.85164993676307,144.46636923889258,0.5119047619047619,0.20837274199373151,0.23678263791852755
LSTM,7-Day Rollout,Otoño,Zona Central,Otoño,gr_santa_rosa,1.788791891680739,1.2477456153269268,148.85164993676307,144.46636923889258,0.5119047619047619,0.20837274199373151,0.23678263791852755
LSTM,7-Day Rollout,Primavera,Zona Central,Otoño,gr_santa_rosa,2.1315132588161942,1.5380316992022494,137.7529963128242,97.58535056773412,0.5952380952380952,0.2365135604942268,0.23871452166099322
LSTM,7-Day Rollout,Verano,Zona Central,Otoño,gr_santa_rosa,2.664041728253697,1.9054151257123089,123.09607181603783,74.14848948108065,0.7678571428571429,0.17479791414447218,0.28005238200172
LSTM,Day 1,Raw,Zona Central,Primavera,donihue,0.8896760476533224,0.7392926177455356,133.685156893981,88.1129866372927,0.2608695652173913,0.15738384200806693,0.1478334341370299
LSTM,Day 1,Invierno,Zona Central,Primavera,donihue,0.8446030360096195,0.7392614031365762,139.05968671329626,134.21688290182928,0.375,0.14516874022083356,0.09713317848509186
LSTM,Day 1,Otoño,Zona Central,Primavera,donihue,2.3530122584125537,1.7283967901797344,147.9416497047543,114.51444814489294,0.25,0.19974197141127661,0.6115081788079503
LSTM,Day 1,Primavera,Zona Central,Primavera,donihue,0.8767688121442431,0.7308058031097365,136.14027713295957,90.61008178316862,0.25,0.15512964596952467,0.137229134143369
LSTM,Day 1,Verano,Zona Central,Primavera,donihue,3.4995723192343515,2.6729939255552986,145.90897816760247,100.65984852761112,0.125,0.216434831211033,1.098702587179529
LSTM,7-Day Rollout,Raw,Zona Central,Primavera,donihue,0.9465477807104571,0.7685551357617278,145.70076133826726,131.10681615403058,0.25748502994011974,0.2230963079571099,0.10021877543008084
LSTM,7-Day Rollout,Invierno,Zona Central,Primavera,donihue,1.1079550356229548,0.8811624859829733,139.66688693939088,115.94353881365689,0.31547619047619047,0.17736711530420246,0.07974301173675317
LSTM,7-Day Rollout,Otoño,Zona Central,Primavera,donihue,2.664620138679732,1.9566979298320977,146.05102463154535,105.96154208756283,0.125,0.22541812386403937,0.6520433493404111
LSTM,7-Day Rollout,Primavera,Zona Central,Primavera,donihue,0.9697732912598829,0.785265582103637,146.22501112081815,135.1281275654621,0.25595238095238093,0.21782011043479926,0.10235855771738687
LSTM,7-Day Rollout,Verano,Zona Central,Primavera,donihue,3.15210671200763,2.275966868055417,147.41642964892034,114.3582245220655,0.07738095238095238,0.22959219444251944,1.1033050175704264
LSTM,Day 1,Raw,Zona Central,Primavera,pfv_jose_soler_mallafre,0.2616046066491294,0.18424178611325182,143.59857889520725,157.51411809615058,0.30434782608695654,0.02862698312686837,0.0640150544355097
LSTM,Day 1,Invierno,Zona Central,Primavera,pfv_jose_soler_mallafre,0.1707728921939467,0.1378226975709064,129.74410334198993,81.91915578373195,0.4166666666666667,0.030203356076466053,0.010408956899542935
LSTM,Day 1,Otoño,Zona Central,Primavera,pfv_jose_soler_mallafre,0.419354286217437,0.3080654264437423,170.25557172096651,189.369235931097,0.125,0.04694738002120478,0.11696011518288289
LSTM,Day 1,Primavera,Zona Central,Primavera,pfv_jose_soler_mallafre,0.25767122779452206,0.18257377156987786,145.98062913127902,161.89127045288413,0.2916666666666667,0.0285711754191046,0.06060398808525256
LSTM,Day 1,Verano,Zona Central,Primavera,pfv_jose_soler_mallafre,0.4954470993524881,0.3604491225754221,173.63323068087456,194.81357303760774,0.0,0.05038934838181982,0.15430490599634747
LSTM,7-Day Rollout,Raw,Zona Central,Primavera,pfv_jose_soler_mallafre,0.38671453999242356,0.252082904343128,147.22136105465924,137.30346134757752,0.19161676646706588,0.03769174900854322,0.0997224961212121
LSTM,7-Day Rollout,Invierno,Zona Central,Primavera,pfv_jose_soler_mallafre,0.22296464720628154,0.17223815468993225,148.49552729150983,133.91151776720542,0.2619047619047619,0.035919802993340626,0.017840296635528753
LSTM,7-Day Rollout,Otoño,Zona Central,Primavera,pfv_jose_soler_mallafre,0.48953223570615473,0.3528817698953292,152.1059355840988,118.10983224940006,0.08928571428571429,0.04280098381926764,0.13645177212485896
LSTM,7-Day Rollout,Primavera,Zona Central,Primavera,pfv_jose_soler_mallafre,0.38414479058412293,0.25115392547775717,147.4583810109202,137.20778172380395,0.19047619047619047,0.037295990725206576,0.09697352502759411
LSTM,7-Day Rollout,Verano,Zona Central,Primavera,pfv_jose_soler_mallafre,0.45062074062077545,0.31692243904607104,160.9162803711353,162.45821541613861,0.08333333333333333,0.04664766519812733,0.13963566367719546
LSTM,Day 1,Raw,Zona Central,Primavera,pfv_villa_seca,0.947184382501873,0.6892179759064069,136.41749447754822,97.37947160603903,0.25,0.0719735588451537,0.2474776300873297
LSTM,Day 1,Invierno,Zona Central,Primavera,pfv_villa_seca,0.2943655281674453,0.23491834046186946,132.83401884864986,93.54819118555736,0.375,0.05765168895912514,0.04571872951363128
LSTM,Day 1,Otoño,Zona Central,Primavera,pfv_villa_seca,0.8023083305297658,0.6142997820279561,139.46228253461044,87.08183647927913,0.3333333333333333,0.07326892129979873,0.14466375049378258
LSTM,Day 1,Primavera,Zona Central,Primavera,pfv_villa_seca,0.8873648113700546,0.6397964586115753,133.77292355226896,91.22386500120496,0.2916666666666667,0.0651056936806223,0.18529798884216386
LSTM,Day 1,Verano,Zona Central,Primavera,pfv_villa_seca,1.059958029983411,0.7907822656755646,146.20971884642398,119.09895278468987,0.2916666666666667,0.08960464233532549,0.1939682539862891
LSTM,7-Day Rollout,Raw,Zona Central,Primavera,pfv_villa_seca,1.0202160334988828,0.7677772381742086,144.65042556631343,105.67782252713876,0.05357142857142857,0.09393072016537189,0.30816843822110623
LSTM,7-Day Rollout,Invierno,Zona Central,Primavera,pfv_villa_seca,0.3804098697788574,0.31473477260455446,142.9720064162743,127.00693196950795,0.30357142857142855,0.07712072943896342,0.03405665538182242
LSTM,7-Day Rollout,Otoño,Zona Central,Primavera,pfv_villa_seca,0.7734789371097245,0.5919153376723573,138.60533395655582,90.74189283340858,0.27380952380952384,0.08022391463282041,0.09354328853930514
LSTM,7-Day Rollout,Primavera,Zona Central,Primavera,pfv_villa_seca,0.9674609935305019,0.7290094086534477,140.7374219593784,100.21265815121532,0.13095238095238096,0.08832364902371496,0.2223727327491534
LSTM,7-Day Rollout,Verano,Zona Central,Primavera,pfv_villa_seca,0.8195094983919503,0.5925688012111788,127.97776269962765,95.80137432899772,0.39285714285714285,0.06963744155028355,0.10835469233763025
LSTM,Day 1,Raw,Zona Central,Verano,alto_solar,0.586582991288586,0.45831206999719143,200.0,0.0,0.0,0.13944985057848194,0.06111341984942561
LSTM,Day 1,Invierno,Zona Central,Verano,alto_solar,0.7355362728064361,0.5335175247649507,150.959893882606,106.44264314580624,0.25,0.09325451093560937,0.03473858694439213
LSTM,Day 1,Operational,Zona Central,Verano,alto_solar,0.9599522222164043,0.6872192571269503,142.9874706534149,106.79385442252256,0.20833333333333334,0.08464558961519895,0.22431161204828334
LSTM,Day 1,Otoño,Zona Central,Verano,alto_solar,0.9424410987806563,0.6678901982086245,143.01544557797754,108.36326232485919,0.20833333333333334,0.08229201689682668,0.20732632963869643
LSTM,Day 1,Primavera,Zona Central,Verano,alto_solar,0.6672171217044581,0.500989383621345,144.31190261623766,98.98722575575607,0.20833333333333334,0.08085944841507929,0.14555547497736068
LSTM,Day 1,Verano,Zona Central,Verano,alto_solar,0.9599522222164043,0.6872192571269503,142.9874706534149,106.79385442252256,0.20833333333333334,0.08464558961519895,0.22431161204828334
LSTM,7-Day Rollout,Raw,Zona Central,Verano,alto_solar,0.5193786623062865,0.4374720383258093,200.0,0.0,0.0,0.17444117792571584,0.04570577200502161
LSTM,7-Day Rollout,Invierno,Zona Central,Verano,alto_solar,0.5497146252940868,0.4197759542087927,162.01721102930463,188.20608393596427,0.18452380952380953,0.11769461969621,0.037369612690140705
LSTM,7-Day Rollout,Operational,Zona Central,Verano,alto_solar,0.90037489433938,0.6251248093238766,141.27690935611176,113.2987175559287,0.20238095238095238,0.08851941175013225,0.1760855614580491
LSTM,7-Day Rollout,Otoño,Zona Central,Verano,alto_solar,0.8981478066827958,0.6233799966312723,141.25846502285384,113.1892400259737,0.21428571428571427,0.08747078673151831,0.15523188506472035
LSTM,7-Day Rollout,Primavera,Zona Central,Verano,alto_solar,0.7185680101362543,0.5110637876113331,160.77562889859627,155.35841940145892,0.13095238095238096,0.11367758771397174,0.13010663553206023
LSTM,7-Day Rollout,Verano,Zona Central,Verano,alto_solar,0.90037489433938,0.6251248093238766,141.27690935611176,113.2987175559287,0.20238095238095238,0.08851941175013225,0.1760855614580491
LSTM,Day 1,Raw,Zona Central,Verano,chancon,0.585141921433322,0.39010269877568743,120.14352271316142,64.78354109833231,0.875,0.04163953545272913,0.06351768615022596
LSTM,Day 1,Invierno,Zona Central,Verano,chancon,0.31662409299925426,0.20497194064470628,135.59239433535834,67.25992694693204,0.75,0.04142527469666674,0.06880510313203564
LSTM,Day 1,Otoño,Zona Central,Verano,chancon,0.4618105349614183,0.34020773469334625,125.82555580755381,60.0661345372516,0.875,0.04207507169412566,0.04976777572131449
LSTM,Day 1,Primavera,Zona Central,Verano,chancon,0.47683116448603935,0.29939767291458946,137.23757824656542,111.11186696481514,0.75,0.03290275100540991,0.06480380654102197
LSTM,Day 1,Verano,Zona Central,Verano,chancon,0.5911328994918577,0.3977668350562453,120.66161100649191,65.44932758356393,0.875,0.041579732221240805,0.061367930518463294
LSTM,7-Day Rollout,Raw,Zona Central,Verano,chancon,0.6193365570274925,0.4203634326608846,91.70337304558859,67.45245414198641,0.9107142857142857,0.042234169841148764,0.0737374632763282
LSTM,7-Day Rollout,Invierno,Zona Central,Verano,chancon,0.8406863117976969,0.5309282772348828,133.5008587131354,462.56963691895317,0.6130952380952381,0.08331078151375745,0.10172940307288744
LSTM,7-Day Rollout,Otoño,Zona Central,Verano,chancon,0.4320561432936431,0.28721881835803115,85.1597382053502,53.861923022774015,0.9404761904761905,0.04079197257010817,0.06800370276047103
LSTM,7-Day Rollout,Primavera,Zona Central,Verano,chancon,0.7082462657701626,0.4782704706823487,138.506529906356,205.85041166610316,0.5892857142857143,0.0851600043803046,0.08630313894727382
LSTM,7-Day Rollout,Verano,Zona Central,Verano,chancon,0.62241892669096,0.4234023380503502,87.04872117185916,67.7879909649173,0.9107142857142857,0.04213766527190317,0.07233295758570815
LSTM,Day 1,Raw,Zona Central,Verano,chimbarongo,0.3187140876658458,0.237589657617112,119.5946967128506,105.94195086720704,0.4583333333333333,0.051309688140948606,0.04647758601543808
LSTM,Day 1,Invierno,Zona Central,Verano,chimbarongo,0.46789773405151214,0.3772209902357038,153.74002416877428,160.64049139429892,0.2916666666666667,0.06237944380203164,0.04790817738697423
LSTM,Day 1,Otoño,Zona Central,Verano,chimbarongo,0.8328831775449603,0.6387459648928294,141.10225805330649,91.8079369952778,0.2916666666666667,0.07154102917993442,0.17451850905781616
LSTM,Day 1,Primavera,Zona Central,Verano,chimbarongo,0.46276795894499023,0.3679278168439926,149.12584678420836,245.49546818368864,0.2916666666666667,0.05620728628755197,0.06017217287600076
LSTM,Day 1,Verano,Zona Central,Verano,chimbarongo,0.3245256190449966,0.23896790218229094,120.13348839320794,108.33562951267925,0.4583333333333333,0.051003489744228615,0.047541641529339096
LSTM,7-Day Rollout,Raw,Zona Central,Verano,chimbarongo,0.8105940838699622,0.5635859310708232,129.9834621878041,105.26253133405446,0.2857142857142857,0.06602956008228353,0.1580636391854872
LSTM,7-Day Rollout,Invierno,Zona Central,Verano,chimbarongo,0.49755505623991086,0.4010119335731967,172.47915544867797,475.8900825931775,0.14285714285714285,0.11126771835401779,0.04558220510817552
LSTM,7-Day Rollout,Otoño,Zona Central,Verano,chimbarongo,0.817811416679398,0.6210737425030262,141.79792723099368,96.66698412396147,0.23214285714285715,0.0773490090352628,0.13751127179132824
LSTM,7-Day Rollout,Primavera,Zona Central,Verano,chimbarongo,0.6170227659101414,0.4673366897361345,166.77864914659338,215.12529573326745,0.10714285714285714,0.10119392480723437,0.09081856432514397
LSTM,7-Day Rollout,Verano,Zona Central,Verano,chimbarongo,0.8130718200259623,0.5655167901437553,130.52359276348002,105.64815624981503,0.2857142857142857,0.06814760480360096,0.15705545080023686
LSTM,Day 1,Raw,Zona Central,Verano,don_eugenio,0.8101615613424655,0.5466808312097177,131.94719884714777,94.4849191628359,0.625,0.04117974409818998,0.20613937040398014
LSTM,Day 1,Invierno,Zona Central,Verano,don_eugenio,0.46049968648284584,0.3486162120680092,143.33576137466258,79.17615834170924,0.5833333333333334,0.03660448639105501,0.04977129089747908
LSTM,Day 1,Otoño,Zona Central,Verano,don_eugenio,1.035897447690022,0.7288667602115311,145.38815307415413,100.10059113536552,0.5833333333333334,0.05417381927157597,0.24589137777511497
LSTM,Day 1,Primavera,Zona Central,Verano,don_eugenio,0.6432453396650659,0.45481676639368135,150.30250001645317,127.9894201596831,0.625,0.033941823725278174,0.14593155803158883
LSTM,Day 1,Verano,Zona Central,Verano,don_eugenio,0.8244244244471706,0.5509510066670676,132.88804375044728,96.14979061603356,0.6666666666666666,0.03975171174388379,0.2045680556368704
LSTM,7-Day Rollout,Raw,Zona Central,Verano,don_eugenio,1.034655304592123,0.7082948711724555,137.94767068081592,105.47898916834635,0.43452380952380953,0.051309632889607604,0.30420016643492265
LSTM,7-Day Rollout,Invierno,Zona Central,Verano,don_eugenio,0.4398008161971608,0.328673967160003,162.71784090604103,199.14899737227003,0.4166666666666667,0.06115819367420326,0.038489119659740445
LSTM,7-Day Rollout,Otoño,Zona Central,Verano,don_eugenio,0.9760944754419981,0.6782297937457077,146.33536619572774,107.39985179499551,0.31547619047619047,0.052748653574794205,0.2557446186483546
LSTM,7-Day Rollout,Primavera,Zona Central,Verano,don_eugenio,0.7865310165863494,0.5401653708060967,155.51240649082524,133.20143758538924,0.27976190476190477,0.05874399784703808,0.1654258769620442
LSTM,7-Day Rollout,Verano,Zona Central,Verano,don_eugenio,1.0440849545889634,0.714126754318628,138.4803445727802,106.43974076626128,0.4166666666666667,0.05088819988706098,0.31304887949785076
LSTM,Day 1,Raw,Zona Central,Verano,el_pilpen,1.2712857455639999,0.8929021868310277,142.0072705711925,111.54506564170579,0.2916666666666667,0.08806188915650637,0.383446965245912
LSTM,Day 1,Invierno,Zona Central,Verano,el_pilpen,0.36747125715611473,0.2792783865200666,136.94430854386405,62.64218833612255,0.4583333333333333,0.05070100169493041,0.03931130110965269
LSTM,Day 1,Otoño,Zona Central,Verano,el_pilpen,0.9019611870924945,0.6440043168695411,142.03220472785904,89.69993625162985,0.4583333333333333,0.06223716796351558,0.1542330332500569
LSTM,Day 1,Primavera,Zona Central,Verano,el_pilpen,0.6349968789151859,0.42027027770745917,137.72798280438218,103.78466571662027,0.3333333333333333,0.05954837933865443,0.14324732018752306
LSTM,Day 1,Verano,Zona Central,Verano,el_pilpen,1.222478602520743,0.8489503754487183,140.16211720288354,107.25650477403164,0.2916666666666667,0.07703512814405257,0.31590450148190335
LSTM,7-Day Rollout,Raw,Zona Central,Verano,el_pilpen,1.3066450775416767,0.9440779207039431,143.84293254338857,110.96556532975627,0.13095238095238096,0.0959987352698353,0.5184430677800093
LSTM,7-Day Rollout,Invierno,Zona Central,Verano,el_pilpen,0.6276370881425083,0.41293191182605715,160.38864546626493,259.09583927777436,0.43452380952380953,0.06860759596501165,0.06404891998924027
LSTM,7-Day Rollout,Otoño,Zona Central,Verano,el_pilpen,0.8102122257079868,0.574926210680479,138.84680713256904,86.9255730753696,0.4642857142857143,0.05930503796933494,0.0961683887335312
LSTM,7-Day Rollout,Primavera,Zona Central,Verano,el_pilpen,0.8191379356465812,0.5757291587754784,161.24356095788818,146.490870520759,0.1130952380952381,0.10875403282222275,0.20235527779229545
LSTM,7-Day Rollout,Verano,Zona Central,Verano,el_pilpen,1.2623986457271457,0.9058664020212769,141.03832917673617,107.20717645175529,0.15476190476190477,0.08868196155354963,0.4415406225491748
LSTM,Day 1,Raw,Zona Central,Verano,el_roble,2.6217919003946095,1.8905765786767006,134.1276173859681,163.7498695408846,0.625,0.22762150634080172,0.28411143142730017
LSTM,Day 1,Invierno,Zona Central,Verano,el_roble,1.0174141010279147,0.7057224293239415,118.19169949283051,58.51134884392458,0.7916666666666666,0.1333995654635752,0.18702660329484708
LSTM,Day 1,Otoño,Zona Central,Verano,el_roble,2.179045554599024,1.509882949313275,106.45828414846514,76.469228078245,0.7916666666666666,0.15257294101775187,0.19549550066494714
LSTM,Day 1,Primavera,Zona Central,Verano,el_roble,2.049898048167068,1.3807639303461958,122.2602255399529,119.42590064410805,0.75,0.11842694626733041,0.2844961985829288
LSTM,Day 1,Verano,Zona Central,Verano,el_roble,2.6147529758927726,1.8798711150884628,134.08831826272643,163.31023778799434,0.625,0.22479699092606706,0.280996253155172
LSTM,7-Day Rollout,Raw,Zona Central,Verano,el_roble,2.370468315595975,1.603015664567162,91.15119349059711,87.62904716592207,0.8571428571428571,0.16331588150704712,0.24643424918571602
LSTM,7-Day Rollout,Invierno,Zona Central,Verano,el_roble,2.3091260431112017,1.455558197745783,122.78626961943874,300.8890103744045,0.6666666666666666,0.1722891656973724,0.29154475588714596
LSTM,7-Day Rollout,Otoño,Zona Central,Verano,el_roble,1.7700221283558975,1.1845814250454265,92.28626692911162,72.82396284625871,0.8869047619047619,0.14444609453690144,0.21595032795221675
LSTM,7-Day Rollout,Primavera,Zona Central,Verano,el_roble,2.174377486182167,1.449845974026608,118.00954363944697,141.22653370544535,0.7440476190476191,0.17725864601695016,0.26054598432317694
LSTM,7-Day Rollout,Verano,Zona Central,Verano,el_roble,2.3726695285390935,1.6047733004417664,90.05136791398955,87.71027023509497,0.8630952380952381,0.16274296800743504,0.2434182230852805
LSTM,Day 1,Raw,Zona Central,Verano,el_sauce,0.9075124189781916,0.6842265554393331,171.08783838726762,163.9611957054936,0.0,0.11034083726505438,0.28186388107327126
LSTM,Day 1,Invierno,Zona Central,Verano,el_sauce,0.5157508678389879,0.4036243011554082,149.20872469689465,98.57609155871566,0.25,0.08012920559073487,0.04480839309593043
LSTM,Day 1,Otoño,Zona Central,Verano,el_sauce,0.9647765576692772,0.7169194364238743,146.18250922352976,102.79504494213487,0.041666666666666664,0.0777250962739951,0.24741559311096353
LSTM,Day 1,Primavera,Zona Central,Verano,el_sauce,0.5989100796807533,0.43413634807317675,147.35957710905055,129.12647403136845,0.25,0.06557604504365978,0.14022227511328916
LSTM,Day 1,Verano,Zona Central,Verano,el_sauce,0.9013238587105424,0.67785194174697,171.13710665049115,162.84310220069975,0.0,0.10903104258080325,0.2833849045913667
LSTM,7-Day Rollout,Raw,Zona Central,Verano,el_sauce,1.0336313092742049,0.7599131626560675,150.46152364760098,119.12710452131034,0.05952380952380952,0.09645099753740526,0.41125569065587203
LSTM,7-Day Rollout,Invierno,Zona Central,Verano,el_sauce,0.44073333973130324,0.35397414960268253,162.46237081157696,216.65052057120002,0.17261904761904762,0.11392473451977878,0.038785599208758646
LSTM,7-Day Rollout,Otoño,Zona Central,Verano,el_sauce,0.9457015378093342,0.6967750512230092,151.01282174762935,112.75257391223663,0.041666666666666664,0.09559304829229436,0.30480856686292934
LSTM,7-Day Rollout,Primavera,Zona Central,Verano,el_sauce,0.771786590937744,0.5368112835297195,169.1011239072903,178.93997102910402,0.10119047619047619,0.11640021898710984,0.20297033448202587
LSTM,7-Day Rollout,Verano,Zona Central,Verano,el_sauce,1.0337663677420155,0.7596764414192876,150.54989715486553,119.1421836559407,0.05357142857142857,0.09633080449064091,0.4138597731102588
LSTM,Day 1,Raw,Zona Central,Verano,la_acacia,1.6420807611840162,1.3224324534336727,200.0,0.0,0.0,0.45974806348482766,0.13853607351581268
LSTM,Day 1,Invierno,Zona Central,Verano,la_acacia,1.1374279978489046,0.9691029616461341,153.75075612623502,312.5575123044236,0.25,0.1739865332198974,0.1342233394124417
LSTM,Day 1,Operational,Zona Central,Verano,la_acacia,2.5261427704967714,1.9288388782491286,136.1770546369321,90.55260052383214,0.2916666666666667,0.1980282878813644,0.4339698711720606
LSTM,Day 1,Otoño,Zona Central,Verano,la_acacia,1.811229712669514,1.3658600985266578,133.60331601298154,82.5859969076834,0.375,0.16985200169632056,0.2053073808638147
LSTM,Day 1,Primavera,Zona Central,Verano,la_acacia,1.3582368981072048,1.0888963641846203,166.58562559077026,474.6853075747281,0.08333333333333333,0.1733670042348725,0.1580276192581855
LSTM,Day 1,Verano,Zona Central,Verano,la_acacia,2.5261427704967714,1.9288388782491286,136.1770546369321,90.55260052383214,0.2916666666666667,0.1980282878813644,0.4339698711720606
LSTM,7-Day Rollout,Raw,Zona Central,Verano,la_acacia,1.30304073312782,1.1055808345831575,200.0,0.0,0.0,0.4650431865560157,0.10118573992734872
LSTM,7-Day Rollout,Invierno,Zona Central,Verano,la_acacia,1.195936808479683,1.0669299449143501,137.43913236245595,265.80680644046663,0.2872340425531915,0.2362380683636435,0.1422832451156066
LSTM,7-Day Rollout,Operational,Zona Central,Verano,la_acacia,2.50610787282171,1.8421623358029007,139.1425451039444,97.8845897912719,0.27976190476190477,0.18291736428114486,0.4176470352636812
LSTM,7-Day Rollout,Otoño,Zona Central,Verano,la_acacia,1.8378192548948533,1.4198720621856669,145.99871681571196,102.16521083709875,0.23214285714285715,0.248253720779801,0.2599688250213495
LSTM,7-Day Rollout,Primavera,Zona Central,Verano,la_acacia,1.3036656807905054,1.0241954082665048,140.00093434932032,107.81633852121261,0.24404761904761904,0.20677110450784916,0.12930749720826068
LSTM,7-Day Rollout,Verano,Zona Central,Verano,la_acacia,2.50610787282171,1.8421623358029007,139.1425451039444,97.8845897912719,0.27976190476190477,0.18291736428114486,0.4176470352636812
LSTM,Day 1,Raw,Zona Central,Verano,la_blanquina,2.071051103317546,1.441835085337516,178.90088629217107,23989.909991624078,0.4166666666666667,0.26582597386926254,0.22652756862516998
LSTM,Day 1,Invierno,Zona Central,Verano,la_blanquina,1.0764666598580308,0.7845762683621919,120.9780073973872,65.77359663421709,0.75,0.1187019935362817,0.1529783356992995
LSTM,Day 1,Operational,Zona Central,Verano,la_blanquina,1.594956986469926,1.099622621239784,111.93730490794896,75.30861156722565,0.875,0.10893802874682783,0.121404882662076
LSTM,Day 1,Otoño,Zona Central,Verano,la_blanquina,1.594956986469926,1.099622621239784,111.93730490794896,75.30861156722565,0.875,0.10893802874682783,0.121404882662076
LSTM,Day 1,Primavera,Zona Central,Verano,la_blanquina,1.7704518107683134,1.1848032214281072,120.51536412751538,81.48779901573747,0.7916666666666666,0.11669240592770318,0.16110165839660728
LSTM,Day 1,Verano,Zona Central,Verano,la_blanquina,3.268246747444729,2.2845386144084237,114.77683970029709,89.01150931911825,0.75,0.17011816665374987,0.41608720018994066
LSTM,7-Day Rollout,Raw,Zona Central,Verano,la_blanquina,1.6874325264958228,1.1826599292960185,141.03929693208357,144.0044692080893,0.6369047619047619,0.16511131000384227,0.16007426087242158
LSTM,7-Day Rollout,Invierno,Zona Central,Verano,la_blanquina,1.7405633734209356,1.165437934142184,139.45145228442232,284.3633178829867,0.6011904761904762,0.1713333716683857,0.20388411411678972
LSTM,7-Day Rollout,Operational,Zona Central,Verano,la_blanquina,1.6536031377099798,1.1051453870074641,119.48886201128283,149.56078599157806,0.7619047619047619,0.14659557308216226,0.18276556010988287
LSTM,7-Day Rollout,Otoño,Zona Central,Verano,la_blanquina,1.6536031377099798,1.1051453870074641,119.48886201128283,149.56078599157806,0.7619047619047619,0.14659557308216226,0.18276556010988287
LSTM,7-Day Rollout,Primavera,Zona Central,Verano,la_blanquina,2.031819684329566,1.3705841912804837,134.8461581744751,151.6755759741569,0.6726190476190477,0.16290044758588051,0.17896592647926565
LSTM,7-Day Rollout,Verano,Zona Central,Verano,la_blanquina,2.85029159327128,1.9228406156457605,103.60322859853149,100.26172076164201,0.8333333333333334,0.153515951135861,0.26478657812057516
LSTM,Day 1,Raw,Zona Central,Verano,la_frontera,0.548166672738689,0.42554338906241657,111.33389359969708,63.22283576239058,0.625,0.05397427227180742,0.06361591363153524
LSTM,Day 1,Invierno,Zona Central,Verano,la_frontera,1.0051029052600078,0.7551603392833689,144.60623763121836,94.29801950770181,0.5,0.09411710669179835,0.05072759315905088
LSTM,Day 1,Otoño,Zona Central,Verano,la_frontera,1.451069898624543,1.0353907056075211,136.918422766765,97.34411146427686,0.4166666666666667,0.09116013141853425,0.24630337559889695
LSTM,Day 1,Primavera,Zona Central,Verano,la_frontera,0.8421622909952914,0.6655885275368204,136.1382172693105,82.21910920996241,0.4583333333333333,0.08414804399446592,0.07950948990218004
LSTM,Day 1,Verano,Zona Central,Verano,la_frontera,0.5497063089644559,0.4248517445735664,112.77238510677157,63.69020904131987,0.625,0.05679595069084605,0.06250582165773978
LSTM,7-Day Rollout,Raw,Zona Central,Verano,la_frontera,0.952476639873827,0.6656187812988542,123.44121975125759,89.91232841402393,0.4583333333333333,0.07412691414772007,0.09093897972151789
LSTM,7-Day Rollout,Invierno,Zona Central,Verano,la_frontera,0.9504582719381323,0.7353534304653793,163.65889402463435,233.07218810332267,0.30952380952380953,0.13044671860946794,0.07948242817952975
LSTM,7-Day Rollout,Otoño,Zona Central,Verano,la_frontera,1.4077208618255017,1.0081889121969911,137.47487152779826,98.01297742178784,0.35714285714285715,0.09621836430453098,0.140875481911488
LSTM,7-Day Rollout,Primavera,Zona Central,Verano,la_frontera,1.0909529199480992,0.8076488091852523,156.40611655003752,148.5011071913589,0.2976190476190476,0.11916136097445533,0.09516256220116777
LSTM,7-Day Rollout,Verano,Zona Central,Verano,la_frontera,0.9522266583498143,0.6641411541261512,123.16811734039716,89.8590781173949,0.4642857142857143,0.07343997899825772,0.09011960633347979
LSTM,Day 1,Raw,Zona Central,Verano,la_manga_i,0.5995194973746665,0.4385746928649799,127.18437009778236,91.78467244700528,0.25,0.06259340682057275,0.13482427466709246
LSTM,Day 1,Invierno,Zona Central,Verano,la_manga_i,0.4200024668461702,0.3258162232329293,139.890520114153,78.81216604232907,0.375,0.057781375896593094,0.03306605097944463
LSTM,Day 1,Otoño,Zona Central,Verano,la_manga_i,0.5700221428502299,0.3933164737633585,130.75463140678735,85.51756005414826,0.625,0.04473488408499785,0.03224704012342654
LSTM,Day 1,Primavera,Zona Central,Verano,la_manga_i,0.5170534644212819,0.35827170820751536,137.61868762916473,94.57705431245448,0.5416666666666666,0.045177375651352734,0.052784573183938276
LSTM,Day 1,Verano,Zona Central,Verano,la_manga_i,0.5279548229384677,0.37127491672193474,123.61826059256036,80.96018684150576,0.7083333333333334,0.03913682758696571,0.04438255247441706
LSTM,7-Day Rollout,Raw,Zona Central,Verano,la_manga_i,0.6504401434048919,0.483760889983716,129.7783619388444,99.2344690715624,0.16071428571428573,0.07800512566186943,0.16069702375726896
LSTM,7-Day Rollout,Invierno,Zona Central,Verano,la_manga_i,0.44072897242826314,0.3613333768876146,160.04807283577424,199.21369256492716,0.22023809523809523,0.10506291968460162,0.03337751904121197
LSTM,7-Day Rollout,Otoño,Zona Central,Verano,la_manga_i,0.5716883532088596,0.4257742103630638,132.43951468260076,90.36661307374379,0.36904761904761907,0.06570204402522081,0.057941348922118094
LSTM,7-Day Rollout,Primavera,Zona Central,Verano,la_manga_i,0.5851118007548559,0.4390503028481048,158.1904632073677,157.0472791094088,0.20833333333333334,0.09205029382889891,0.09608558216834134
LSTM,7-Day Rollout,Verano,Zona Central,Verano,la_manga_i,0.5331329036166432,0.39590188050592384,121.08192028255213,81.34605075841897,0.5,0.05472078171355746,0.04703647874670166
LSTM,Day 1,Raw,Zona Central,Verano,los_libertadores,2.2786024776210536,1.4900760237748425,132.63963115439387,94.26927186258487,0.7083333333333334,0.12052838002952437,0.2220782081130893
LSTM,Day 1,Invierno,Zona Central,Verano,los_libertadores,1.8313214893779484,1.2746431529521942,183.33333333333331,0.0,0.375,0.2714607745409012,0.2066799117873114
LSTM,Day 1,Operational,Zona Central,Verano,los_libertadores,2.410436198301612,1.5502226973573368,100.0333167215353,95.56726660531521,0.75,0.11929223549862704,0.21825270814200248
LSTM,Day 1,Otoño,Zona Central,Verano,los_libertadores,2.081637150692943,1.3194150608032942,117.861950616175,93.30947986178649,0.75,0.10961199424540002,0.18559276390199866
LSTM,Day 1,Primavera,Zona Central,Verano,los_libertadores,1.872077342696844,1.24473056398953,129.77692808213976,106.5487673144546,0.75,0.10345237037011733,0.11474401662902295
LSTM,Day 1,Verano,Zona Central,Verano,los_libertadores,2.410436198301612,1.5502226973573368,100.0333167215353,95.56726660531521,0.75,0.11929223549862704,0.21825270814200248
LSTM,7-Day Rollout,Raw,Zona Central,Verano,los_libertadores,2.645777775803017,1.7652435147957433,133.6048831899289,107.37999044133562,0.44642857142857145,0.15135868748960396,0.39908233455914477
LSTM,7-Day Rollout,Invierno,Zona Central,Verano,los_libertadores,1.5057379798077235,1.083935399955849,171.87045235445402,506.1625360639875,0.35714285714285715,0.2538394426866176,0.14739667638067974
LSTM,7-Day Rollout,Operational,Zona Central,Verano,los_libertadores,2.630224955600174,1.760089716364053,121.14290176764885,105.04262620309794,0.5,0.14874827223719053,0.39198424978336943
LSTM,7-Day Rollout,Otoño,Zona Central,Verano,los_libertadores,2.062432440371753,1.3784049971423407,131.0887996717718,97.51636922782458,0.5595238095238095,0.14475587901147158,0.1641921545172398
LSTM,7-Day Rollout,Primavera,Zona Central,Verano,los_libertadores,1.989419629983556,1.290877775116176,143.31671397619783,124.51580290386661,0.42857142857142855,0.1522840761111861,0.26923333672784533
LSTM,7-Day Rollout,Verano,Zona Central,Verano,los_libertadores,2.630224955600174,1.760089716364053,121.14290176764885,105.04262620309794,0.5,0.14874827223719053,0.39198424978336943
LSTM,Day 1,Raw,Zona Central,Verano,los_patos,0.6546423623560276,0.46157648290197056,200.0,0.0,0.375,0.09467420312575996,0.06851240055014696
LSTM,Day 1,Invierno,Zona Central,Verano,los_patos,0.4476282878420517,0.32426369019473594,127.45385840253121,111.87791343682387,0.6666666666666666,0.0372271093307063,0.051829635111304666
LSTM,Day 1,Operational,Zona Central,Verano,los_patos,1.3496231999455948,0.9469752541432778,117.56777040891349,100.44371093142068,0.7083333333333334,0.06267993184737862,0.25518543099363644
LSTM,Day 1,Otoño,Zona Central,Verano,los_patos,1.0542732135250126,0.7280139809202714,120.25507685471244,98.40505602719765,0.7083333333333334,0.052669556888092,0.16113612258050128
LSTM,Day 1,Primavera,Zona Central,Verano,los_patos,0.41870889181843995,0.24432528407002488,103.77193585702551,79.89778866089303,0.8333333333333334,0.028184533903064826,0.043029390221151244
LSTM,Day 1,Verano,Zona Central,Verano,los_patos,1.3496231999455948,0.9469752541432778,117.56777040891349,100.44371093142068,0.7083333333333334,0.06267993184737862,0.25518543099363644
LSTM,7-Day Rollout,Raw,Zona Central,Verano,los_patos,0.5915010110143272,0.4571275578900462,200.0,0.0,0.19047619047619047,0.11279808670238015,0.05374111531834522
LSTM,7-Day Rollout,Invierno,Zona Central,Verano,los_patos,0.5470897885134448,0.40555205546566175,155.46892699211818,509.2902596989256,0.3869047619047619,0.06817087794143369,0.056271803219438234
LSTM,7-Day Rollout,Operational,Zona Central,Verano,los_patos,1.251404607462883,0.8952049081036377,130.12043634853302,100.30969275481266,0.4583333333333333,0.06592693403474101,0.25905379492323843
LSTM,7-Day Rollout,Otoño,Zona Central,Verano,los_patos,1.0244107629586634,0.7268647616037924,133.39943598384315,97.74878782530112,0.5059523809523809,0.05879833709667374,0.1523342483487189
LSTM,7-Day Rollout,Primavera,Zona Central,Verano,los_patos,0.7122147177095539,0.4936943757336935,151.46704334975797,162.99698256916747,0.4166666666666667,0.06358507773625206,0.08310067194530742
LSTM,7-Day Rollout,Verano,Zona Central,Verano,los_patos,1.251404607462883,0.8952049081036377,130.12043634853302,100.30969275481266,0.4583333333333333,0.06592693403474101,0.25905379492323843
LSTM,Day 1,Raw,Zona Central,Verano,peralillo,0.19785173060353137,0.17021480366713604,103.57522331270783,43.560007261332196,0.4583333333333333,0.05070869626783292,0.03274849934633913
LSTM,Day 1,Invierno,Zona Central,Verano,peralillo,0.4074168019679672,0.31437590224049927,142.85461104180942,81.51543788086663,0.3333333333333333,0.08156441211889008,0.028537320641801995
LSTM,Day 1,Otoño,Zona Central,Verano,peralillo,1.0573630637386306,0.7622447244357318,146.377449033037,97.48951581561973,0.20833333333333334,0.07673377018654719,0.18297356322485334
LSTM,Day 1,Primavera,Zona Central,Verano,peralillo,0.5131159225041176,0.35905534105851206,132.6570177425096,84.19006401608183,0.4166666666666667,0.06631239216512697,0.021392950454033412
LSTM,Day 1,Verano,Zona Central,Verano,peralillo,0.16465698403439138,0.132797405168238,102.14650718355351,36.25308190742134,0.5416666666666666,0.03750399203234072,0.03589157231064257
LSTM,7-Day Rollout,Raw,Zona Central,Verano,peralillo,1.0829526318239069,0.7320861910126607,134.54845431338623,110.12098375511906,0.1488095238095238,0.08182300992042962,0.36741727037161515
LSTM,7-Day Rollout,Invierno,Zona Central,Verano,peralillo,0.42492771867981427,0.3380941329944481,160.19764772516137,240.31483402710973,0.20238095238095238,0.10625561695727244,0.033418674647161285
LSTM,7-Day Rollout,Otoño,Zona Central,Verano,peralillo,0.9262504887456051,0.6456848457843686,140.5302419441447,91.4741823991047,0.2916666666666667,0.06936933281526547,0.09358174404589503
LSTM,7-Day Rollout,Primavera,Zona Central,Verano,peralillo,0.7560782994917155,0.52017392400734,162.74292087103203,163.67676905204803,0.11904761904761904,0.10812906816333571,0.14141416600279702
LSTM,7-Day Rollout,Verano,Zona Central,Verano,peralillo,0.8905653301376367,0.5698494537922456,127.44362573137369,90.55699467555364,0.40476190476190477,0.05549172991708348,0.11431304381212593
LSTM,Day 1,Raw,Zona Central,Verano,pfv_marchigue_ii,4.054565244159582,2.9154518793026605,144.19751724143913,109.00585471855536,0.125,0.24317570794373755,1.3055538708964984
LSTM,Day 1,Invierno,Zona Central,Verano,pfv_marchigue_ii,2.1259474824445386,1.5434854129950206,149.8171739481109,104.67036512308681,0.16666666666666666,0.2342758556207021,0.28399500710268816
LSTM,Day 1,Otoño,Zona Central,Verano,pfv_marchigue_ii,4.108079031969387,2.94985473305375,156.95483165842558,112.64935627165218,0.041666666666666664,0.25090907842289506,1.4007236797488682
LSTM,Day 1,Primavera,Zona Central,Verano,pfv_marchigue_ii,2.8886470808173867,1.9766749176196754,151.98415025070628,113.55581774516335,0.125,0.21698034175205974,0.6404454847564921
LSTM,Day 1,Verano,Zona Central,Verano,pfv_marchigue_ii,3.8460702752080493,2.7294284105300903,142.54431645756014,103.40052568165852,0.2916666666666667,0.21352642259250085,0.9062357613195976
LSTM,7-Day Rollout,Raw,Zona Central,Verano,pfv_marchigue_ii,3.88959169336004,2.746862265095115,149.96908849891597,117.10831082995274,0.088,0.254472392616421,1.474725632988661
LSTM,7-Day Rollout,Invierno,Zona Central,Verano,pfv_marchigue_ii,1.5116313174005365,1.0857863710261881,157.08638481702718,168.4545974520031,0.16666666666666666,0.2990273394788216,0.16827781918968654
LSTM,7-Day Rollout,Otoño,Zona Central,Verano,pfv_marchigue_ii,3.842883254132592,2.7462229166142476,156.43954400196935,115.74014192326092,0.041666666666666664,0.27847742955155336,1.3797249152270004
LSTM,7-Day Rollout,Primavera,Zona Central,Verano,pfv_marchigue_ii,2.644440259143497,1.7170973777823337,162.59546409753318,157.91100803400712,0.10714285714285714,0.31425878610427,0.6617032697568825
LSTM,7-Day Rollout,Verano,Zona Central,Verano,pfv_marchigue_ii,3.862274054902213,2.7652991302784975,144.7091282610739,109.77382160473424,0.13559322033898305,0.237923629150205,1.2513437488187356
LSTM,Day 1,Raw,Zona Sur,Invierno,las_codornices,0.6999123652876239,0.48202861950267106,148.56142369128722,104.51549505122735,0.4166666666666667,0.04558606461505405,0.09546962253710567
LSTM,Day 1,Invierno,Zona Sur,Invierno,las_codornices,0.6505061836107103,0.4548516967333853,143.19721335400664,97.16222800724016,0.4583333333333333,0.04781247947830707,0.0662970187375322
LSTM,Day 1,Otoño,Zona Sur,Invierno,las_codornices,1.1910507458218134,0.8611032957172332,151.9966548301398,106.98840528471763,0.3333333333333333,0.061987981783264944,0.28667905448916525
LSTM,Day 1,Primavera,Zona Sur,Invierno,las_codornices,0.3408136413993325,0.25281859859630157,132.75806365233524,91.06299315091213,0.5833333333333334,0.02886799633318636,0.028070067980540167
LSTM,Day 1,Verano,Zona Sur,Invierno,las_codornices,1.5852494660871508,1.2006876982438068,150.89205311129345,106.96818646581343,0.20833333333333334,0.07308414762374014,0.6003133234179888
LSTM,7-Day Rollout,Raw,Zona Sur,Invierno,las_codornices,0.6745414986491088,0.43794191618646783,140.03660192758588,121.70706563349418,0.30357142857142855,0.04388311958994434,0.15319430333769385
LSTM,7-Day Rollout,Invierno,Zona Sur,Invierno,las_codornices,0.6008885181022016,0.40221213540159323,135.47212492129395,108.4301544693172,0.47619047619047616,0.04064023847185169,0.05291428167710409
LSTM,7-Day Rollout,Otoño,Zona Sur,Invierno,las_codornices,1.1134609557126183,0.7937298231374283,149.88185270771177,109.20264847561052,0.20238095238095238,0.062281188489543546,0.25558355490374246
LSTM,7-Day Rollout,Primavera,Zona Sur,Invierno,las_codornices,0.40971171323429445,0.306904776582114,138.74663304423999,107.08234183985815,0.44047619047619047,0.03799377213062592,0.04525575759916751
LSTM,7-Day Rollout,Verano,Zona Sur,Invierno,las_codornices,1.3607843525744716,0.9679075013015054,144.64108403834726,112.62390872616916,0.19047619047619047,0.0659309028856136,0.4846594649502874
LSTM_LOCAL,Day 1,Raw,Norte Chico,Invierno,canesa_solar_i,1.102836389377164,0.6965432514746984,91.66666666666666,0.0,0.8333333333333334,0.00993129569881906,0.1528482293322063
LSTM_LOCAL,Day 1,Invierno,Norte Chico,Invierno,canesa_solar_i,0.7790391558838606,0.4181665760850895,147.07618833629803,186.22314654792655,0.375,0.020917551078472724,0.39659309423241207
LSTM_LOCAL,Day 1,Operational,Norte Chico,Invierno,canesa_solar_i,0.6064192900772328,0.3723701670144995,36.356866292546,62.925982340126886,1.0,0.04685653633593271,0.1117723466074192
LSTM_LOCAL,Day 1,Otoño,Norte Chico,Invierno,canesa_solar_i,1.446149113973613,0.9331591299366361,164.71513002331318,145.9659458292376,0.5,0.04928464010008612,0.7001497906943163
LSTM_LOCAL,Day 1,Primavera,Norte Chico,Invierno,canesa_solar_i,0.6064192900772328,0.3723701670144995,36.356866292546,62.925982340126886,1.0,0.04685653633593271,0.1117723466074192
LSTM_LOCAL,Day 1,Verano,Norte Chico,Invierno,canesa_solar_i,0.5419558748817076,0.31018579605733976,100.8142751073926,46.63759392568478,0.8333333333333334,0.05281878764023229,0.14866354545132113
LSTM_LOCAL,7-Day Rollout,Raw,Norte Chico,Invierno,canesa_solar_i,0.8438730772871308,0.500110063474581,96.10161303526536,172.43275754631065,0.7976190476190477,0.028677365198104994,12.075793283710052
LSTM_LOCAL,7-Day Rollout,Invierno,Norte Chico,Invierno,canesa_solar_i,0.9529410962304566,0.5161584734863655,163.19755604428923,184.53884471534084,0.375,0.025820602299215588,0.48947387018223476
LSTM_LOCAL,7-Day Rollout,Operational,Norte Chico,Invierno,canesa_solar_i,0.7958622238265555,0.4787070755677026,47.37276844352129,87.75454345096881,0.9583333333333334,0.04448476425783329,0.09336738490809311
LSTM_LOCAL,7-Day Rollout,Otoño,Norte Chico,Invierno,canesa_solar_i,1.4453256844465971,0.926175793151136,173.07765599741444,148.48343564285122,0.35119047619047616,0.048442497278524795,0.7369786816866313
LSTM_LOCAL,7-Day Rollout,Primavera,Norte Chico,Invierno,canesa_solar_i,0.7958622238265555,0.4787070755677026,47.37276844352129,87.75454345096881,0.9583333333333334,0.04448476425783329,0.09336738490809311
LSTM_LOCAL,7-Day Rollout,Verano,Norte Chico,Invierno,canesa_solar_i,1.1097453933952657,0.6978076548021774,122.1543068660503,94.95302884617662,0.6607142857142857,0.05452523731828912,0.2309019847139661
LSTM_LOCAL,Day 1,Raw,Norte Chico,Invierno,chalinga_solar,0.8802190813433574,0.5275324713873791,196.65343389781492,166.81764822771595,0.5416666666666666,0.02638267265768567,0.5001085821909025
LSTM_LOCAL,Day 1,Invierno,Norte Chico,Invierno,chalinga_solar,0.8826572135816577,0.5316268496033748,196.34351155384354,165.9890545499272,0.5416666666666666,0.026587813756001805,0.5039798044451648
LSTM_LOCAL,Day 1,Otoño,Norte Chico,Invierno,chalinga_solar,1.0346746049034643,0.6720229490504911,180.72656530586428,153.32692669786073,0.5,0.03374079906207044,0.6159055160659288
LSTM_LOCAL,Day 1,Primavera,Norte Chico,Invierno,chalinga_solar,0.691629607258812,0.4480944126068304,64.35862585877646,87.33282666993044,1.0,0.03959734464297071,0.3476631117402578
LSTM_LOCAL,Day 1,Verano,Norte Chico,Invierno,chalinga_solar,1.3409922986391778,0.9518032588724358,153.25336564390267,122.2274016538813,1.0,0.05485645119236627,0.034010682415100774
LSTM_LOCAL,7-Day Rollout,Raw,Norte Chico,Invierno,chalinga_solar,0.9891904336703036,0.5990762513788468,195.06450006878063,165.09488848320242,0.3392857142857143,0.029961073503316237,0.5682882116386585
LSTM_LOCAL,7-Day Rollout,Invierno,Norte Chico,Invierno,chalinga_solar,0.9886431237711885,0.5971177632039014,195.11593217790556,165.54417805730066,0.47619047619047616,0.02986047266558455,0.5664236947983573
LSTM_LOCAL,7-Day Rollout,Otoño,Norte Chico,Invierno,chalinga_solar,1.0083922309530864,0.6525002316232035,183.6054562603471,153.94688403500666,0.4523809523809524,0.032769474020196095,0.596986804450078
LSTM_LOCAL,7-Day Rollout,Primavera,Norte Chico,Invierno,chalinga_solar,1.1206752581173949,0.6810721970491397,159.1190034819555,147.53399332280023,0.6369047619047619,0.03798023875302382,0.641632280773089
LSTM_LOCAL,7-Day Rollout,Verano,Norte Chico,Invierno,chalinga_solar,1.2505856727697857,0.8824479804932794,149.98579530192296,122.21762458040355,0.8690476190476191,0.05206197072960398,0.0966480334463649
LSTM_LOCAL,Day 1,Raw,Norte Chico,Invierno,illapel_5x,0.9290538398359378,0.534570672862022,198.78161292764244,173.77904233131954,0.25,0.026733580230757073,0.5073765263841779
LSTM_LOCAL,Day 1,Invierno,Norte Chico,Invierno,illapel_5x,0.9290526736243112,0.53448884288188,198.7490470791269,173.80537558163726,0.25,0.026729512583036314,0.5072982519172607
LSTM_LOCAL,Day 1,Otoño,Norte Chico,Invierno,illapel_5x,1.0679325625120257,0.6988298654614482,180.72217329570316,152.01065840422027,0.25,0.035203614775673485,0.6338356938780634
LSTM_LOCAL,Day 1,Primavera,Norte Chico,Invierno,illapel_5x,0.9843755418377836,0.6386683394666761,69.52525532228586,110.16863578949547,1.0,0.04467585237774377,0.29583930222239996
LSTM_LOCAL,Day 1,Verano,Norte Chico,Invierno,illapel_5x,1.7515095585948972,1.1256917154338453,187.1106804390747,154.56582383143004,0.25,0.0568619238028172,1.0109251171231468
LSTM_LOCAL,7-Day Rollout,Raw,Norte Chico,Invierno,illapel_5x,1.156625852858112,0.6971660494939226,187.67746215497675,165.89273092384278,0.20833333333333334,0.03486667554147592,0.6618678003639241
LSTM_LOCAL,7-Day Rollout,Invierno,Norte Chico,Invierno,illapel_5x,1.156625425454078,0.6970775876310048,184.06028205832047,165.9132908668962,0.20238095238095238,0.034861809890585835,0.6617847548692918
LSTM_LOCAL,7-Day Rollout,Otoño,Norte Chico,Invierno,illapel_5x,0.9716531140492543,0.6124238733088596,189.1360310374074,157.71890518259053,0.19642857142857142,0.03140079435141436,0.5418211281458121
LSTM_LOCAL,7-Day Rollout,Primavera,Norte Chico,Invierno,illapel_5x,1.2498085130066199,0.7621404081831402,176.82775993789016,156.50068606999304,0.30952380952380953,0.039933876000888324,0.6790969611042967
LSTM_LOCAL,7-Day Rollout,Verano,Norte Chico,Invierno,illapel_5x,1.4945424825866256,0.8719498072762979,191.52287867958603,171.04382587665475,0.19642857142857142,0.04532150637982255,0.7755451308336605
LSTM_LOCAL,Day 1,Raw,Norte Chico,Invierno,norte_chico_i,0.07793441589020485,0.04335979103295055,53.78906096373305,94.32045539618184,0.875,0.004131363422857248,0.011337484954735076
LSTM_LOCAL,Day 1,Invierno,Norte Chico,Invierno,norte_chico_i,0.07553987308500677,0.04092574523140987,32.459757017959554,88.81091741576219,1.0,0.004252848370621602,0.006500108730203167
LSTM_LOCAL,Day 1,Otoño,Norte Chico,Invierno,norte_chico_i,1.0313189282892803,0.6615128821188895,159.8425659103908,143.31979053839987,0.5833333333333334,0.03591828846401768,0.47178962092390675
LSTM_LOCAL,Day 1,Primavera,Norte Chico,Invierno,norte_chico_i,0.3276973597114678,0.1909489864092393,191.12020406930873,171.10923080018466,0.4583333333333333,0.009575203603488567,0.17970937157225153
LSTM_LOCAL,Day 1,Verano,Norte Chico,Invierno,norte_chico_i,0.2483648820421298,0.13196976345110065,91.7646025964267,29.561307325822874,0.9166666666666666,0.04092514602525626,0.10838191817456401
LSTM_LOCAL,7-Day Rollout,Raw,Norte Chico,Invierno,norte_chico_i,0.18472743688350274,0.12418536439728431,78.26194097141413,105.80541753566715,0.7758620689655172,0.008729583096311246,0.022799246378389367
LSTM_LOCAL,7-Day Rollout,Invierno,Norte Chico,Invierno,norte_chico_i,0.19210975686553547,0.13391044675024097,81.38292907056832,101.2353538013179,0.7981651376146789,0.009488274088643259,0.021703350790193577
LSTM_LOCAL,7-Day Rollout,Otoño,Norte Chico,Invierno,norte_chico_i,1.0023470210168322,0.6418041803159819,170.73073238184995,147.14998973296366,0.3869047619047619,0.034641014393764644,0.48864750161890785
LSTM_LOCAL,7-Day Rollout,Primavera,Norte Chico,Invierno,norte_chico_i,0.3481644643720464,0.21140190288789182,191.8302967390033,164.2764018132649,0.4107142857142857,0.010596637482236257,0.19922940555388755
LSTM_LOCAL,7-Day Rollout,Verano,Norte Chico,Invierno,norte_chico_i,0.45874808427332925,0.2656680331807972,106.97513482685402,57.10340898269531,0.7440476190476191,0.0411673507334767,0.1559722918463758
LSTM_LOCAL,Day 1,Raw,Norte Chico,Invierno,parque_solar_fotovoltaico_maranon,0.5311797651002848,0.3618027715322872,172.64628401015915,137.37106132982257,0.9583333333333334,0.01933375777831922,0.05170064477715646
LSTM_LOCAL,Day 1,Invierno,Norte Chico,Invierno,parque_solar_fotovoltaico_maranon,0.5310828628150828,0.3610068507647763,165.93282914318746,137.21510492097138,1.0,0.01935220117059847,0.053004512144252704
LSTM_LOCAL,Day 1,Otoño,Norte Chico,Invierno,parque_solar_fotovoltaico_maranon,3.9666566028277725,2.655840053164866,184.39655669353644,149.06285506879306,0.5,0.13305315402006576,2.458505014280672
LSTM_LOCAL,Day 1,Primavera,Norte Chico,Invierno,parque_solar_fotovoltaico_maranon,0.6462118412038812,0.44776504254938726,184.847061243015,143.91916123166965,0.5,0.022450514430238405,0.4098830927498056
LSTM_LOCAL,Day 1,Verano,Norte Chico,Invierno,parque_solar_fotovoltaico_maranon,0.6234612187847561,0.4698934223658095,96.06392417931539,125.5160569061502,0.4583333333333333,0.3387870800332166,0.040084204407564085
LSTM_LOCAL,7-Day Rollout,Raw,Norte Chico,Invierno,parque_solar_fotovoltaico_maranon,0.5631318328147136,0.37664717871315373,180.04906261421715,148.4863626106214,0.4880952380952381,0.02216809052916411,0.26562681518471626
LSTM_LOCAL,7-Day Rollout,Invierno,Norte Chico,Invierno,parque_solar_fotovoltaico_maranon,0.5591761071641234,0.376971800720418,177.79242741827096,147.44649429841346,0.5,0.023137841319776968,0.2598275335920137
LSTM_LOCAL,7-Day Rollout,Otoño,Norte Chico,Invierno,parque_solar_fotovoltaico_maranon,3.7560170734727407,2.472482098354335,192.48560942728938,151.70853598041415,0.2857142857142857,0.12885296591345674,2.2854793970450515
LSTM_LOCAL,7-Day Rollout,Primavera,Norte Chico,Invierno,parque_solar_fotovoltaico_maranon,0.635531206916561,0.43737288780782063,186.0383075474343,144.86585694372994,0.30952380952380953,0.022968654568830973,0.40101326447918484
LSTM_LOCAL,7-Day Rollout,Verano,Norte Chico,Invierno,parque_solar_fotovoltaico_maranon,0.6186931153953417,0.4371196011890702,89.05213852382839,118.75982149831029,0.4583333333333333,0.3650129455471567,0.029198182559671965
LSTM_LOCAL,Day 1,Raw,Norte Chico,Invierno,pfv_malgarida,0.5742674683126954,0.3564596706807303,100.0,0.0,1.0,0.0,1.0277601838111885
LSTM_LOCAL,Day 1,Invierno,Norte Chico,Invierno,pfv_malgarida,66.28409508818116,43.984225142747164,92.23599326338875,111.23747783506033,0.9583333333333334,2.979395810576777,52.25591059544439
LSTM_LOCAL,Day 1,Operational,Norte Chico,Invierno,pfv_malgarida,66.28409508818116,43.984225142747164,92.23599326338875,111.23747783506033,0.9583333333333334,2.979395810576777,52.25591059544439
LSTM_LOCAL,Day 1,Otoño,Norte Chico,Invierno,pfv_malgarida,118.897361907813,80.79737932405745,173.27671861252398,144.76066389535706,0.5,4.1066875043402735,52.94547406207615
LSTM_LOCAL,Day 1,Primavera,Norte Chico,Invierno,pfv_malgarida,114.30292253775383,75.30122224179406,174.95081916759904,151.4497642799784,0.5416666666666666,3.7736249733095364,68.82094343124578
LSTM_LOCAL,Day 1,Verano,Norte Chico,Invierno,pfv_malgarida,57.075143949069506,53.331482381249465,112.68280053298241,63.28147513560699,1.0,4.509624959497402,82.41130297832818
LSTM_LOCAL,7-Day Rollout,Raw,Norte Chico,Invierno,pfv_malgarida,75.72212036794865,40.010563617479335,118.32038567476613,189.35263710508724,0.6726190476190477,1.9995000208506273,37.19222166154179
LSTM_LOCAL,7-Day Rollout,Invierno,Norte Chico,Invierno,pfv_malgarida,95.43267869426184,60.46084452491431,170.93344577457503,151.84513493500674,0.5238095238095238,3.145519823651938,55.592987980152536
LSTM_LOCAL,7-Day Rollout,Operational,Norte Chico,Invierno,pfv_malgarida,95.43267869426184,60.46084452491431,170.93344577457503,151.84513493500674,0.5238095238095238,3.145519823651938,55.592987980152536
LSTM_LOCAL,7-Day Rollout,Otoño,Norte Chico,Invierno,pfv_malgarida,117.75962376065519,79.85533028889802,183.6230083238356,144.8923560311722,0.43452380952380953,4.140423382120208,48.49379813755153
LSTM_LOCAL,7-Day Rollout,Primavera,Norte Chico,Invierno,pfv_malgarida,117.20659567897071,76.97586868738844,178.4679104559492,151.8800995623663,0.44047619047619047,3.863322965978157,69.89509706988576
LSTM_LOCAL,7-Day Rollout,Verano,Norte Chico,Invierno,pfv_malgarida,63.907902092695416,60.59532899008177,111.71787898478011,69.16800554432352,0.8392857142857143,7.034465196893905,75.0469969034495
LSTM_LOCAL,Day 1,Raw,Norte Chico,Otoño,cachiyuyo_solar_2,3.553279069118343,2.330726484410358,171.4229738625865,152.3587878527161,0.16666666666666666,0.11670207776399667,2.184773107843709
LSTM_LOCAL,Day 1,Invierno,Norte Chico,Otoño,cachiyuyo_solar_2,2.852165278013102,1.7847122241122026,167.61985032930718,148.87047511105894,1.0,0.09579351701152822,0.6393034184196349
LSTM_LOCAL,Day 1,Otoño,Norte Chico,Otoño,cachiyuyo_solar_2,3.5536317437211813,2.3311384347580315,184.6470969610174,152.36839298749467,0.08333333333333333,0.11671318395086323,2.1874087640228024
LSTM_LOCAL,Day 1,Primavera,Norte Chico,Otoño,cachiyuyo_solar_2,3.877218450210926,2.3574595731618806,191.15323241262,164.4530874090602,0.041666666666666664,0.11792179174144624,2.2326405532822715
LSTM_LOCAL,Day 1,Verano,Norte Chico,Otoño,cachiyuyo_solar_2,4.953456192566374,3.918217831485284,150.91331281417098,117.27964070454473,0.5833333333333334,0.23695665245371247,0.5330836305336565
LSTM_LOCAL,7-Day Rollout,Raw,Norte Chico,Otoño,cachiyuyo_solar_2,3.027520049962223,1.8941392062352818,189.62820774864218,159.82841499359375,0.047619047619047616,0.0960074270586466,1.776813160362759
LSTM_LOCAL,7-Day Rollout,Invierno,Norte Chico,Otoño,cachiyuyo_solar_2,2.5647314384696456,1.3008402399497019,178.76098472756527,196.5311555382039,0.6011904761904762,0.06632140667310782,0.8251036479237625
LSTM_LOCAL,7-Day Rollout,Otoño,Norte Chico,Otoño,cachiyuyo_solar_2,3.027923831834641,1.8940632755882343,188.6053408947587,159.84718370506147,0.047619047619047616,0.09577698770381608,1.778631192044165
LSTM_LOCAL,7-Day Rollout,Primavera,Norte Chico,Otoño,cachiyuyo_solar_2,4.11912830462663,2.1735649491088442,195.18288867088503,189.5438212726996,0.02976190476190476,0.10902878050618323,2.0608918235552665
LSTM_LOCAL,7-Day Rollout,Verano,Norte Chico,Otoño,cachiyuyo_solar_2,4.7417577322582245,3.9088646555873785,146.96743426960995,113.31799674935456,0.375,0.45147219163398916,0.9874769427198257
LSTM_LOCAL,Day 1,Raw,Norte Chico,Verano,amparo_del_sol,0.5251764556080433,0.26542401980259456,86.77589288739776,50.12240563056908,0.8333333333333334,0.04681282937381184,0.1793947223181022
LSTM_LOCAL,Day 1,Invierno,Norte Chico,Verano,amparo_del_sol,0.44427605504344264,0.2791698861401528,66.19462158286082,80.44098340371782,1.0,0.027615031308960175,0.03310909705469388
LSTM_LOCAL,Day 1,Otoño,Norte Chico,Verano,amparo_del_sol,1.04521069539853,0.646399509976618,149.97429103113825,144.9015506132289,0.625,0.03562687430336761,0.4581819497184673
LSTM_LOCAL,Day 1,Primavera,Norte Chico,Verano,amparo_del_sol,1.237694394683797,0.770784192543033,171.46742774475283,160.35202367663132,0.5,0.03858641561576709,0.7296088637872952
LSTM_LOCAL,Day 1,Verano,Norte Chico,Verano,amparo_del_sol,0.5216872479743209,0.24726283582155398,70.12274922896835,49.78990352524038,0.875,0.04605915387346613,0.17839905798167222
LSTM_LOCAL,7-Day Rollout,Raw,Norte Chico,Verano,amparo_del_sol,0.6981908084671552,0.5159359310426853,106.70217854354786,64.83123848723832,0.6904761904761905,0.05356217543439221,0.13037396281106833
LSTM_LOCAL,7-Day Rollout,Invierno,Norte Chico,Verano,amparo_del_sol,0.4476873004993613,0.27818114774639807,96.3294625758388,159.31193194342495,0.9583333333333334,0.014321101816590055,0.047602730827652776
LSTM_LOCAL,7-Day Rollout,Otoño,Norte Chico,Verano,amparo_del_sol,1.0988632394092577,0.6788074974557097,152.5616882726445,136.63338468402534,0.35714285714285715,0.041842153866253506,0.3778970337211694
LSTM_LOCAL,7-Day Rollout,Primavera,Norte Chico,Verano,amparo_del_sol,1.0293221609797005,0.5336893655294668,190.26805483900796,192.53312838609827,0.27380952380952384,0.026894884919426387,0.5012854771289397
LSTM_LOCAL,7-Day Rollout,Verano,Norte Chico,Verano,amparo_del_sol,0.6955785779701502,0.5162063194717943,107.59189635544305,64.58889667907388,0.6845238095238095,0.05441818834450649,0.13102498640268467
LSTM_LOCAL,Day 1,Raw,Norte Chico,Verano,luna_del_norte,0.3032544939825096,0.1764331286928306,90.33250763006968,36.46879872325079,0.9583333333333334,0.03458770658277596,0.11185112817135334
LSTM_LOCAL,Day 1,Invierno,Norte Chico,Verano,luna_del_norte,0.7214210554105476,0.3994727225569174,104.58121388927997,112.7308504581043,0.8333333333333334,0.03047430688232756,0.09167173860023468
LSTM_LOCAL,Day 1,Otoño,Norte Chico,Verano,luna_del_norte,1.1002835748219897,0.6559455914345259,139.77768891537946,127.95195759749905,0.6666666666666666,0.04090480750116209,0.25084357846256655
LSTM_LOCAL,Day 1,Primavera,Norte Chico,Verano,luna_del_norte,1.3290511947091814,0.7814406325761271,124.97734460716316,170.07428858887215,0.5,0.03907255611100406,0.7423391234776306
LSTM_LOCAL,Day 1,Verano,Norte Chico,Verano,luna_del_norte,0.3033740356678095,0.17458874126896262,72.97662583293416,36.4886938562696,0.9583333333333334,0.03458145076098542,0.11160666916208968
LSTM_LOCAL,7-Day Rollout,Raw,Norte Chico,Verano,luna_del_norte,0.7452242692733562,0.4427419366104351,120.9233076718237,90.53389193448072,0.7976190476190477,0.03718704195094428,0.10666692902949376
LSTM_LOCAL,7-Day Rollout,Invierno,Norte Chico,Verano,luna_del_norte,0.6257936508180478,0.3339387472634761,133.96815161070964,179.42653909253002,0.6309523809523809,0.028158311093985894,0.10531401408799347
LSTM_LOCAL,7-Day Rollout,Otoño,Norte Chico,Verano,luna_del_norte,1.1741647340503611,0.7066264634641362,155.2358035500218,138.41137703028872,0.625,0.040959536387028705,0.39323564910011044
LSTM_LOCAL,7-Day Rollout,Primavera,Norte Chico,Verano,luna_del_norte,1.0906138717652505,0.5193847163396862,112.22952884595412,209.9802692997412,0.5059523809523809,0.025970210202001996,0.49339091633381993
LSTM_LOCAL,7-Day Rollout,Verano,Norte Chico,Verano,luna_del_norte,0.831249792529382,0.5005475978832692,127.48341352602188,100.99143914550102,0.75,0.03779429736840982,0.118652692806652
LSTM_LOCAL,Day 1,Raw,Norte Grande,Invierno,pfv_andes_solar_ii,2.955716765231522,2.463775484201809,174.80922743086526,9991.155040483172,0.9583333333333334,0.0014791666995733978,3.4513898010520925
LSTM_LOCAL,Day 1,Invierno,Norte Grande,Invierno,pfv_andes_solar_ii,3.0060838186271064,2.602732080655793,183.14262216490908,5374.648367496388,0.9583333333333334,0.0027965399902313945,3.6441387014308355
LSTM_LOCAL,Day 1,Otoño,Norte Grande,Invierno,pfv_andes_solar_ii,21.21343429556958,13.766129470275095,187.68722559198562,153.2716487722393,0.5,0.6920208161619182,11.244935898428471
LSTM_LOCAL,Day 1,Primavera,Norte Grande,Invierno,pfv_andes_solar_ii,20.651174440249967,13.576563961338252,186.23692156254492,152.0425134509952,0.5,0.679125001669551,12.798324470827355
LSTM_LOCAL,Day 1,Verano,Norte Grande,Invierno,pfv_andes_solar_ii,38.349480144596804,26.856775444932282,189.2742457269552,141.58718866216583,0.5416666666666666,1.3542708385890971,20.15160747479337
LSTM_LOCAL,7-Day Rollout,Raw,Norte Grande,Invierno,pfv_andes_solar_ii,14.107683693202544,8.405468057087134,163.68302057371014,173.58624065645066,0.5892857142857143,0.5045575270983612,5.038460315522251
LSTM_LOCAL,7-Day Rollout,Invierno,Norte Grande,Invierno,pfv_andes_solar_ii,14.08824867390367,8.420573586287597,163.70014410456602,173.26639337790343,0.5773809523809523,0.5234235999240939,5.007709107891701
LSTM_LOCAL,7-Day Rollout,Otoño,Norte Grande,Invierno,pfv_andes_solar_ii,28.25624366292639,18.36381183917235,185.43144294187525,153.16420863541927,0.30357142857142855,1.0035380564552423,15.575446793524591
LSTM_LOCAL,7-Day Rollout,Primavera,Norte Grande,Invierno,pfv_andes_solar_ii,22.70893445458869,14.439618911427845,186.87422865709053,157.19475495461185,0.2976190476190476,0.7263644694871757,13.617777376504435
LSTM_LOCAL,7-Day Rollout,Verano,Norte Grande,Invierno,pfv_andes_solar_ii,36.539243813052465,25.484104332846723,174.1897761979506,141.3500637160523,0.35714285714285715,1.475965981743121,19.05376315739649
LSTM_LOCAL,Day 1,Raw,Norte Grande,Otoño,andes_solar,9.340984761913969,6.227616796425234,168.67594555798178,139.5326595207821,0.5416666666666666,0.334711361831675,4.217168241832405
LSTM_LOCAL,Day 1,Invierno,Norte Grande,Otoño,andes_solar,3.367474876490205,2.292397839948535,58.047350639274164,67.86983323074746,1.0,0.24808333218097686,0.7260959247748063
LSTM_LOCAL,Day 1,Otoño,Norte Grande,Otoño,andes_solar,8.854782352624019,5.918967200753589,160.99959640821336,132.29240117830182,0.5833333333333334,0.33464829688891773,2.7189995842364922
LSTM_LOCAL,Day 1,Primavera,Norte Grande,Otoño,andes_solar,6.6401282210262496,4.721049928416808,129.08755137095406,76.83110521486843,0.9166666666666666,0.4402822415033976,0.7329044587910181
LSTM_LOCAL,Day 1,Verano,Norte Grande,Otoño,andes_solar,4.397939162512751,4.088451518987616,107.34775111687722,46.4550591172412,0.9166666666666666,0.4863848151949545,0.973607223946602
LSTM_LOCAL,7-Day Rollout,Raw,Norte Grande,Otoño,andes_solar,7.6285704300159685,5.0624412752665755,169.58638904148185,137.93131391248536,0.3869047619047619,0.2936349971990455,3.5385177362804474
LSTM_LOCAL,7-Day Rollout,Invierno,Norte Grande,Otoño,andes_solar,4.963736858435158,3.216275607013986,129.9965358739675,117.08570251311326,0.6607142857142857,0.24683248305781966,1.4211864134917658
LSTM_LOCAL,7-Day Rollout,Otoño,Norte Grande,Otoño,andes_solar,7.057196717549389,4.773422140151351,157.8980623107559,127.6087347191071,0.40476190476190477,0.30500691070254626,2.563611524996148
LSTM_LOCAL,7-Day Rollout,Primavera,Norte Grande,Otoño,andes_solar,7.12973641128939,5.022120714365017,130.84500372658383,80.64226710182137,0.7380952380952381,0.4666810495512826,1.4454941010013937
LSTM_LOCAL,7-Day Rollout,Verano,Norte Grande,Otoño,andes_solar,9.206389769590071,7.356696455584218,139.53158253152017,158.43493163882926,0.6130952380952381,1.5404786031194295,1.3272935869604627
LSTM_LOCAL,Day 1,Raw,Norte Grande,Otoño,fv_bolero,0.6964252522018973,0.6281110718846321,183.1913956558962,966.1391008342721,1.0,0.0036041665822267536,0.8085736544181911
LSTM_LOCAL,Day 1,Invierno,Norte Grande,Otoño,fv_bolero,15.601227702296066,14.330869873364767,200.0,0.0,1.0,0.0,17.082846832275404
LSTM_LOCAL,Day 1,Operational,Norte Grande,Otoño,fv_bolero,24.411174859739642,15.657421586414179,189.71673500172682,155.45218429486232,0.5,0.7851427937702585,14.098404802350947
LSTM_LOCAL,Day 1,Otoño,Norte Grande,Otoño,fv_bolero,24.411174859739642,15.657421586414179,189.71673500172682,155.45218429486232,0.5,0.7851427937702585,14.098404802350947
LSTM_LOCAL,Day 1,Primavera,Norte Grande,Otoño,fv_bolero,65.66966376593221,46.68078996737798,170.97006883895247,135.6916369777197,0.625,2.418818580110868,14.43036825656891
LSTM_LOCAL,Day 1,Verano,Norte Grande,Otoño,fv_bolero,39.92140830740023,36.93068978896675,130.42694105179743,91.33853104029929,1.0,2.184474163397681,14.836241573945166
LSTM_LOCAL,7-Day Rollout,Raw,Norte Grande,Otoño,fv_bolero,12.567452195101298,6.964366794231215,191.41807866500383,181.74346138608507,0.5476190476190477,0.348013612361891,5.935675924417696
LSTM_LOCAL,7-Day Rollout,Invierno,Norte Grande,Otoño,fv_bolero,8.40850773056272,7.371742658671879,200.0,0.0,0.5476190476190477,0.9885491929238751,4.579397528512141
LSTM_LOCAL,7-Day Rollout,Operational,Norte Grande,Otoño,fv_bolero,26.58344545695249,15.425605729333169,193.3833943399942,172.5584139535786,0.36904761904761907,0.8008312972096195,13.542605029903573
LSTM_LOCAL,7-Day Rollout,Otoño,Norte Grande,Otoño,fv_bolero,26.58344545695249,15.425605729333169,193.3833943399942,172.5584139535786,0.36904761904761907,0.8008312972096195,13.542605029903573
LSTM_LOCAL,7-Day Rollout,Primavera,Norte Grande,Otoño,fv_bolero,57.4509395268039,41.63178935505095,159.9101688599723,133.02989480302514,0.5357142857142857,3.2974023624545055,9.75468925024782
LSTM_LOCAL,7-Day Rollout,Verano,Norte Grande,Otoño,fv_bolero,43.92787413606761,37.53529239590058,111.09113341295446,104.73162947050403,0.7619047619047619,8.325167351957809,21.71935294854257
LSTM_LOCAL,Day 1,Raw,Norte Grande,Otoño,parque_solar_pampa_camarones,0.19274456654060884,0.11394593739532866,85.59373962890365,140.1778638532017,0.6666666666666666,0.006690706409184107,0.07239843395321562
LSTM_LOCAL,Day 1,Invierno,Norte Grande,Otoño,parque_solar_pampa_camarones,0.357530870935302,0.19426259483831623,16.65511448003716,21.728895960785614,1.0,0.06842028655034181,0.1410434526158498
LSTM_LOCAL,Day 1,Operational,Norte Grande,Otoño,parque_solar_pampa_camarones,0.49713723853383185,0.27122701122425497,35.425351754665854,43.323506483871135,1.0,0.04749752089458829,0.09902066349750394
LSTM_LOCAL,Day 1,Otoño,Norte Grande,Otoño,parque_solar_pampa_camarones,0.49713723853383185,0.27122701122425497,35.425351754665854,43.323506483871135,1.0,0.04749752089458829,0.09902066349750394
LSTM_LOCAL,Day 1,Primavera,Norte Grande,Otoño,parque_solar_pampa_camarones,0.48203031920080874,0.2953309553364913,84.19282204592842,19.24913101876935,0.9166666666666666,0.10486074599126975,0.2607848814999066
LSTM_LOCAL,Day 1,Verano,Norte Grande,Otoño,parque_solar_pampa_camarones,0.6847471917085496,0.39369410920577746,101.94923583898425,27.633987904820188,0.8333333333333334,0.10335445898041751,0.22040865469025464
LSTM_LOCAL,7-Day Rollout,Raw,Norte Grande,Otoño,parque_solar_pampa_camarones,1.1560062315706854,0.5848308366841506,96.85865917476794,192.09599048683782,0.5833333333333334,0.030734766924602547,0.5164555719696918
LSTM_LOCAL,7-Day Rollout,Invierno,Norte Grande,Otoño,parque_solar_pampa_camarones,0.4519920819081017,0.24258895503312705,16.05585954273315,27.539502195228167,1.0,0.06831151034427985,0.13579476543901764
LSTM_LOCAL,7-Day Rollout,Operational,Norte Grande,Otoño,parque_solar_pampa_camarones,1.3647865957899912,0.6968204269325637,79.81977196183094,107.06707763909846,0.8214285714285714,0.05765154249252408,0.4275133686474182
LSTM_LOCAL,7-Day Rollout,Otoño,Norte Grande,Otoño,parque_solar_pampa_camarones,1.3647865957899912,0.6968204269325637,79.81977196183094,107.06707763909846,0.8214285714285714,0.05765154249252408,0.4275133686474182
LSTM_LOCAL,7-Day Rollout,Primavera,Norte Grande,Otoño,parque_solar_pampa_camarones,0.6256955673451576,0.3536192902496883,93.7286787118239,25.570277949745527,0.8630952380952381,0.10181676808611624,0.27064622187144366
LSTM_LOCAL,7-Day Rollout,Verano,Norte Grande,Otoño,parque_solar_pampa_camarones,1.3559630777152334,0.8932777376002854,116.02769493591639,55.43566958693887,0.7440476190476191,0.10427564275340134,0.18272079075797515
LSTM_LOCAL,Day 1,Raw,Norte Grande,Verano,conejo_solar,21.605476317366115,15.875173538923264,111.25239355238716,56.42958197166836,0.9166666666666666,1.915778811275959,2.5893134678403555
LSTM_LOCAL,Day 1,Invierno,Norte Grande,Verano,conejo_solar,6.623629443207931,4.213329379757245,23.845597520234964,26.916205004896625,1.0,1.2304166657229265,2.573095362757645
LSTM_LOCAL,Day 1,Otoño,Norte Grande,Verano,conejo_solar,59.69748875504461,39.42652585667869,186.14441816620732,147.06833608259984,0.4583333333333333,2.029602285567671,32.81781518245116
LSTM_LOCAL,Day 1,Primavera,Norte Grande,Verano,conejo_solar,22.974009184995502,15.15219797876974,47.34092074134371,136.34426902734555,1.0,0.8424999946417909,4.046562600725644
LSTM_LOCAL,Day 1,Verano,Norte Grande,Verano,conejo_solar,21.590079115317945,15.870873043934504,111.23483666448557,56.389367275063265,0.9166666666666666,1.916107520957788,2.595415366192661
LSTM_LOCAL,7-Day Rollout,Raw,Norte Grande,Verano,conejo_solar,31.548791454072692,24.38404829729171,124.34165511922006,73.93216579291891,0.7440476190476191,2.2366314089014416,4.488487971964337
LSTM_LOCAL,7-Day Rollout,Invierno,Norte Grande,Verano,conejo_solar,23.027537690646415,11.749131401734692,89.18852579210113,112.4535298719864,0.7976190476190477,1.031072922423482,7.593406716587822
LSTM_LOCAL,7-Day Rollout,Otoño,Norte Grande,Verano,conejo_solar,58.945742942825866,39.13447795506744,189.61218552154105,146.2025690763811,0.375,2.0236696010366795,34.366977306597285
LSTM_LOCAL,7-Day Rollout,Primavera,Norte Grande,Verano,conejo_solar,46.40468267414674,29.964965025583904,154.17296957777737,143.21643383186625,0.5297619047619048,1.6248769149716413,21.342971729398485
LSTM_LOCAL,7-Day Rollout,Verano,Norte Grande,Verano,conejo_solar,31.814312612977076,24.53201142379216,124.72072752953397,74.55439420284785,0.7559523809523809,2.231299042701721,4.465269056955975
LSTM_LOCAL,Day 1,Raw,Norte Grande,Verano,lalackama,10.447408698788127,8.942020833492279,109.7184977546741,46.00271655798007,0.9166666666666666,1.0366157134373983,0.8401168252031016
LSTM_LOCAL,Day 1,Invierno,Norte Grande,Verano,lalackama,2.592654230535267,1.59148832783103,25.708792758886528,19.242856753745517,1.0,0.6736666659514109,1.0142929077148446
LSTM_LOCAL,Day 1,Otoño,Norte Grande,Verano,lalackama,29.20127896983234,19.708147272778053,184.71954225379247,143.3895357882636,0.5,1.0161619847950838,16.11361151182403
LSTM_LOCAL,Day 1,Primavera,Norte Grande,Verano,lalackama,13.714547140785246,8.91019499138929,50.78131586381327,171.72699535634933,1.0,0.39931249924702567,1.6523905527273517
LSTM_LOCAL,Day 1,Verano,Norte Grande,Verano,lalackama,10.448799188653826,8.950397998094559,109.69721274534636,46.00883925433595,0.9166666666666666,1.0365708455443383,0.8430467997988073
LSTM_LOCAL,7-Day Rollout,Raw,Norte Grande,Verano,lalackama,10.488874613783373,9.137648390872139,108.00626470740693,46.554900924221414,0.7976190476190477,1.1158822305855298,1.7770884220089243
LSTM_LOCAL,7-Day Rollout,Invierno,Norte Grande,Verano,lalackama,13.788391806267779,7.280503533436873,117.2311623869319,119.46744248203578,0.7023809523809523,0.5780790640113299,5.9261046375148
LSTM_LOCAL,7-Day Rollout,Otoño,Norte Grande,Verano,lalackama,29.468370850350922,19.90128885943531,191.61420893675358,145.06357802502836,0.4583333333333333,1.0134374784072864,17.76555371709456
LSTM_LOCAL,7-Day Rollout,Primavera,Norte Grande,Verano,lalackama,21.97987820722217,14.508107367271025,149.05580545144124,135.5119586639583,0.5773809523809523,0.8029520153760954,7.527933311084884
LSTM_LOCAL,7-Day Rollout,Verano,Norte Grande,Verano,lalackama,10.243424186745852,8.88765409446898,107.56090842958241,45.46546847953154,0.7976190476190477,1.1167283598865783,1.7320868895167405
LSTM_LOCAL,Day 1,Raw,Norte Grande,Verano,lalackama_2,3.880819738424726,3.030967133740584,114.49077168360573,55.01132470145832,0.9166666666666666,0.35008482597768315,0.5106380903472508
LSTM_LOCAL,Day 1,Invierno,Norte Grande,Verano,lalackama_2,1.3707710529649983,0.7281274994214376,10.033674719403395,33.559630114026355,1.0,0.204229165862004,0.548403070836018
LSTM_LOCAL,Day 1,Otoño,Norte Grande,Verano,lalackama_2,9.195442703188904,6.173829870065674,187.3243967407916,146.4436797945901,0.4583333333333333,0.3139861215371639,5.4089681843062865
LSTM_LOCAL,Day 1,Primavera,Norte Grande,Verano,lalackama_2,2.679006174515702,1.6635109813263018,41.21808728098733,125.55389337101428,1.0,0.10668749899292986,0.6893535026193914
LSTM_LOCAL,Day 1,Verano,Norte Grande,Verano,lalackama_2,3.8732530558435565,3.033219831685225,114.4186300942305,54.90406560146349,0.9166666666666666,0.3493315087010463,0.514800579225024
LSTM_LOCAL,7-Day Rollout,Raw,Norte Grande,Verano,lalackama_2,4.308979063778085,3.373691640971672,120.29036829912367,61.7658811457696,0.7380952380952381,0.35089801898492234,0.6786109788698104
LSTM_LOCAL,7-Day Rollout,Invierno,Norte Grande,Verano,lalackama_2,1.5032993892131266,0.8343081439712218,23.87895841078594,42.97845556342417,1.0,0.17488988023251295,0.5821921955662441
LSTM_LOCAL,7-Day Rollout,Otoño,Norte Grande,Verano,lalackama_2,9.093505901460368,6.106178423267833,192.90039711803294,145.94783775088456,0.3273809523809524,0.31224641043781526,5.464521869176643
LSTM_LOCAL,7-Day Rollout,Primavera,Norte Grande,Verano,lalackama_2,5.842331778887457,3.6718890322261446,128.17527012382152,121.77413948310966,0.6011904761904762,0.24448389302373733,1.6190926914629973
LSTM_LOCAL,7-Day Rollout,Verano,Norte Grande,Verano,lalackama_2,4.1251196204105485,3.254964308901912,118.7873948364557,59.130398271872885,0.7559523809523809,0.34910809065082243,0.6572516950024739
LSTM_LOCAL,Day 1,Raw,Norte Grande,Verano,pampa_solar_norte,9.80694102431393,7.807198166847229,104.97593344204729,33.035761190398794,0.875,1.4622064019242924,3.4272602493564315
LSTM_LOCAL,Day 1,Invierno,Norte Grande,Verano,pampa_solar_norte,5.391413185773245,3.415617442379395,41.08212600488244,30.95918558405206,1.0,0.8208714112639427,1.4497874304652225
LSTM_LOCAL,Day 1,Otoño,Norte Grande,Verano,pampa_solar_norte,41.4884069096403,27.730265309180442,190.63925773181083,147.39423896014884,0.3333333333333333,1.4077436916336108,24.882074285046354
LSTM_LOCAL,Day 1,Primavera,Norte Grande,Verano,pampa_solar_norte,17.82161940539709,11.497327243598798,79.46881385425276,203.714455766983,1.0,0.37760321482395137,2.308959514244151
LSTM_LOCAL,Day 1,Verano,Norte Grande,Verano,pampa_solar_norte,9.805389754895588,7.80657156308492,104.96442021057291,33.030535568472516,0.875,1.4610860228538514,3.43008491744598
LSTM_LOCAL,7-Day Rollout,Raw,Norte Grande,Verano,pampa_solar_norte,20.305540104545354,16.31045382008666,121.70854405017246,66.93109632825207,0.5,2.792768342757509,3.7342599976985245
LSTM_LOCAL,7-Day Rollout,Invierno,Norte Grande,Verano,pampa_solar_norte,19.497934902727074,10.622691160067916,137.71625670589597,134.96160272110848,0.4583333333333333,0.748954604837733,8.860453153796316
LSTM_LOCAL,7-Day Rollout,Otoño,Norte Grande,Verano,pampa_solar_norte,40.74746486903567,27.30150233256808,193.94901278186427,147.09359499599583,0.13095238095238096,1.4480582837797036,24.997924603848343
LSTM_LOCAL,7-Day Rollout,Primavera,Norte Grande,Verano,pampa_solar_norte,21.833291610721343,15.066686946543909,131.62732895428363,103.06419867693253,0.6666666666666666,1.2368463889629182,2.8049951206027934
LSTM_LOCAL,7-Day Rollout,Verano,Norte Grande,Verano,pampa_solar_norte,20.441633260364114,16.402287522242183,121.93966319709119,67.37968642114413,0.4880952380952381,2.8004969357379843,3.7941586162717575
LSTM_LOCAL,Day 1,Raw,Norte Grande,Verano,parque_solar_finis_terrae,1.2657613640553078,0.8099398302535216,166.933403231607,154.8331942246301,1.0,0.040875000040978195,0.49297916066522446
LSTM_LOCAL,Day 1,Invierno,Norte Grande,Verano,parque_solar_finis_terrae,33.52581674627002,28.36465922991435,148.99154782806542,108.6164221527206,1.0,1.543312515815099,39.55320390264197
LSTM_LOCAL,Day 1,Operational,Norte Grande,Verano,parque_solar_finis_terrae,8.089589449982874,5.6407392745216685,172.03076223633164,137.64632962197146,0.7083333333333334,0.2938541649530331,0.5373017908384405
LSTM_LOCAL,Day 1,Otoño,Norte Grande,Verano,parque_solar_finis_terrae,27.661484851317056,18.618495197345812,189.11898694185078,147.23603234065578,0.5416666666666666,0.9393585391963523,13.215245820271472
LSTM_LOCAL,Day 1,Primavera,Norte Grande,Verano,parque_solar_finis_terrae,49.41777188861106,35.57715654373169,169.0029350215218,132.12277501929276,1.0,1.870145850380262,6.557217513521518
LSTM_LOCAL,Day 1,Verano,Norte Grande,Verano,parque_solar_finis_terrae,8.089589449982874,5.6407392745216685,172.03076223633164,137.64632962197146,0.7083333333333334,0.2938541649530331,0.5373017908384405
LSTM_LOCAL,7-Day Rollout,Raw,Norte Grande,Verano,parque_solar_finis_terrae,2.329498087914343,1.4511227278105383,163.7564050170267,154.19237939057123,0.7678571428571429,0.08571227569232828,0.5054884015111301
LSTM_LOCAL,7-Day Rollout,Invierno,Norte Grande,Verano,parque_solar_finis_terrae,30.89674617283668,27.030296524088563,146.59889431059634,120.61581477592121,0.8392857142857143,1.9038973432971122,18.856113078041083
LSTM_LOCAL,7-Day Rollout,Operational,Norte Grande,Verano,parque_solar_finis_terrae,9.174421167310527,6.628302837588957,165.33100763279515,132.49286618979713,0.8035714285714286,0.37660837548651865,0.908301804134889
LSTM_LOCAL,7-Day Rollout,Otoño,Norte Grande,Verano,parque_solar_finis_terrae,29.223547208698072,19.74371648726741,184.64356211227312,146.24551359463436,0.4880952380952381,1.0188910227033332,10.035915469504904
LSTM_LOCAL,7-Day Rollout,Primavera,Norte Grande,Verano,parque_solar_finis_terrae,39.96680165607658,33.242332336448484,146.17248996000788,113.46070007293838,0.8809523809523809,2.1592161689485825,14.173834753604174
LSTM_LOCAL,7-Day Rollout,Verano,Norte Grande,Verano,parque_solar_finis_terrae,9.174421167310527,6.628302837588957,165.33100763279515,132.49286618979713,0.8035714285714286,0.37660837548651865,0.908301804134889
LSTM_LOCAL,Day 1,Raw,Zona Central,Invierno,altos_de_til_til,0.12465354698651443,0.06091395396894465,33.653704423616055,42.07351098466064,0.9583333333333334,0.014487943530548364,0.018575950366600123
LSTM_LOCAL,Day 1,Invierno,Zona Central,Invierno,altos_de_til_til,0.12593224120825883,0.06246964344366764,33.69297552344093,42.50510043145276,0.9583333333333334,0.01448875544204687,0.018886918718150524
LSTM_LOCAL,Day 1,Otoño,Zona Central,Invierno,altos_de_til_til,0.06161842530983074,0.037940811230934436,18.615343560646238,11.740566552220931,1.0,0.025232828089262208,0.033072659572205065
LSTM_LOCAL,Day 1,Primavera,Zona Central,Invierno,altos_de_til_til,0.3994403090773688,0.23841562836120525,29.358583708865062,74.85842573294167,0.8333333333333334,0.026013160939328372,0.024980255501577644
LSTM_LOCAL,Day 1,Verano,Zona Central,Invierno,altos_de_til_til,1.0466098009814726,0.64064683963079,189.21048088348223,161.0144615346664,0.5,0.03248705215955852,0.5872006856715113
LSTM_LOCAL,7-Day Rollout,Raw,Zona Central,Invierno,altos_de_til_til,0.3951274070442065,0.21238621592231066,58.355178955001875,147.01738099976717,0.849624060150376,0.015952369344291187,0.03753990954238069
LSTM_LOCAL,7-Day Rollout,Invierno,Zona Central,Invierno,altos_de_til_til,0.40862196774627624,0.22640959040727465,62.10415341643378,142.89321584709108,0.84,0.016982150141429158,0.04001052354620773
LSTM_LOCAL,7-Day Rollout,Otoño,Zona Central,Invierno,altos_de_til_til,0.09741368150105109,0.05067267671603033,21.012777910969625,19.86759621560837,0.9880952380952381,0.02355982671099247,0.032776777163148654
LSTM_LOCAL,7-Day Rollout,Primavera,Zona Central,Invierno,altos_de_til_til,0.3768395651198503,0.22187461213131124,31.690021090397973,70.07623051076783,0.8988095238095238,0.02618121087781176,0.03372163860615167
LSTM_LOCAL,7-Day Rollout,Verano,Zona Central,Invierno,altos_de_til_til,0.9307049010249748,0.5635467731179753,191.52163384897912,163.85444049105195,0.3392857142857143,0.028509158855168998,0.5264465048857216
LSTM_LOCAL,Day 1,Raw,Zona Central,Invierno,las_perdices,0.4867457141640079,0.31328038024366833,101.17589433392178,127.477481115464,1.0,0.0159719441634176,0.06278782595133336
LSTM_LOCAL,Day 1,Invierno,Zona Central,Invierno,las_perdices,0.2503728767897735,0.16014223279974735,113.92529032035353,71.92683002737907,1.0,0.016755696040733407,0.034709039229589234
LSTM_LOCAL,Day 1,Operational,Zona Central,Invierno,las_perdices,0.27879177321825577,0.1520060229425629,85.23581115528019,66.23884104203023,1.0,0.02055009295969891,0.04945545845548627
LSTM_LOCAL,Day 1,Otoño,Zona Central,Invierno,las_perdices,1.1852598872440636,0.7784471753693651,106.8311199407237,130.69655953684844,0.5833333333333334,0.04464552375672307,0.5337502956181802
LSTM_LOCAL,Day 1,Primavera,Zona Central,Invierno,las_perdices,0.27879177321825577,0.1520060229425629,85.23581115528019,66.23884104203023,1.0,0.02055009295969891,0.04945545845548627
LSTM_LOCAL,Day 1,Verano,Zona Central,Invierno,las_perdices,0.24304460732841665,0.20285949918131033,92.25782539038299,20.229419078917672,0.875,0.04640738824382424,0.09596345142150926
LSTM_LOCAL,7-Day Rollout,Raw,Zona Central,Invierno,las_perdices,0.4761819797399558,0.31317082549359765,123.99797059174047,150.7112066154012,0.7664670658682635,0.02095719789704271,0.05964154491930952
LSTM_LOCAL,7-Day Rollout,Invierno,Zona Central,Invierno,las_perdices,0.5324862160348214,0.2567216991363758,171.58243485603407,186.72773567389964,0.2261904761904762,0.014332830407719096,0.2226107258365227
LSTM_LOCAL,7-Day Rollout,Operational,Zona Central,Invierno,las_perdices,0.7823354332868041,0.4394953545467204,147.14310007263012,150.10718140471448,0.2976190476190476,0.03298752313217208,0.27298495464241124
LSTM_LOCAL,7-Day Rollout,Otoño,Zona Central,Invierno,las_perdices,0.9131549970873039,0.5698147952659512,148.17594078054663,127.82145564203269,0.42857142857142855,0.037393156909292014,0.25716383040158
LSTM_LOCAL,7-Day Rollout,Primavera,Zona Central,Invierno,las_perdices,0.7823354332868041,0.4394953545467204,147.14310007263012,150.10718140471448,0.2976190476190476,0.03298752313217208,0.27298495464241124
LSTM_LOCAL,7-Day Rollout,Verano,Zona Central,Invierno,las_perdices,0.7825406769777292,0.6029988793029805,108.58739552871121,75.47323960545268,0.5952380952380952,0.0946877873027309,0.12575517557381244
LSTM_LOCAL,Day 1,Raw,Zona Central,Invierno,laurel,1.6282745599878827,0.9678685983332495,68.01107394644534,125.57252704529955,0.8333333333333334,0.06483402852124225,0.07217622553774468
LSTM_LOCAL,Day 1,Invierno,Zona Central,Invierno,laurel,1.6316318822435085,0.9696745418283778,68.1374617009146,125.83258202190781,0.8333333333333334,0.06483344202376126,0.07706057235773188
LSTM_LOCAL,Day 1,Otoño,Zona Central,Invierno,laurel,3.045184759881749,1.9995153173145657,137.33650833786092,144.65096781222533,0.5416666666666666,0.10411429139532706,1.5841176473580276
LSTM_LOCAL,Day 1,Primavera,Zona Central,Invierno,laurel,1.3991589383226994,0.7860868875480568,67.83461942839787,131.7013281882184,0.8333333333333334,0.05311863432095076,0.15922342296883776
LSTM_LOCAL,Day 1,Verano,Zona Central,Invierno,laurel,2.5197261191796807,1.83463379185802,95.30442372871599,86.93141118377856,0.7083333333333334,0.1254641993883221,0.4155894697663219
LSTM_LOCAL,7-Day Rollout,Raw,Zona Central,Invierno,laurel,1.0643462652012161,0.5079404018166556,73.82007458906797,180.0886039292165,0.8452380952380952,0.029550627912567847,0.126027481881285
LSTM_LOCAL,7-Day Rollout,Invierno,Zona Central,Invierno,laurel,1.067553975594666,0.509064057918258,73.96779792321503,180.63610132066665,0.8511904761904762,0.02954985099295117,0.13045451690785534
LSTM_LOCAL,7-Day Rollout,Otoño,Zona Central,Invierno,laurel,2.9968966980292686,1.9097268977378636,151.2435418907772,154.70737203830979,0.47023809523809523,0.09653965809018625,1.7427692866615803
LSTM_LOCAL,7-Day Rollout,Primavera,Zona Central,Invierno,laurel,1.8502077756143374,0.9578727399660109,90.31685686180249,186.03055392040858,0.7440476190476191,0.049728599324762826,0.6008481058722759
LSTM_LOCAL,7-Day Rollout,Verano,Zona Central,Invierno,laurel,3.032212677057727,2.045165506546341,116.93264236288552,119.34980892898072,0.5119047619047619,0.11810600422544493,1.381242450586121
LSTM_LOCAL,Day 1,Raw,Zona Central,Invierno,la_lajuela,3.9545156131012007,3.4125016587786376,168.5404140354301,111.12503666387401,0.09090909090909091,0.17714199101425368,2.61714789066252
LSTM_LOCAL,Day 1,Invierno,Zona Central,Invierno,la_lajuela,4.147582914644325,3.753505227714777,165.39868495426583,105.96273035748334,0.1,0.19483499467372895,2.8795110000669957
LSTM_LOCAL,Day 1,Otoño,Zona Central,Invierno,la_lajuela,4.057356202312987,2.7526032269621887,185.31719757684974,143.63905984924295,0.20833333333333334,0.1420250041099886,2.0880458800587802
LSTM_LOCAL,Day 1,Primavera,Zona Central,Invierno,la_lajuela,2.4907208230291786,1.386634513847336,195.936666291043,179.2596859683987,0.16666666666666666,0.06951821941814462,1.2964347354330432
LSTM_LOCAL,Day 1,Verano,Zona Central,Invierno,la_lajuela,2.6454328453695775,2.4527311004543058,127.20721325918076,83.58678786751925,0.5416666666666666,0.25743474200135097,0.5793149835236066
LSTM_LOCAL,7-Day Rollout,Raw,Zona Central,Invierno,la_lajuela,2.59244189501818,1.8979012472044727,148.6691197482286,129.1819237813198,0.136986301369863,0.10043850752799326,1.5936711811635973
LSTM_LOCAL,7-Day Rollout,Invierno,Zona Central,Invierno,la_lajuela,2.47719733473537,1.7430275712555159,153.2891251024981,135.2780345654853,0.1125,0.10075656452834665,1.4599706499632883
LSTM_LOCAL,7-Day Rollout,Otoño,Zona Central,Invierno,la_lajuela,3.9999451326147635,2.686346315966581,188.78626422705952,147.06240944514562,0.047619047619047616,0.15306267852751523,2.2577023510648964
LSTM_LOCAL,7-Day Rollout,Primavera,Zona Central,Invierno,la_lajuela,3.0882021748002053,1.7402313656784827,193.73162975732754,177.32290094588075,0.047619047619047616,0.08764255887273024,1.6425222052621569
LSTM_LOCAL,7-Day Rollout,Verano,Zona Central,Invierno,la_lajuela,2.6970223646999276,2.4881434312722246,128.1724950935929,91.96376118762257,0.43452380952380953,0.5463517076399598,0.3941501761467886
LSTM_LOCAL,Day 1,Raw,Zona Central,Invierno,lipangue,0.8801661185975455,0.4889518587761283,127.52560100362051,156.03886389010842,1.0,0.028203426270054403,0.17138955149216806
LSTM_LOCAL,Day 1,Invierno,Zona Central,Invierno,lipangue,1.043990838211787,0.6761643869436765,120.66640915500378,131.35955213616793,1.0,0.03973791099445822,0.164558952084613
LSTM_LOCAL,Day 1,Otoño,Zona Central,Invierno,lipangue,0.32840403109897676,0.20610941864045648,184.23428305507989,158.33857871708497,0.5416666666666666,0.010370310058351607,0.18147680790862064
LSTM_LOCAL,Day 1,Primavera,Zona Central,Invierno,lipangue,1.0619271489938842,0.6469567575550172,139.51782601712293,142.5713358959991,1.0,0.03724195829126984,0.2074911130359398
LSTM_LOCAL,Day 1,Verano,Zona Central,Invierno,lipangue,1.0791353048032704,0.7715859904225605,155.203595682014,128.53751750767967,0.875,0.041977444629689366,0.060154189575890436
LSTM_LOCAL,7-Day Rollout,Raw,Zona Central,Invierno,lipangue,0.8738214757417153,0.5683379898431886,168.8442434682806,144.16599997340015,0.5098039215686274,0.03033517481184619,0.36572838775663047
LSTM_LOCAL,7-Day Rollout,Invierno,Zona Central,Invierno,lipangue,0.892016977512506,0.5881890623191186,172.16549441804932,141.82424945003626,0.41836734693877553,0.03144901068055544,0.38269350620516623
LSTM_LOCAL,7-Day Rollout,Otoño,Zona Central,Invierno,lipangue,0.23247242385559472,0.11341664500235181,178.39323264635982,205.68950139515837,0.44047619047619047,0.006406339063375657,0.09815563165029742
LSTM_LOCAL,7-Day Rollout,Primavera,Zona Central,Invierno,lipangue,1.0999492827945014,0.6320906092422601,183.20457745463457,169.88805770553873,0.47619047619047616,0.03350915222596801,0.5067482052021736
LSTM_LOCAL,7-Day Rollout,Verano,Zona Central,Invierno,lipangue,0.8211407944630307,0.541059624847202,158.6755899312111,163.95066649118735,0.5357142857142857,0.07925993475877302,0.10897500122054707
LSTM_LOCAL,Day 1,Raw,Zona Central,Invierno,luna,0.6210854149878166,0.5023328011236985,110.95253967519136,80.82507062407409,0.5454545454545454,0.03842158195422743,0.0675775766395139
LSTM_LOCAL,Day 1,Invierno,Zona Central,Invierno,luna,0.6624270557095301,0.5824725307524204,106.42449400187016,74.41019105053269,0.5,0.04451185021549463,0.05466300707310438
LSTM_LOCAL,Day 1,Otoño,Zona Central,Invierno,luna,0.9793361432264167,0.6328149351744893,147.9914139735217,145.80115981939466,0.4166666666666667,0.033700240960085164,0.5001421015990369
LSTM_LOCAL,Day 1,Primavera,Zona Central,Invierno,luna,0.6547236009521504,0.34607568360903923,59.60951602965162,136.25977113478862,0.7916666666666666,0.024024831228598487,0.13136097775956537
LSTM_LOCAL,Day 1,Verano,Zona Central,Invierno,luna,0.9732140164874976,0.6769074935170162,132.90382420211847,95.19932280336354,0.4583333333333333,0.04813163336038997,0.15884446527040078
LSTM_LOCAL,7-Day Rollout,Raw,Zona Central,Invierno,luna,0.6011790866780979,0.44243447131083063,113.1070261211813,101.21299936784575,0.603448275862069,0.029698709179301622,0.14770770085865575
LSTM_LOCAL,7-Day Rollout,Invierno,Zona Central,Invierno,luna,0.578709145603511,0.42168897923016757,108.50123203525814,100.54904354804053,0.631578947368421,0.028777456511906753,0.13061469233259887
LSTM_LOCAL,7-Day Rollout,Otoño,Zona Central,Invierno,luna,0.9766595996218086,0.6283126356843444,182.02585123000128,151.15570178295107,0.2619047619047619,0.032529229985888655,0.560842990603461
LSTM_LOCAL,7-Day Rollout,Primavera,Zona Central,Invierno,luna,0.7733768677278591,0.408128905552868,70.10169901745775,156.53566477252775,0.7261904761904762,0.02470289658435679,0.25208272735198056
LSTM_LOCAL,7-Day Rollout,Verano,Zona Central,Invierno,luna,1.1153022992699995,0.7509156327649267,145.7559900353679,120.94483791420527,0.27976190476190477,0.04723207570269942,0.47489449910264653
LSTM_LOCAL,Day 1,Raw,Zona Central,Invierno,pfv_santa_adriana,0.7866486142272482,0.46903989370912313,67.55441732270442,1654.4133227589323,0.7083333333333334,0.053950239050512515,0.056449736778934854
LSTM_LOCAL,Day 1,Invierno,Zona Central,Invierno,pfv_santa_adriana,0.17779960176610463,0.08200042976871676,32.25884952561169,92.0596209747653,1.0,0.00913537321551606,0.027381502307859313
LSTM_LOCAL,Day 1,Operational,Zona Central,Invierno,pfv_santa_adriana,0.48738819573474973,0.2907532996808489,43.56548107302402,86.51215378810457,0.9583333333333334,0.027536541658143204,0.040042247824991765
LSTM_LOCAL,Day 1,Otoño,Zona Central,Invierno,pfv_santa_adriana,1.1332541449377231,0.7507302181232566,120.2169717410304,148.9763960199155,0.5,0.037967224797466774,0.6929097384864386
LSTM_LOCAL,Day 1,Primavera,Zona Central,Invierno,pfv_santa_adriana,0.48738819573474973,0.2907532996808489,43.56548107302402,86.51215378810457,0.9583333333333334,0.027536541658143204,0.040042247824991765
LSTM_LOCAL,Day 1,Verano,Zona Central,Invierno,pfv_santa_adriana,0.29080747462757056,0.14514869327346483,40.30547865704845,29.82212298461757,1.0,0.0363873353227973,0.07670378635327028
LSTM_LOCAL,7-Day Rollout,Raw,Zona Central,Invierno,pfv_santa_adriana,0.5027822676375172,0.2859237093905762,48.1840515699979,155.73954774670025,0.9401197604790419,0.02264421350027443,0.0605969666174166
LSTM_LOCAL,7-Day Rollout,Invierno,Zona Central,Invierno,pfv_santa_adriana,0.30725250287186345,0.158389866027435,42.49542264086088,111.74802625135936,0.9523809523809523,0.014764495756112626,0.02460257709804173
LSTM_LOCAL,7-Day Rollout,Operational,Zona Central,Invierno,pfv_santa_adriana,0.5804184006920464,0.35161239671392003,54.653369457874525,100.58352066884726,0.9226190476190477,0.028131155894325716,0.04939043322999733
LSTM_LOCAL,7-Day Rollout,Otoño,Zona Central,Invierno,pfv_santa_adriana,1.0839761498749,0.6906516926378355,121.75829381338303,154.48164816272725,0.5,0.035001470807695854,0.6353877987308633
LSTM_LOCAL,7-Day Rollout,Primavera,Zona Central,Invierno,pfv_santa_adriana,0.5804184006920464,0.35161239671392003,54.653369457874525,100.58352066884726,0.9226190476190477,0.028131155894325716,0.04939043322999733
LSTM_LOCAL,7-Day Rollout,Verano,Zona Central,Invierno,pfv_santa_adriana,0.9094433049918917,0.43437091070726247,62.234023573230914,106.51869549744897,0.9583333333333334,0.032706584403197105,0.1190716691882007
LSTM_LOCAL,Day 1,Raw,Zona Central,Otoño,crucero,0.8681833732893263,0.5773263062195232,116.66666666666667,0.0,0.7083333333333334,0.032059608489119755,0.12425868293891362
LSTM_LOCAL,Day 1,Invierno,Zona Central,Otoño,crucero,0.44079828429210915,0.25329403944003087,74.961272172931,302.7904055364537,0.875,0.009239393744307258,0.0613628097887462
LSTM_LOCAL,Day 1,Operational,Zona Central,Otoño,crucero,0.44079828429210915,0.25329403944003087,74.961272172931,302.7904055364537,0.875,0.009239393744307258,0.0613628097887462
LSTM_LOCAL,Day 1,Otoño,Zona Central,Otoño,crucero,1.1343536430121417,0.7489733113034163,144.09897940515276,145.29671333407933,0.5,0.038800536210571106,0.6376080709655071
LSTM_LOCAL,Day 1,Primavera,Zona Central,Otoño,crucero,0.3297182015372375,0.17797463798585036,51.61790140390741,82.27180850932432,1.0,0.0191121348257487,0.04147940838399036
LSTM_LOCAL,Day 1,Verano,Zona Central,Otoño,crucero,0.46891236627157973,0.4282993886930247,113.52620983824164,45.96496341573279,0.5833333333333334,0.06133859811816365,0.08399643408289807
LSTM_LOCAL,7-Day Rollout,Raw,Zona Central,Otoño,crucero,0.4690848724470653,0.2702521055152396,111.90476190476191,0.0,0.7023809523809523,0.02188017519559556,0.05442986431529404
LSTM_LOCAL,7-Day Rollout,Invierno,Zona Central,Otoño,crucero,0.5246586997919259,0.2872674279006805,94.01750501466074,186.44585529046086,0.7976190476190477,0.013940681048695122,0.14958992396892634
LSTM_LOCAL,7-Day Rollout,Operational,Zona Central,Otoño,crucero,0.5246586997919259,0.2872674279006805,94.01750501466074,186.44585529046086,0.7976190476190477,0.013940681048695122,0.14958992396892634
LSTM_LOCAL,7-Day Rollout,Otoño,Zona Central,Otoño,crucero,1.07288585251483,0.7047598281186809,177.04689739636547,142.67537489203934,0.16666666666666666,0.038021634540053216,0.5591553298505719
LSTM_LOCAL,7-Day Rollout,Primavera,Zona Central,Otoño,crucero,0.9830840137272724,0.5264803723844341,155.22576049186145,171.0218832431006,0.31547619047619047,0.029259102308183828,0.43858306089819055
LSTM_LOCAL,7-Day Rollout,Verano,Zona Central,Otoño,crucero,0.6071534844284665,0.5207374687417454,115.26234156336608,60.486648650481,0.5178571428571429,0.08852356810932094,0.07889892119592772
LSTM_LOCAL,Day 1,Raw,Zona Central,Otoño,fotovolt_solar_i,0.13182559453945206,0.09198740513723654,158.81665964937787,164.07487492629056,0.9583333333333334,0.004017238916033723,0.015247336923008952
LSTM_LOCAL,Day 1,Invierno,Zona Central,Otoño,fotovolt_solar_i,0.2572659113014828,0.18836698136874475,164.42560823690388,160.12066104097926,1.0,0.008033501411652348,0.02645758658133372
LSTM_LOCAL,Day 1,Operational,Zona Central,Otoño,fotovolt_solar_i,0.26554423205256233,0.20177904531434857,162.04946401624213,143.95361138551436,1.0,0.009223257044292646,0.026841159746709337
LSTM_LOCAL,Day 1,Otoño,Zona Central,Otoño,fotovolt_solar_i,0.26554423205256233,0.20177904531434857,162.04946401624213,143.95361138551436,1.0,0.009223257044292646,0.026841159746709337
LSTM_LOCAL,Day 1,Primavera,Zona Central,Otoño,fotovolt_solar_i,0.2831839670423804,0.21929276311857393,159.30720371514673,143.94574706364713,1.0,0.009836482592193838,0.03308747464143383
LSTM_LOCAL,Day 1,Verano,Zona Central,Otoño,fotovolt_solar_i,0.35938466630688676,0.23569666516656676,176.6313521516528,151.26435974615552,0.08333333333333333,0.01225559084947842,0.1760623618417109
LSTM_LOCAL,7-Day Rollout,Raw,Zona Central,Otoño,fotovolt_solar_i,0.2315953467199568,0.14963712648055943,165.7874858703037,178.62231650582666,0.42857142857142855,0.016168595089646944,0.06984615690614242
LSTM_LOCAL,7-Day Rollout,Invierno,Zona Central,Otoño,fotovolt_solar_i,0.18591124834788908,0.1490065074326709,153.01087363334784,211.56771807118423,0.48214285714285715,0.026310054067281978,0.020076759921588947
LSTM_LOCAL,7-Day Rollout,Operational,Zona Central,Otoño,fotovolt_solar_i,0.2329291941748047,0.1806689952825566,162.92575782452695,164.93973396080412,0.35119047619047616,0.032612462967196276,0.04208536970791393
LSTM_LOCAL,7-Day Rollout,Otoño,Zona Central,Otoño,fotovolt_solar_i,0.2329291941748047,0.1806689952825566,162.92575782452695,164.93973396080412,0.35119047619047616,0.032612462967196276,0.04208536970791393
LSTM_LOCAL,7-Day Rollout,Primavera,Zona Central,Otoño,fotovolt_solar_i,0.27587206692960103,0.1613146247439063,176.38509455546932,183.8618370326613,0.19642857142857142,0.01092030998253939,0.09342122946814489
LSTM_LOCAL,7-Day Rollout,Verano,Zona Central,Otoño,fotovolt_solar_i,0.3023924258622199,0.20688369915366625,157.5232135337001,146.56884920211536,0.16071428571428573,0.017856085310844927,0.11134131834772995
LSTM_LOCAL,Day 1,Raw,Zona Central,Otoño,gr_santa_rosa,1.2514325283608456,0.7658506776075834,58.53003324993905,228.2759894204585,1.0,0.02741051591842734,0.3074709701578137
LSTM_LOCAL,Day 1,Invierno,Zona Central,Otoño,gr_santa_rosa,0.4847774514694684,0.25577562271306914,25.2601878662057,25.61794475739736,1.0,0.09461677274666729,0.4186354680180864
LSTM_LOCAL,Day 1,Operational,Zona Central,Otoño,gr_santa_rosa,1.1085061992563452,0.6667393778855816,133.13475154171866,62.29738530637087,0.7916666666666666,0.08896891850314813,0.4773312716295554
LSTM_LOCAL,Day 1,Otoño,Zona Central,Otoño,gr_santa_rosa,1.1085061992563452,0.6667393778855816,133.13475154171866,62.29738530637087,0.7916666666666666,0.08896891850314813,0.4773312716295554
LSTM_LOCAL,Day 1,Primavera,Zona Central,Otoño,gr_santa_rosa,3.047504895886592,1.6468479909985945,157.95085965015173,185.00704675598513,0.4583333333333333,0.08236237160731436,1.5630316029150435
LSTM_LOCAL,Day 1,Verano,Zona Central,Otoño,gr_santa_rosa,1.3759436407858197,0.8122287994871537,102.03811830836733,35.1989639855687,1.0,0.16486617187038066,0.49490120811387944
LSTM_LOCAL,7-Day Rollout,Raw,Zona Central,Otoño,gr_santa_rosa,1.4816118294716196,0.733559715081572,54.328106622638174,89.71104957349395,0.9702380952380952,0.08257688637662405,0.3637022166078886
LSTM_LOCAL,7-Day Rollout,Invierno,Zona Central,Otoño,gr_santa_rosa,2.397393229127992,1.2501073238071556,54.78895132859572,241.25113166783038,1.0,0.049686673230384525,0.49798074400642695
LSTM_LOCAL,7-Day Rollout,Operational,Zona Central,Otoño,gr_santa_rosa,2.3876724371842775,1.264449576032348,66.09714236524822,192.8331459551106,0.9702380952380952,0.06191032214296034,0.6002066769980875
LSTM_LOCAL,7-Day Rollout,Otoño,Zona Central,Otoño,gr_santa_rosa,2.3876724371842775,1.264449576032348,66.09714236524822,192.8331459551106,0.9702380952380952,0.06191032214296034,0.6002066769980875
LSTM_LOCAL,7-Day Rollout,Primavera,Zona Central,Otoño,gr_santa_rosa,3.7948076831444584,2.178267524478044,166.63649391371175,173.73461627090745,0.49404761904761907,0.10919255505729694,2.048705330856577
LSTM_LOCAL,7-Day Rollout,Verano,Zona Central,Otoño,gr_santa_rosa,2.0103067313675824,1.2569071453485994,113.26838696193646,55.95303029366051,0.9345238095238095,0.15624948466872976,0.4448776287331604
LSTM_LOCAL,Day 1,Raw,Zona Central,Primavera,donihue,1.1327075224802923,0.6822766794256218,67.31833695348925,112.18267936461086,0.8695652173913043,0.05034848532902643,0.086426180446237
LSTM_LOCAL,Day 1,Invierno,Zona Central,Primavera,donihue,0.7813922642434323,0.4873802156653255,56.210103654856425,124.17198323824343,1.0,0.030915607950494934,0.1821956962696278
LSTM_LOCAL,Day 1,Otoño,Zona Central,Primavera,donihue,3.083173221443142,1.8897960263614852,172.70001366975555,150.04931603155708,0.5833333333333334,0.10336051370250061,1.1350832884083502
LSTM_LOCAL,Day 1,Primavera,Zona Central,Primavera,donihue,1.0994407715366803,0.6570845457220761,63.97006373575756,113.62221927243847,0.875,0.0482287500431994,0.07940731087874159
LSTM_LOCAL,Day 1,Verano,Zona Central,Primavera,donihue,1.1108663303059414,0.8937890329398215,101.51956355588032,31.952371987981536,1.0,0.13642934114517022,0.29190600612976925
LSTM_LOCAL,7-Day Rollout,Raw,Zona Central,Primavera,donihue,0.9402479684718059,0.5191003572876136,77.32124990931737,130.2342259458978,0.9041916167664671,0.03653508698843799,0.08197329638739856
LSTM_LOCAL,7-Day Rollout,Invierno,Zona Central,Primavera,donihue,1.3063561655631777,0.708420928311257,72.59152451283117,136.70550872244823,0.9166666666666666,0.04737150307396189,0.3144370823636045
LSTM_LOCAL,7-Day Rollout,Otoño,Zona Central,Primavera,donihue,3.656942775562238,2.3780268568564984,182.74154328209426,145.42234001749435,0.44047619047619047,0.12478592405961883,1.9107115226578097
LSTM_LOCAL,7-Day Rollout,Primavera,Zona Central,Primavera,donihue,0.9726608940364196,0.5401060813206381,93.9662975745213,135.53048588968377,0.8214285714285714,0.03643864540097724,0.09322002788068776
LSTM_LOCAL,7-Day Rollout,Verano,Zona Central,Primavera,donihue,1.94624968712819,1.3235014864047192,117.9774042976948,70.60981084452148,0.8690476190476191,0.1846824324367986,0.3017796296574382
LSTM_LOCAL,Day 1,Raw,Zona Central,Primavera,pfv_jose_soler_mallafre,0.22813013744944535,0.11188251285246857,101.19902557929011,137.35888626647238,0.8695652173913043,0.007672242443684652,0.04504116357547111
LSTM_LOCAL,Day 1,Invierno,Zona Central,Primavera,pfv_jose_soler_mallafre,0.184837444561638,0.09405848478127155,38.30230962297965,88.66587209002287,0.9583333333333334,0.009772563736805752,0.016790408214789457
LSTM_LOCAL,Day 1,Otoño,Zona Central,Primavera,pfv_jose_soler_mallafre,0.4189570066218405,0.22122171793307643,137.15551829727423,189.18983503800558,0.5416666666666666,0.012792759266206604,0.1526702861682376
LSTM_LOCAL,Day 1,Primavera,Zona Central,Primavera,pfv_jose_soler_mallafre,0.22291755771592897,0.10727777520757324,88.8497465521537,140.0560199669025,0.875,0.007335618673823774,0.04191201743475783
LSTM_LOCAL,Day 1,Verano,Zona Central,Primavera,pfv_jose_soler_mallafre,0.37152306444429406,0.2677672502274315,92.18013444811021,146.08569864444974,0.625,0.026650066192572316,0.036016156047116984
LSTM_LOCAL,7-Day Rollout,Raw,Zona Central,Primavera,pfv_jose_soler_mallafre,0.48294635192431656,0.25218863403640723,131.952858491467,171.47068161878042,0.5748502994011976,0.014113133738579335,0.18992439319418314
LSTM_LOCAL,7-Day Rollout,Invierno,Zona Central,Primavera,pfv_jose_soler_mallafre,0.21173186823949877,0.11855747491368415,57.76820919549366,127.16516358490418,0.9166666666666666,0.009209125909768816,0.012725663886646466
LSTM_LOCAL,7-Day Rollout,Otoño,Zona Central,Primavera,pfv_jose_soler_mallafre,0.6060189245361288,0.375977485863711,120.60348343212077,146.2146684041631,0.5476190476190477,0.020820439850182094,0.275882374264741
LSTM_LOCAL,7-Day Rollout,Primavera,Zona Central,Primavera,pfv_jose_soler_mallafre,0.5011666743600207,0.26282352862853303,142.91110722652388,179.00533691547224,0.48214285714285715,0.01402587083418136,0.22213154915396965
LSTM_LOCAL,7-Day Rollout,Verano,Zona Central,Primavera,pfv_jose_soler_mallafre,0.46157510508825467,0.31605445212525884,108.46722258822727,166.40749324998404,0.5476190476190477,0.02476515605561699,0.10466748739903174
LSTM_LOCAL,Day 1,Raw,Zona Central,Primavera,pfv_villa_seca,1.4365726127946088,0.9595095822587609,180.45640387778937,147.69318893132117,0.5,0.04863367847865447,0.792893676207556
LSTM_LOCAL,Day 1,Invierno,Zona Central,Primavera,pfv_villa_seca,0.43245428238346745,0.23068586562627993,81.28465578202633,137.43224670114645,1.0,0.015733362902953255,0.02919942234698285
LSTM_LOCAL,Day 1,Otoño,Zona Central,Primavera,pfv_villa_seca,1.3530755393719522,0.9002589676335143,185.92858863644642,146.86162212213162,0.5833333333333334,0.04606634190131445,0.6328727402462391
LSTM_LOCAL,Day 1,Primavera,Zona Central,Primavera,pfv_villa_seca,1.4355044137983457,0.9588259382289834,180.97940064666886,147.5743225052944,0.5,0.04863665946177207,0.7856353562228225
LSTM_LOCAL,Day 1,Verano,Zona Central,Primavera,pfv_villa_seca,1.3798847359295996,0.8669855356371651,176.06876658458532,155.04654181011836,0.625,0.04449904911840955,0.49994461378082633
LSTM_LOCAL,7-Day Rollout,Raw,Zona Central,Primavera,pfv_villa_seca,1.4562824456963872,0.9600114286572318,185.97501407373576,150.84722528609322,0.20238095238095238,0.049534426187719444,0.8742627907935198
LSTM_LOCAL,7-Day Rollout,Invierno,Zona Central,Primavera,pfv_villa_seca,0.566912188678299,0.2763705200389787,155.9357278572113,189.27421052983235,0.4583333333333333,0.014993305242051932,0.1993465886039281
LSTM_LOCAL,7-Day Rollout,Otoño,Zona Central,Primavera,pfv_villa_seca,1.271212479436578,0.8355850276767298,184.48249072732074,149.13428283976904,0.14285714285714285,0.05234081252274336,0.643588102901274
LSTM_LOCAL,7-Day Rollout,Primavera,Zona Central,Primavera,pfv_villa_seca,1.4560387154880259,0.9599953056479406,185.91177073138485,150.8210780857036,0.16666666666666666,0.049700105863407125,0.8721856191321942
LSTM_LOCAL,7-Day Rollout,Verano,Zona Central,Primavera,pfv_villa_seca,1.291603805334168,0.8366472758404944,177.73869955829954,150.98961010503885,0.17261904761904762,0.048185892595456824,0.6567583424296799
LSTM_LOCAL,Day 1,Raw,Zona Central,Verano,alto_solar,0.8891102870864026,0.5940884440205991,116.66666666666667,0.0,1.0,0.0,0.20406600286563256
LSTM_LOCAL,Day 1,Invierno,Zona Central,Verano,alto_solar,0.751940927257,0.39523218883550726,73.46268330057572,108.81663181797492,1.0,0.034202299405781865,0.07639946562752213
LSTM_LOCAL,Day 1,Operational,Zona Central,Verano,alto_solar,1.3387473888648849,0.8193012437841389,163.61966276100912,148.9344890778727,0.5,0.044506067688053014,0.6162031109333231
LSTM_LOCAL,Day 1,Otoño,Zona Central,Verano,alto_solar,1.3153345015055362,0.7876822247344535,161.29099333155378,151.23909368553086,0.5,0.04302001187994999,0.5782643946348496
LSTM_LOCAL,Day 1,Primavera,Zona Central,Verano,alto_solar,1.0991728099353628,0.6730278588393048,195.0271494076745,163.07145536630122,0.4166666666666667,0.03369657776317278,0.6369150146057109
LSTM_LOCAL,Day 1,Verano,Zona Central,Verano,alto_solar,1.3387473888648849,0.8193012437841389,163.61966276100912,148.9344890778727,0.5,0.044506067688053014,0.6162031109333231
LSTM_LOCAL,7-Day Rollout,Raw,Zona Central,Verano,alto_solar,0.8827989406940491,0.5229731673080962,129.76190476190476,0.0,0.8154761904761905,0.0062454769741244875,0.12750582506663977
LSTM_LOCAL,7-Day Rollout,Invierno,Zona Central,Verano,alto_solar,0.7285858636999991,0.4153573357971687,100.23847653543558,249.44632343503721,0.9166666666666666,0.0173163695599994,0.10688935193338703
LSTM_LOCAL,7-Day Rollout,Operational,Zona Central,Verano,alto_solar,1.1508355124022707,0.6662325240544132,153.48319473826402,144.815441315326,0.5952380952380952,0.03946409234652362,0.3647985891149368
LSTM_LOCAL,7-Day Rollout,Otoño,Zona Central,Verano,alto_solar,1.1285806448066864,0.6520741167228802,152.36006857756323,142.22958019070018,0.5952380952380952,0.03935123637493235,0.3389704221550519
LSTM_LOCAL,7-Day Rollout,Primavera,Zona Central,Verano,alto_solar,0.9673325676506639,0.46120171600519133,195.5598323312631,209.142706919649,0.3392857142857143,0.023171171853872304,0.43335345426480454
LSTM_LOCAL,7-Day Rollout,Verano,Zona Central,Verano,alto_solar,1.1508355124022707,0.6662325240544132,153.48319473826402,144.815441315326,0.5952380952380952,0.03946409234652362,0.3647985891149368
LSTM_LOCAL,Day 1,Raw,Zona Central,Verano,chancon,0.3893395547805042,0.2728897708754327,101.0055803121437,43.10543156187687,0.9583333333333334,0.03923833995759197,0.09622200480650168
LSTM_LOCAL,Day 1,Invierno,Zona Central,Verano,chancon,0.5904757047501862,0.3289200049669792,67.96344904729725,125.43376718185904,0.7916666666666666,0.02353735034897303,0.06240295876826472
LSTM_LOCAL,Day 1,Otoño,Zona Central,Verano,chancon,1.1337746537645388,0.736556127051396,154.4393638366035,147.46623502999154,0.5416666666666666,0.03842014191686758,0.5861667202516401
LSTM_LOCAL,Day 1,Primavera,Zona Central,Verano,chancon,0.44548994381563334,0.2527703707261632,53.19557267406129,103.80869175100838,1.0,0.021457256434950982,0.04456132038418829
LSTM_LOCAL,Day 1,Verano,Zona Central,Verano,chancon,0.3932462410448784,0.27934918583681184,101.38030878407929,43.5396204022407,0.875,0.039735674904659395,0.09531756566526998
LSTM_LOCAL,7-Day Rollout,Raw,Zona Central,Verano,chancon,0.6509235161884089,0.4882392980199213,118.81271625026446,70.89261586037813,0.7559523809523809,0.047066953599780734,0.09540323291437838
LSTM_LOCAL,7-Day Rollout,Invierno,Zona Central,Verano,chancon,0.34313252596788735,0.15951621606964614,68.88124637920934,188.80132306738926,0.9642857142857143,0.009087132452070061,0.03147427910487297
LSTM_LOCAL,7-Day Rollout,Otoño,Zona Central,Verano,chancon,1.1937530127438996,0.774172332697877,169.84436615695498,148.81823549704058,0.4226190476190476,0.03991065477451208,0.6588806555526118
LSTM_LOCAL,7-Day Rollout,Primavera,Zona Central,Verano,chancon,0.7594050026644756,0.3996192590954403,116.50586664521387,220.71959991174893,0.7678571428571429,0.01719803125136726,0.26341184567950443
LSTM_LOCAL,7-Day Rollout,Verano,Zona Central,Verano,chancon,0.6498077661545273,0.48811786354053766,118.82454058064282,70.77092468122717,0.7440476190476191,0.04730779257841365,0.09407064929698777
LSTM_LOCAL,Day 1,Raw,Zona Central,Verano,chimbarongo,0.8091770914251618,0.5493016314382354,136.89135684056933,268.973989478974,0.375,0.05880838059820235,0.1659626370451104
LSTM_LOCAL,Day 1,Invierno,Zona Central,Verano,chimbarongo,0.20405122559964736,0.10284688900234566,53.60634577947751,70.05566978515776,1.0,0.013399468194378037,0.06548226367558534
LSTM_LOCAL,Day 1,Otoño,Zona Central,Verano,chimbarongo,1.294326736877706,0.860122129204683,178.65110114032825,142.67243079736397,0.08333333333333333,0.04523704508222484,0.6318852851283735
LSTM_LOCAL,Day 1,Primavera,Zona Central,Verano,chimbarongo,0.10929352621898512,0.06917193996882058,45.042395217620815,57.979522717486674,1.0,0.009425183331668072,0.06193896046956416
LSTM_LOCAL,Day 1,Verano,Zona Central,Verano,chimbarongo,0.7632162713855154,0.5252794441767037,136.7424667050649,254.78270547079768,0.375,0.05752640659144769,0.1601898767286913
LSTM_LOCAL,7-Day Rollout,Raw,Zona Central,Verano,chimbarongo,0.8615317164500446,0.624802377242737,122.50341426770905,111.8772158626472,0.4642857142857143,0.0797946685966833,0.17667347696517388
LSTM_LOCAL,7-Day Rollout,Invierno,Zona Central,Verano,chimbarongo,0.34021152532021337,0.17474399425061296,96.29563638112751,325.39774011606227,0.8154761904761905,0.01418605457677889,0.06747661719900003
LSTM_LOCAL,7-Day Rollout,Otoño,Zona Central,Verano,chimbarongo,1.2109519417715853,0.8089374844988372,182.5632879364026,143.13699924294914,0.023809523809523808,0.04730733483598707,0.5990640224509468
LSTM_LOCAL,7-Day Rollout,Primavera,Zona Central,Verano,chimbarongo,0.6793740811235905,0.2697723476547651,173.49375097854264,236.86411294670694,0.1488095238095238,0.01485881109507092,0.24763876081698402
LSTM_LOCAL,7-Day Rollout,Verano,Zona Central,Verano,chimbarongo,0.8196812119727772,0.5941687990327322,122.39188649070454,106.50696116214256,0.4642857142857143,0.07842676503158233,0.16697046108096678
LSTM_LOCAL,Day 1,Raw,Zona Central,Verano,don_eugenio,0.4297134767210604,0.29108301194598124,93.6114339068879,50.115242500387915,1.0,0.03324150153518227,0.07360638110815981
LSTM_LOCAL,Day 1,Invierno,Zona Central,Verano,don_eugenio,0.6305200264085346,0.3557600279309554,69.26582608841034,108.40865892837147,0.7916666666666666,0.02837099902559809,0.07993101220369381
LSTM_LOCAL,Day 1,Otoño,Zona Central,Verano,don_eugenio,1.3527777067152569,0.8867696197121404,131.6379012492503,130.72128753565772,0.5833333333333334,0.04999772054434289,0.5373742874003559
LSTM_LOCAL,Day 1,Primavera,Zona Central,Verano,don_eugenio,0.5722116850606193,0.32040669427563745,50.10550382623378,113.85553421597731,0.9583333333333334,0.02512884810566902,0.08192399479448802
LSTM_LOCAL,Day 1,Verano,Zona Central,Verano,don_eugenio,0.4353464157774317,0.29487606743350625,93.76581338593611,50.772958055566505,1.0,0.03321733075038841,0.07369683663516002
LSTM_LOCAL,7-Day Rollout,Raw,Zona Central,Verano,don_eugenio,0.7689953061194166,0.535173764317239,108.0341837287585,78.3960099606845,0.8392857142857143,0.04226361664848335,0.08762904167652867
LSTM_LOCAL,7-Day Rollout,Invierno,Zona Central,Verano,don_eugenio,0.3965532891936476,0.2177669219614429,78.2263996983089,179.56581033762205,0.8928571428571429,0.012470637268880378,0.04146501908875662
LSTM_LOCAL,7-Day Rollout,Otoño,Zona Central,Verano,don_eugenio,1.2839380022074254,0.8279037200848377,156.78268075272592,141.27193076120852,0.4642857142857143,0.04457206853989452,0.6362876684341288
LSTM_LOCAL,7-Day Rollout,Primavera,Zona Central,Verano,don_eugenio,1.0250599902885342,0.5831300997016937,124.74788126954839,173.59705013325166,0.6547619047619048,0.030612131675063985,0.4104471435943197
LSTM_LOCAL,7-Day Rollout,Verano,Zona Central,Verano,don_eugenio,0.7664988507833677,0.5329044355139383,107.9204512185479,78.14109246228692,0.8392857142857143,0.04207579530986768,0.08747225518811799
LSTM_LOCAL,Day 1,Raw,Zona Central,Verano,el_pilpen,0.5954604473969886,0.39324073127924447,113.15381987567189,52.24684924196122,1.0,0.044771324529241006,0.10403193614483834
LSTM_LOCAL,Day 1,Invierno,Zona Central,Verano,el_pilpen,0.5827728887891211,0.3380698556817758,58.366583492806136,99.34428433733315,0.9166666666666666,0.028852142712761028,0.03546325403246255
LSTM_LOCAL,Day 1,Otoño,Zona Central,Verano,el_pilpen,1.2427597920892532,0.8071961266541621,157.81923742355872,123.59231829679958,0.5833333333333334,0.048314937854835684,0.3737327821875321
LSTM_LOCAL,Day 1,Primavera,Zona Central,Verano,el_pilpen,1.0170844103594459,0.6107737312037594,196.60706503097785,166.233518682916,0.4583333333333333,0.0305828433209778,0.5775691740676393
LSTM_LOCAL,Day 1,Verano,Zona Central,Verano,el_pilpen,0.5937416907963182,0.39243851659800083,113.0965456922701,52.0930659744258,1.0,0.04477681483670798,0.1036171583747395
LSTM_LOCAL,7-Day Rollout,Raw,Zona Central,Verano,el_pilpen,0.6754573585846091,0.46764765786585205,110.09528664026296,57.36256075942272,0.9940476190476191,0.044338714020791585,0.1331279229551696
LSTM_LOCAL,7-Day Rollout,Invierno,Zona Central,Verano,el_pilpen,0.5844073163700316,0.3386354482790488,75.35052104093458,241.25009018043406,0.8988095238095238,0.018367660973553072,0.061806823446418795
LSTM_LOCAL,7-Day Rollout,Otoño,Zona Central,Verano,el_pilpen,1.2095541085370014,0.7870730283537428,160.81155872194282,129.7699302900191,0.5595238095238095,0.04650485669642963,0.40398831814095293
LSTM_LOCAL,7-Day Rollout,Primavera,Zona Central,Verano,el_pilpen,1.088619217119052,0.5585908248902429,194.45572547069628,194.68366662266504,0.4523809523809524,0.028007273200061415,0.5288207484101003
LSTM_LOCAL,7-Day Rollout,Verano,Zona Central,Verano,el_pilpen,0.6728805827307675,0.46608880689720256,110.05377035022408,57.14330224287099,0.9940476190476191,0.044357677081379186,0.13255851743064193
LSTM_LOCAL,Day 1,Raw,Zona Central,Verano,el_roble,2.2886175180510904,1.9580451709528763,154.97652992423534,142.94071926663722,0.75,0.11223204402873914,0.5531139473741259
LSTM_LOCAL,Day 1,Invierno,Zona Central,Verano,el_roble,2.5370353028773156,1.4919886654630925,89.88633840944826,145.90456087253855,0.9583333333333334,0.08694160373415798,0.20642473631693684
LSTM_LOCAL,Day 1,Otoño,Zona Central,Verano,el_roble,4.293981057100444,2.8255746637599564,195.81581890870055,150.68864261513798,0.5,0.1424785897125427,2.4542354691163077
LSTM_LOCAL,Day 1,Primavera,Zona Central,Verano,el_roble,2.4843344999977743,1.3430026756444324,75.24606230458782,144.73592256393198,1.0,0.0858230097956645,0.34583549063730396
LSTM_LOCAL,Day 1,Verano,Zona Central,Verano,el_roble,2.2866993610868493,1.9589173831045628,155.00608141268575,142.8209164887714,0.75,0.11068697640051445,0.5521876365567252
LSTM_LOCAL,7-Day Rollout,Raw,Zona Central,Verano,el_roble,3.1322777415987586,2.469335188070545,144.72005468744464,115.79083852311145,0.4880952380952381,0.3068072986943575,0.6367240236074959
LSTM_LOCAL,7-Day Rollout,Invierno,Zona Central,Verano,el_roble,1.5537192745394013,0.6872674107806537,85.6009487736289,202.456274013486,0.9642857142857143,0.038371724514595806,0.12895173786305034
LSTM_LOCAL,7-Day Rollout,Otoño,Zona Central,Verano,el_roble,3.852071864799364,2.4171501998557092,191.4603749322052,158.48566742147685,0.18452380952380953,0.12785744953232092,2.166807710019252
LSTM_LOCAL,7-Day Rollout,Primavera,Zona Central,Verano,el_roble,3.0321430048380105,1.5064964793952338,161.6037014707638,196.93868658673642,0.4880952380952381,0.07745175351401919,1.293027622093775
LSTM_LOCAL,7-Day Rollout,Verano,Zona Central,Verano,el_roble,3.139273991449896,2.4665067444768196,144.81447653008962,116.04927143040133,0.48214285714285715,0.3081216760374185,0.6395214716974374
LSTM_LOCAL,Day 1,Raw,Zona Central,Verano,el_sauce,1.1386702481314084,0.6618399492775401,143.0814450971738,205.7247168122592,0.2916666666666667,0.10898665666269759,0.1958480729876709
LSTM_LOCAL,Day 1,Invierno,Zona Central,Verano,el_sauce,0.6607924553514224,0.36107869434636086,67.051259147616,126.29806684177187,0.8333333333333334,0.02616003838678201,0.06486806086419773
LSTM_LOCAL,Day 1,Otoño,Zona Central,Verano,el_sauce,1.3465639922408172,0.8778532192748875,179.44697098267568,143.47374529316187,0.5416666666666666,0.04656844257873066,0.6257533295115838
LSTM_LOCAL,Day 1,Primavera,Zona Central,Verano,el_sauce,0.5751273254131305,0.27834171073724673,48.653093636087405,123.9988542007428,0.9166666666666666,0.02319083225083887,0.08042925419649695
LSTM_LOCAL,Day 1,Verano,Zona Central,Verano,el_sauce,0.9059226878849471,0.6119631606464585,145.96734188553378,163.67397736506356,0.2916666666666667,0.10069431161197523,0.14521662988699988
LSTM_LOCAL,7-Day Rollout,Raw,Zona Central,Verano,el_sauce,0.8595822421006033,0.6170266215818369,130.4009023429086,99.06776495700751,0.40476190476190477,0.07956501036044626,0.1607963298456093
LSTM_LOCAL,7-Day Rollout,Invierno,Zona Central,Verano,el_sauce,0.3962628240862527,0.1867687770338085,74.99084874862238,194.79022661103878,0.9583333333333334,0.01017152736511567,0.034548503731244594
LSTM_LOCAL,7-Day Rollout,Otoño,Zona Central,Verano,el_sauce,1.2515920592161867,0.7874120707424372,177.7275168707325,149.22279442585958,0.26785714285714285,0.04241731944872203,0.5641417263602918
LSTM_LOCAL,7-Day Rollout,Primavera,Zona Central,Verano,el_sauce,0.9306821537003614,0.4286181184655843,158.6701362844232,215.780164589411,0.4107142857142857,0.021708993500578803,0.35712621166946645
LSTM_LOCAL,7-Day Rollout,Verano,Zona Central,Verano,el_sauce,0.8526278122522478,0.6440666271394418,133.52770833390127,98.26585829001479,0.4107142857142857,0.08140299108653423,0.14378111085066594
LSTM_LOCAL,Day 1,Raw,Zona Central,Verano,la_acacia,0.32165879331028113,0.19870355694244304,91.66666666666666,0.0,1.0,0.0,0.07901548789814121
LSTM_LOCAL,Day 1,Invierno,Zona Central,Verano,la_acacia,0.30508426203549555,0.15500881358510318,54.79724752074956,83.83508948731935,1.0,0.018195499277283034,0.04289987295315242
LSTM_LOCAL,Day 1,Operational,Zona Central,Verano,la_acacia,0.9356945577602719,0.6981536926080784,100.1047557338804,33.541087420220286,0.5833333333333334,0.1847824740844468,0.23408942989384154
LSTM_LOCAL,Day 1,Otoño,Zona Central,Verano,la_acacia,3.2005722994914563,2.061565558988756,173.0469977751164,145.93535661417684,0.125,0.1119333443726646,1.667021303019525
LSTM_LOCAL,Day 1,Primavera,Zona Central,Verano,la_acacia,0.7711589327628197,0.3797962101743906,53.28647969365781,269.50954998913994,1.0,0.014306708849350494,0.13517318480771803
LSTM_LOCAL,Day 1,Verano,Zona Central,Verano,la_acacia,0.9356945577602719,0.6981536926080784,100.1047557338804,33.541087420220286,0.5833333333333334,0.1847824740844468,0.23408942989384154
LSTM_LOCAL,7-Day Rollout,Raw,Zona Central,Verano,la_acacia,0.32453669619029035,0.17968111070721143,92.85714285714286,0.0,1.0,0.0,0.04146015144485452
LSTM_LOCAL,7-Day Rollout,Invierno,Zona Central,Verano,la_acacia,0.6484993146556515,0.3689982020630066,91.27863503295569,144.13431427583527,0.9468085106382979,0.02249635410949381,0.08353907132934052
LSTM_LOCAL,7-Day Rollout,Operational,Zona Central,Verano,la_acacia,1.5049081929630999,0.9852045918828697,108.28212945944674,58.779321807827486,0.5297619047619048,0.21075356421968625,0.38547277552016124
LSTM_LOCAL,7-Day Rollout,Otoño,Zona Central,Verano,la_acacia,2.8932326851970225,1.751927605103057,186.51495743574944,160.83612493267222,0.017857142857142856,0.10764374082653896,1.496027652117369
LSTM_LOCAL,7-Day Rollout,Primavera,Zona Central,Verano,la_acacia,1.6793160343899791,0.9391849174715476,63.531707482446095,138.88354101498027,0.8214285714285714,0.06045770514336342,0.2847400803815098
LSTM_LOCAL,7-Day Rollout,Verano,Zona Central,Verano,la_acacia,1.5049081929630999,0.9852045918828697,108.28212945944674,58.779321807827486,0.5297619047619048,0.21075356421968625,0.38547277552016124
LSTM_LOCAL,Day 1,Raw,Zona Central,Verano,la_blanquina,1.0524212995086528,0.6707587983109988,116.66666666666667,12190.665989862604,0.625,0.05562536466653304,0.08357204802547745
LSTM_LOCAL,Day 1,Invierno,Zona Central,Verano,la_blanquina,1.7551912245249528,1.014843259123154,60.907163260172034,107.24460303586851,0.7916666666666666,0.07755906927438143,0.3201718925013362
LSTM_LOCAL,Day 1,Operational,Zona Central,Verano,la_blanquina,1.542245573057083,0.9454042278618241,44.14440918223492,72.81975237444384,0.9583333333333334,0.09878071796265431,0.08440128744696274
LSTM_LOCAL,Day 1,Otoño,Zona Central,Verano,la_blanquina,1.542245573057083,0.9454042278618241,44.14440918223492,72.81975237444384,0.9583333333333334,0.09878071796265431,0.08440128744696274
LSTM_LOCAL,Day 1,Primavera,Zona Central,Verano,la_blanquina,3.50779583025465,2.1660080414912954,171.83306631017228,161.4517604294394,0.4583333333333333,0.1085703456871367,2.036020174053071
LSTM_LOCAL,Day 1,Verano,Zona Central,Verano,la_blanquina,1.143730526599774,1.0570728979073465,97.71372361806053,31.149784056724577,0.5,0.2216563218816494,0.24510481259009512
LSTM_LOCAL,7-Day Rollout,Raw,Zona Central,Verano,la_blanquina,1.6055224076214205,0.9501096704826479,72.5318321713453,137.01430930179984,0.7976190476190477,0.08219772448289968,0.13835466364211507
LSTM_LOCAL,7-Day Rollout,Invierno,Zona Central,Verano,la_blanquina,1.151759014605001,0.637316208416797,76.54942438442866,188.16781956695286,0.8095238095238095,0.05407415540694708,0.11206099179576309
LSTM_LOCAL,7-Day Rollout,Operational,Zona Central,Verano,la_blanquina,1.4284806525765048,0.8422824316661545,76.60781886828696,129.19949430488737,0.7976190476190477,0.08874515463472303,0.1322707642975557
LSTM_LOCAL,7-Day Rollout,Otoño,Zona Central,Verano,la_blanquina,1.4284806525765048,0.8422824316661545,76.60781886828696,129.19949430488737,0.7976190476190477,0.08874515463472303,0.1322707642975557
LSTM_LOCAL,7-Day Rollout,Primavera,Zona Central,Verano,la_blanquina,2.8302799106385286,1.3367293365665232,179.35614605345782,211.28072482270196,0.35714285714285715,0.06740331972406628,1.2541270793398283
LSTM_LOCAL,7-Day Rollout,Verano,Zona Central,Verano,la_blanquina,2.1145911376598656,1.6372456653487115,115.94319326714786,74.38275672201297,0.39880952380952384,0.39865026330309256,0.29520086003910945
LSTM_LOCAL,Day 1,Raw,Zona Central,Verano,la_frontera,0.6033871412140088,0.37803236683491076,85.53588381418479,69.59169177418549,0.9583333333333334,0.04071015328651508,0.06364081042956975
LSTM_LOCAL,Day 1,Invierno,Zona Central,Verano,la_frontera,1.3458251058872104,0.6436732330184896,55.231515376672,126.26432718954015,0.8333333333333334,0.052889055120855726,0.34537104255044443
LSTM_LOCAL,Day 1,Otoño,Zona Central,Verano,la_frontera,2.13684614471184,1.320926478326631,138.61034651860192,143.3489795977506,0.5833333333333334,0.07375426780781709,0.828812120872317
LSTM_LOCAL,Day 1,Primavera,Zona Central,Verano,la_frontera,1.720649324407356,1.0235626137313136,173.84562029971093,167.98455146727466,0.375,0.05121456304410005,0.970208303215412
LSTM_LOCAL,Day 1,Verano,Zona Central,Verano,la_frontera,0.7460250769453632,0.4655387641998659,101.0826016702406,86.43614294735922,0.9583333333333334,0.04147378182280794,0.04693067062869687
LSTM_LOCAL,7-Day Rollout,Raw,Zona Central,Verano,la_frontera,1.1833599435639184,0.678244841561354,119.70283541420379,111.70735682485011,0.7738095238095238,0.05223894402357259,0.12425498923759172
LSTM_LOCAL,7-Day Rollout,Invierno,Zona Central,Verano,la_frontera,0.8333500294411047,0.40465137915291616,75.01920243489485,204.3548049950052,0.8571428571428571,0.024343613456042454,0.10681424868628749
LSTM_LOCAL,7-Day Rollout,Otoño,Zona Central,Verano,la_frontera,2.084711611405596,1.301601779298965,169.56523718219597,145.14865669793832,0.27976190476190477,0.07259824558930719,0.8751589170638215
LSTM_LOCAL,7-Day Rollout,Primavera,Zona Central,Verano,la_frontera,1.5536423396798202,0.7343715643331408,191.72374845027147,211.48264366238897,0.13690476190476192,0.03684063017548505,0.6961952492228195
LSTM_LOCAL,7-Day Rollout,Verano,Zona Central,Verano,la_frontera,1.1444434845492042,0.6563520878208559,118.78376725490047,107.99806493263632,0.8035714285714286,0.05198375394170661,0.07481540440121058
LSTM_LOCAL,Day 1,Raw,Zona Central,Verano,la_manga_i,0.49411964028714556,0.2806910664561049,109.25010242585678,75.64826420490017,0.9166666666666666,0.025729804153767574,0.04872923265259795
LSTM_LOCAL,Day 1,Invierno,Zona Central,Verano,la_manga_i,0.6891602955135677,0.386552501731785,99.82839317177871,129.31880150048966,0.75,0.025474121472507254,0.0894567805104695
LSTM_LOCAL,Day 1,Otoño,Zona Central,Verano,la_manga_i,1.0512630754323264,0.6355543427731997,129.64342270465593,157.7157208954489,0.5,0.03300986958347494,0.5201496842685932
LSTM_LOCAL,Day 1,Primavera,Zona Central,Verano,la_manga_i,0.9266596514273586,0.5466940094027564,116.64605291540981,169.50034418645345,0.4166666666666667,0.0273350735920251,0.5193366421122411
LSTM_LOCAL,Day 1,Verano,Zona Central,Verano,la_manga_i,0.4941554175771734,0.28038302866722614,110.39022382511163,75.77715591860972,1.0,0.02528926986487932,0.04938151334038901
LSTM_LOCAL,7-Day Rollout,Raw,Zona Central,Verano,la_manga_i,0.5770355895579975,0.35637876374605115,117.76028195698065,88.03549557294009,0.5952380952380952,0.04333361742666114,0.07112033320859289
LSTM_LOCAL,7-Day Rollout,Invierno,Zona Central,Verano,la_manga_i,0.4220754552453443,0.20543920541679958,118.7148708378032,190.78212516227035,0.6071428571428571,0.019525212289397048,0.053362470781172275
LSTM_LOCAL,7-Day Rollout,Otoño,Zona Central,Verano,la_manga_i,0.9783471057800075,0.6040291894408126,171.996631327521,154.64704478165137,0.08928571428571429,0.038738212851759664,0.48842712393901216
LSTM_LOCAL,7-Day Rollout,Primavera,Zona Central,Verano,la_manga_i,0.7790250830015764,0.37256850263206126,187.5158604147551,209.09468837501234,0.05952380952380952,0.01863403419242231,0.3539097198428762
LSTM_LOCAL,7-Day Rollout,Verano,Zona Central,Verano,la_manga_i,0.5768782285216629,0.3614130738940212,118.18235229215534,88.02076431675913,0.5595238095238095,0.046959818286061404,0.0714234282080543
LSTM_LOCAL,Day 1,Raw,Zona Central,Verano,los_libertadores,3.11097910006774,2.0285295993089676,96.4684655077373,128.7059666718567,0.4166666666666667,0.12085605588120718,0.7056533538270742
LSTM_LOCAL,Day 1,Invierno,Zona Central,Verano,los_libertadores,0.18709724120301213,0.0985807500158747,66.66666666666666,0.0,1.0,0.0,0.02011753713401657
LSTM_LOCAL,Day 1,Operational,Zona Central,Verano,los_libertadores,2.170481266093533,1.3227278211464484,87.00084021656616,86.05370346029295,0.7916666666666666,0.11856012012188634,0.12472857707180092
LSTM_LOCAL,Day 1,Otoño,Zona Central,Verano,los_libertadores,3.4223013683566306,2.112301179052641,151.19219344412141,153.40481433343774,0.375,0.1114540009914587,1.6771089312892098
LSTM_LOCAL,Day 1,Primavera,Zona Central,Verano,los_libertadores,2.892936544830494,1.6208723803671699,89.63546885203782,164.65068816365746,0.5416666666666666,0.08785072741253923,1.1602129853718604
LSTM_LOCAL,Day 1,Verano,Zona Central,Verano,los_libertadores,2.170481266093533,1.3227278211464484,87.00084021656616,86.05370346029295,0.7916666666666666,0.11856012012188634,0.12472857707180092
LSTM_LOCAL,7-Day Rollout,Raw,Zona Central,Verano,los_libertadores,3.55213685917786,2.290306286232191,107.33059848574375,144.1649504630326,0.5416666666666666,0.1231969645801222,1.2255996549779193
LSTM_LOCAL,7-Day Rollout,Invierno,Zona Central,Verano,los_libertadores,1.1100275617317616,0.33061628457172026,68.51109836313728,373.14218893437186,0.8928571428571429,0.014874055985223815,0.25159235018126236
LSTM_LOCAL,7-Day Rollout,Operational,Zona Central,Verano,los_libertadores,3.008821027954109,1.8960362216457725,125.37185386164312,120.16252141417536,0.35119047619047616,0.12413975105820489,0.5900622147623272
LSTM_LOCAL,7-Day Rollout,Otoño,Zona Central,Verano,los_libertadores,3.373629425846049,2.0834495156610457,188.2938812259459,159.5126639248158,0.05357142857142857,0.10788757249322749,1.910489250782886
LSTM_LOCAL,7-Day Rollout,Primavera,Zona Central,Verano,los_libertadores,2.8488576294205536,1.5137085038181664,91.3156168122744,178.3071754896871,0.5535714285714286,0.07988623064654304,1.205285507204061
LSTM_LOCAL,7-Day Rollout,Verano,Zona Central,Verano,los_libertadores,3.008821027954109,1.8960362216457725,125.37185386164312,120.16252141417536,0.35119047619047616,0.12413975105820489,0.5900622147623272
LSTM_LOCAL,Day 1,Raw,Zona Central,Verano,los_patos,0.0,0.0,0.0,0.0,1.0,0.0,0.0018291887982438025
LSTM_LOCAL,Day 1,Invierno,Zona Central,Verano,los_patos,0.7026459579534151,0.36623592721298337,77.29437424520957,175.61571910393778,0.625,0.020005212561227382,0.22025261402595786
LSTM_LOCAL,Day 1,Operational,Zona Central,Verano,los_patos,0.9763922628812169,0.633403928950429,79.85893243624537,72.66655034714142,0.8333333333333334,0.06520247060495118,0.1267328741339346
LSTM_LOCAL,Day 1,Otoño,Zona Central,Verano,los_patos,1.271464783088997,0.8298682926494317,112.84434835641903,118.6775511426887,0.5833333333333334,0.053344289707213964,0.1998844203936945
LSTM_LOCAL,Day 1,Primavera,Zona Central,Verano,los_patos,0.9068832515322053,0.5239404347559381,108.237963825462,173.05093774421866,0.5,0.026202708054582524,0.4974470115975398
LSTM_LOCAL,Day 1,Verano,Zona Central,Verano,los_patos,0.9763922628812169,0.633403928950429,79.85893243624537,72.66655034714142,0.8333333333333334,0.06520247060495118,0.1267328741339346
LSTM_LOCAL,7-Day Rollout,Raw,Zona Central,Verano,los_patos,0.0,0.0,0.0,0.0,1.0,0.0,0.002353813404763408
LSTM_LOCAL,7-Day Rollout,Invierno,Zona Central,Verano,los_patos,0.3115292478200137,0.10250078730348919,53.71141323053303,290.0050683767545,0.75,0.005371100056349644,0.07322135920559439
LSTM_LOCAL,7-Day Rollout,Operational,Zona Central,Verano,los_patos,1.6175198814496459,1.0696307048949945,132.44377536745796,129.65664451401454,0.5119047619047619,0.06173202495390018,0.8500936059828659
LSTM_LOCAL,7-Day Rollout,Otoño,Zona Central,Verano,los_patos,1.4359238050424443,0.9344056430340321,126.35138968795619,137.01516659880767,0.5059523809523809,0.0522703620646661,0.6145659981188493
LSTM_LOCAL,7-Day Rollout,Primavera,Zona Central,Verano,los_patos,0.9650572815140922,0.43693381719916013,92.8205515804096,220.86236212454858,0.5476190476190477,0.021847516761488217,0.409175316893377
LSTM_LOCAL,7-Day Rollout,Verano,Zona Central,Verano,los_patos,1.6175198814496459,1.0696307048949945,132.44377536745796,129.65664451401454,0.5119047619047619,0.06173202495390018,0.8500936059828659
LSTM_LOCAL,Day 1,Raw,Zona Central,Verano,peralillo,0.6675035811858089,0.4439396191649318,181.9384602686541,146.96086182680125,0.5416666666666666,0.022710249956634242,0.3349893895798061
LSTM_LOCAL,Day 1,Invierno,Zona Central,Verano,peralillo,0.7783325073508536,0.4770096407210076,174.71411270708987,155.72778257340025,1.0,0.024990162143482552,0.12479744465214643
LSTM_LOCAL,Day 1,Otoño,Zona Central,Verano,peralillo,1.589224141194663,1.0668445818591863,186.43451319289767,146.52742975506428,0.5416666666666666,0.054229578170149284,0.8049875959327132
LSTM_LOCAL,Day 1,Primavera,Zona Central,Verano,peralillo,1.0443948524154727,0.6094417975748408,199.54905474517517,171.3602436147738,0.5,0.030473662688158976,0.5785888028721385
LSTM_LOCAL,Day 1,Verano,Zona Central,Verano,peralillo,0.6675014857780794,0.44384258947286526,182.38275275050893,146.96604689530685,0.5416666666666666,0.02270937743374096,0.33497941840352236
LSTM_LOCAL,7-Day Rollout,Raw,Zona Central,Verano,peralillo,1.4861210770542768,0.9752220021306263,188.03437201929393,151.11751906342363,0.34523809523809523,0.05080981795195004,0.8228585301040852
LSTM_LOCAL,7-Day Rollout,Invierno,Zona Central,Verano,peralillo,0.405172384757316,0.19141879163098402,167.93698839605844,229.1423461332038,0.9404761904761905,0.008926165397455964,0.07792863186348657
LSTM_LOCAL,7-Day Rollout,Otoño,Zona Central,Verano,peralillo,1.4840907646433341,1.001462631032891,183.38340798909022,146.56509329961233,0.4226190476190476,0.05623657528194599,0.6782273418355976
LSTM_LOCAL,7-Day Rollout,Primavera,Zona Central,Verano,peralillo,1.004123177847345,0.46196488180563716,197.8986281821233,217.37383230125263,0.49404761904761907,0.02310575652627507,0.43848526906958085
LSTM_LOCAL,7-Day Rollout,Verano,Zona Central,Verano,peralillo,1.4868068692622955,0.9753344668874198,188.00336819405518,151.18572123457082,0.34523809523809523,0.0508612860676713,0.8268209071925842
LSTM_LOCAL,Day 1,Raw,Zona Central,Verano,pfv_marchigue_ii,2.4152342301811007,1.8054357481499512,117.32635382949283,64.93289804267874,1.0,0.1351649720221758,0.19129501531521495
LSTM_LOCAL,Day 1,Invierno,Zona Central,Verano,pfv_marchigue_ii,2.6300579310228676,1.5933744010981172,89.45293740808272,129.49008675345559,0.7083333333333334,0.10000352192049226,0.7032719256045917
LSTM_LOCAL,Day 1,Otoño,Zona Central,Verano,pfv_marchigue_ii,5.156149137334846,3.4704134117540284,184.66427677855927,141.3889257342149,0.4166666666666667,0.17955496710783336,2.803019299789836
LSTM_LOCAL,Day 1,Primavera,Zona Central,Verano,pfv_marchigue_ii,2.5190517258382816,1.5015326871847112,68.03735442456248,99.0266275757674,0.875,0.1258081189589575,0.2391961867998665
LSTM_LOCAL,Day 1,Verano,Zona Central,Verano,pfv_marchigue_ii,2.4152233359187854,1.806405780216058,117.3186952254363,64.93260515347762,1.0,0.13515859370430314,0.19161028303205985
LSTM_LOCAL,7-Day Rollout,Raw,Zona Central,Verano,pfv_marchigue_ii,2.586916538384787,1.9816268977969884,127.78318690454262,77.88720512373547,0.808,0.13499682249799372,0.31903076435253036
LSTM_LOCAL,7-Day Rollout,Invierno,Zona Central,Verano,pfv_marchigue_ii,1.6474550037223377,0.8372276392377292,99.60479451423274,183.59064560105293,0.7559523809523809,0.07545432502575707,0.28668351385221336
LSTM_LOCAL,7-Day Rollout,Otoño,Zona Central,Verano,pfv_marchigue_ii,4.740018553642487,3.1582936383125517,184.11044993069322,142.76010584695803,0.3392857142857143,0.1658335194940654,2.6600517153906584
LSTM_LOCAL,7-Day Rollout,Primavera,Zona Central,Verano,pfv_marchigue_ii,3.068651071221642,1.507213924640835,168.90145337204902,183.2424772258584,0.44047619047619047,0.09211159705792508,1.155118069002844
LSTM_LOCAL,7-Day Rollout,Verano,Zona Central,Verano,pfv_marchigue_ii,2.660363664078167,2.0457032512147295,123.59970032860579,75.61304094761545,0.7966101694915254,0.14281628396819837,0.3314872077831969
LSTM_LOCAL,Day 1,Raw,Zona Sur,Invierno,las_codornices,0.7549325670198919,0.5689069533643002,151.4762489265382,112.73147166067513,0.9583333333333334,0.03348366502711239,0.23253022966867642
LSTM_LOCAL,Day 1,Invierno,Zona Sur,Invierno,las_codornices,0.7591629816300809,0.5832146311489245,151.09691523732087,113.39164572790654,1.0,0.03347526075473676,0.24270521817573676
LSTM_LOCAL,Day 1,Otoño,Zona Sur,Invierno,las_codornices,1.6343371610149924,1.1077924281319913,189.50606378111067,146.8074531399571,0.4166666666666667,0.05556764224990427,0.9870294985390501
LSTM_LOCAL,Day 1,Primavera,Zona Sur,Invierno,las_codornices,0.4869628602277931,0.36767224892779876,142.05203291628018,130.11303016980398,1.0,0.01871307045851912,0.2407191907303061
LSTM_LOCAL,Day 1,Verano,Zona Sur,Invierno,las_codornices,1.2231091668808722,1.136081270718326,105.92965253725468,82.53197508017084,0.9583333333333334,0.06908757588050018,0.5099009497634449
LSTM_LOCAL,7-Day Rollout,Raw,Zona Sur,Invierno,las_codornices,0.9243325668533238,0.5392240368216464,175.43234593144555,166.7766988487599,0.375,0.02852718838954128,0.4479372867488045
LSTM_LOCAL,7-Day Rollout,Invierno,Zona Sur,Invierno,las_codornices,0.9207146370146583,0.5411416889588249,174.38907151709492,166.14268255443795,0.375,0.029186802583093856,0.43764887743368286
LSTM_LOCAL,7-Day Rollout,Otoño,Zona Sur,Invierno,las_codornices,1.5246410379703437,1.0148897042513236,188.88096989340391,149.52912220833844,0.24404761904761904,0.056209618855064036,0.87094107338368
LSTM_LOCAL,7-Day Rollout,Primavera,Zona Sur,Invierno,las_codornices,0.56644119303056,0.40331292603135743,148.5074703737209,148.04519252196562,0.5059523809523809,0.051637816382926915,0.12008428438928834
LSTM_LOCAL,7-Day Rollout,Verano,Zona Sur,Invierno,las_codornices,1.8513967527965098,1.5424761845830464,112.39419555074208,153.22893631779095,0.4523809523809524,0.8023118479053036,0.3739053733073133
NHITS,Day 1,Raw,Norte Chico,Invierno,canesa_solar_i,0.003104855490631131,0.00155698802943031,83.33333333333334,0.0,0.3333333333333333,0.003913251512373487,0.00012991200977315517
NHITS,Day 1,Raw,Norte Chico,Invierno,chalinga_solar,0.8789085191423469,0.526983153327213,116.82377770648682,166.56927267114992,0.125,0.028664434801127448,0.49936837519150384
NHITS,Day 1,Invierno,Norte Chico,Invierno,chalinga_solar,0.7409166306516638,0.5893857409828342,162.3816949894584,139.3338763109872,0.0,0.1977784611294434,0.3933037226039839
NHITS,Day 1,Otoño,Norte Chico,Invierno,chalinga_solar,0.8701904626968099,0.6930066819962425,154.0602236077235,128.95226059939856,0.041666666666666664,0.17905253764765802,0.5145390748405286
NHITS,Day 1,Primavera,Norte Chico,Invierno,chalinga_solar,1.1413193842631852,0.8209516127438595,175.20272072349508,144.1156464598683,0.0,0.15079287496628238,0.6703335166016283
NHITS,Day 1,Verano,Norte Chico,Invierno,chalinga_solar,1.4401915679067638,1.0791411276635092,164.53260146576898,131.26911571953625,0.041666666666666664,0.13850602349169397,0.9409285553158648
NHITS,7-Day Rollout,Raw,Norte Chico,Invierno,chalinga_solar,0.988719302203144,0.5989499114519363,134.6799524371389,165.01625711518258,0.19047619047619047,0.030923312859059,0.5684078919971226
NHITS,7-Day Rollout,Invierno,Norte Chico,Invierno,chalinga_solar,0.8475849262628025,0.6467947941474406,163.77520084026796,141.92456972411756,0.017857142857142856,0.1845102604359064,0.4631053380545165
NHITS,7-Day Rollout,Otoño,Norte Chico,Invierno,chalinga_solar,0.8534873470248429,0.6772393840230487,156.6779963797508,130.29822484212667,0.03571428571428571,0.17339732486118783,0.5039513460165254
NHITS,7-Day Rollout,Primavera,Norte Chico,Invierno,chalinga_solar,1.1115607631558342,0.782783138319874,173.18123273677907,146.3340936827756,0.005952380952380952,0.1372673487150472,0.6453132985679888
NHITS,7-Day Rollout,Verano,Norte Chico,Invierno,chalinga_solar,1.3792891213452765,1.0059098524112156,162.1241085618048,134.7955951286862,0.041666666666666664,0.12544973864115447,0.8804011258204851
NHITS,Day 1,Raw,Norte Chico,Invierno,illapel_5x,0.9276772311714601,0.5338746746613955,115.1986465163318,173.52154838950432,0.125,0.028955092232596753,0.5059978902980219
NHITS,Day 1,Invierno,Norte Chico,Invierno,illapel_5x,0.8274606723183096,0.5710006036873286,168.6370561662284,154.7997406543974,0.0,0.14145263342458445,0.43047305030631833
NHITS,Day 1,Otoño,Norte Chico,Invierno,illapel_5x,0.9046246931886025,0.7060927420097869,150.60298297809166,128.7652423453159,0.041666666666666664,0.17220353150381318,0.5344693311514371
NHITS,Day 1,Primavera,Norte Chico,Invierno,illapel_5x,1.2901606322018506,0.9200043028686196,176.64988418959925,144.39127219031772,0.0,0.1539628926082514,0.7662155908027973
NHITS,Day 1,Verano,Norte Chico,Invierno,illapel_5x,1.6881547913989738,1.1319166630661357,179.57524166438225,148.9749426756674,0.0,0.11217741068707597,1.0187759198129376
NHITS,7-Day Rollout,Raw,Norte Chico,Invierno,illapel_5x,1.1561179558776769,0.69698734023921,141.98160694264362,165.81988418874332,0.1488095238095238,0.0358190482663937,0.6615753313462776
NHITS,7-Day Rollout,Invierno,Norte Chico,Invierno,illapel_5x,1.0552969738291929,0.7285774643461904,177.029359404853,151.3781297874727,0.005952380952380952,0.13574250835306537,0.5928112799682865
NHITS,7-Day Rollout,Otoño,Norte Chico,Invierno,illapel_5x,0.8304982490608862,0.6390878626530723,156.67985336924787,134.8066225528523,0.017857142857142856,0.17100127899093878,0.4682400791931304
NHITS,7-Day Rollout,Primavera,Norte Chico,Invierno,illapel_5x,1.2022948410374945,0.8230488558279787,173.71687131281337,150.55103683694023,0.005952380952380952,0.13938197285433812,0.6836832116039886
NHITS,7-Day Rollout,Verano,Norte Chico,Invierno,illapel_5x,1.4475844614268565,0.895140493483873,187.61055991225166,165.6696865073523,0.0,0.10246421613214245,0.7920412515041161
NHITS,Day 1,Raw,Norte Chico,Invierno,norte_chico_i,0.14611206969589868,0.08239295902846304,112.95497005566529,176.83274834588104,0.16666666666666666,0.005220637910315418,0.07788022369119668
NHITS,Day 1,Invierno,Norte Chico,Invierno,norte_chico_i,0.19981269620374797,0.16475217106441656,114.3857610599907,234.91631818340974,0.125,0.15024159994597236,0.015695650968700653
NHITS,Day 1,Otoño,Norte Chico,Invierno,norte_chico_i,1.028347339509463,0.714935210038675,164.07978854949488,142.9068363398416,0.041666666666666664,0.09377067645885594,0.6209981269421405
NHITS,Day 1,Primavera,Norte Chico,Invierno,norte_chico_i,0.2731284511258833,0.220175562844967,155.08419561044587,142.61573307439815,0.0,0.08674361034629781,0.13314586873706655
NHITS,Day 1,Verano,Norte Chico,Invierno,norte_chico_i,1.1772368573692944,0.8292014401910516,169.3921952532839,140.11908708605762,0.041666666666666664,0.07327784600493033,0.7558670915905775
NHITS,7-Day Rollout,Raw,Norte Chico,Invierno,norte_chico_i,0.2501912975493177,0.174305995322921,142.66190221698554,143.3008282234222,0.1810344827586207,0.009140867387806543,0.1653375394771219
NHITS,7-Day Rollout,Invierno,Norte Chico,Invierno,norte_chico_i,0.17588089630271592,0.1469449309744726,84.35898443789311,92.68329237728913,0.11009174311926606,0.08973425474506015,0.0587528377165237
NHITS,7-Day Rollout,Otoño,Norte Chico,Invierno,norte_chico_i,1.0059618215371238,0.6855830159773697,168.8689575682291,147.6806620932287,0.03571428571428571,0.09247748876501818,0.5928438653208363
NHITS,7-Day Rollout,Primavera,Norte Chico,Invierno,norte_chico_i,0.2928316357215655,0.2316266967549601,156.75818029742788,138.1684013622552,0.005952380952380952,0.07740808002572136,0.1540999640335375
NHITS,7-Day Rollout,Verano,Norte Chico,Invierno,norte_chico_i,1.1442568014252728,0.7941178118476057,169.10895517570395,142.4332141168942,0.041666666666666664,0.0669658323326162,0.7271338674052371
NHITS,Day 1,Raw,Norte Chico,Invierno,parque_solar_fotovoltaico_maranon,0.5997267514685751,0.384619256015867,114.8869226906961,155.09834103257097,0.25,0.025456010061316193,0.3622898215971266
NHITS,Day 1,Invierno,Norte Chico,Invierno,parque_solar_fotovoltaico_maranon,0.516517998258888,0.4814533954486251,124.40344232637884,133.452002101866,0.041666666666666664,0.3486545466973136,0.1394954751711339
NHITS,Day 1,Otoño,Norte Chico,Invierno,parque_solar_fotovoltaico_maranon,3.4405367196159884,2.6297041869450672,155.40891216857258,129.29181367234335,0.041666666666666664,0.5226661179437845,2.1054561765059288
NHITS,Day 1,Primavera,Norte Chico,Invierno,parque_solar_fotovoltaico_maranon,0.49733044589511516,0.46311667969954823,114.80118168355669,110.76148108777079,0.041666666666666664,0.3081688879984237,0.15791636489884694
NHITS,Day 1,Verano,Norte Chico,Invierno,parque_solar_fotovoltaico_maranon,0.48885355262986985,0.4571870929406335,109.7716193736788,98.41665925952006,0.0,0.29252847178140656,0.16163984060985967
NHITS,7-Day Rollout,Raw,Norte Chico,Invierno,parque_solar_fotovoltaico_maranon,0.5945282102904482,0.37860111115995143,131.29773859912868,156.76494609474102,0.24404761904761904,0.021614136362095256,0.35799306088560173
NHITS,7-Day Rollout,Invierno,Norte Chico,Invierno,parque_solar_fotovoltaico_maranon,0.5061621424775729,0.48122171244691475,130.86567265863508,133.4674935118196,0.023809523809523808,0.3340228456054556,0.14998082328919105
NHITS,7-Day Rollout,Otoño,Norte Chico,Invierno,parque_solar_fotovoltaico_maranon,3.2876953415993175,2.4972357774100558,162.40954406550736,132.79264637700533,0.005952380952380952,0.5268066991367559,1.9676283246138642
NHITS,7-Day Rollout,Primavera,Norte Chico,Invierno,parque_solar_fotovoltaico_maranon,0.48803897422356196,0.4668914786819923,121.67542177288368,111.24581051787355,0.02976190476190476,0.2905413076638416,0.17588219694644933
NHITS,7-Day Rollout,Verano,Norte Chico,Invierno,parque_solar_fotovoltaico_maranon,0.48067700699240123,0.46408335312957033,112.13131724666748,92.26725516782666,0.017857142857142856,0.25323787366367123,0.20888609382285114
NHITS,Day 1,Raw,Norte Chico,Invierno,pfv_malgarida,0.4540444046359429,0.28736481070518494,100.0,0.0,0.5416666666666666,0.5340277130405108,0.017593088249365504
NHITS,Day 1,Invierno,Norte Chico,Invierno,pfv_malgarida,86.1517296421827,60.99118415887157,175.2093955496423,144.57919511121403,0.041666666666666664,9.615239609840016,51.20838132519274
NHITS,Day 1,Operational,Norte Chico,Invierno,pfv_malgarida,86.1517296421827,60.99118415887157,175.2093955496423,144.57919511121403,0.041666666666666664,9.615239609840016,51.20838132519274
NHITS,Day 1,Otoño,Norte Chico,Invierno,pfv_malgarida,113.16225229648794,81.76242895346756,167.5926779958968,137.77801716942068,0.08333333333333333,9.576527246343902,72.08138849706545
NHITS,Day 1,Primavera,Norte Chico,Invierno,pfv_malgarida,109.32059153848896,75.30396449938416,166.5803526871932,144.84824580039393,0.08333333333333333,7.242705732149382,67.77354882974178
NHITS,Day 1,Verano,Norte Chico,Invierno,pfv_malgarida,121.29500584518037,89.61321662925184,183.6127791867122,134.48458234839413,0.0,8.20210899024581,81.18102293265984
NHITS,7-Day Rollout,Raw,Norte Chico,Invierno,pfv_malgarida,75.76070728013471,40.04753565189007,126.44402458395314,189.44912850739703,0.375,2.14211140707928,37.96793810421285
NHITS,7-Day Rollout,Invierno,Norte Chico,Invierno,pfv_malgarida,98.05234818343223,63.16151981809664,179.71255344170734,156.01335144648687,0.16666666666666666,4.253842413287965,58.772056574177086
NHITS,7-Day Rollout,Operational,Norte Chico,Invierno,pfv_malgarida,98.05234818343223,63.16151981809664,179.71255344170734,156.01335144648687,0.16666666666666666,4.253842413287965,58.772056574177086
NHITS,7-Day Rollout,Otoño,Norte Chico,Invierno,pfv_malgarida,113.06189616039977,81.25819053514195,175.17086221351872,139.11223549191917,0.023809523809523808,10.037657152544265,71.05977906980995
NHITS,7-Day Rollout,Primavera,Norte Chico,Invierno,pfv_malgarida,112.79288040669432,77.10310512390875,169.81208107348914,146.16066448185785,0.06547619047619048,7.204190025283467,69.72446475591332
NHITS,7-Day Rollout,Verano,Norte Chico,Invierno,pfv_malgarida,125.90739691610928,91.9286138818688,179.42698877706965,136.27052747457012,0.011904761904761904,8.336165786925925,83.08546896466342
NHITS,Day 1,Raw,Norte Chico,Otoño,cachiyuyo_solar_2,3.551946800864655,2.3312446130839817,132.99783724877875,152.30166237163846,0.25,0.12283228092680172,2.209873725627464
NHITS,Day 1,Invierno,Norte Chico,Otoño,cachiyuyo_solar_2,2.7583043904453097,2.0176431694999337,160.7673258400492,143.97134986250495,0.041666666666666664,0.4823597331997007,1.5388430507698405
NHITS,Day 1,Otoño,Norte Chico,Otoño,cachiyuyo_solar_2,3.113918564832528,2.349995534223126,160.71399315936478,133.5148945739169,0.041666666666666664,0.46000883561543254,1.890634916504314
NHITS,Day 1,Primavera,Norte Chico,Otoño,cachiyuyo_solar_2,3.6221493500860316,2.4057952529783506,176.42552898987066,153.6342745005671,0.0,0.35670831291781724,2.048904498686867
NHITS,Day 1,Verano,Norte Chico,Otoño,cachiyuyo_solar_2,5.686759129879861,4.168577051294657,173.71354564646015,134.64155967029131,0.041666666666666664,0.3881749873495816,3.7802101618862554
NHITS,7-Day Rollout,Raw,Norte Chico,Otoño,cachiyuyo_solar_2,3.0302587515507207,1.8939741255360008,134.10776028825236,159.97299614476913,0.24404761904761904,0.09779984515219743,1.7972727354885396
NHITS,7-Day Rollout,Invierno,Norte Chico,Otoño,cachiyuyo_solar_2,2.4183264753693146,1.5746404400228389,172.3499268414346,185.31238380130623,0.041666666666666664,0.49957733272153526,1.081795851687812
NHITS,7-Day Rollout,Otoño,Norte Chico,Otoño,cachiyuyo_solar_2,2.658118239581854,1.9555451044921246,162.2740902990107,140.3247697597365,0.02976190476190476,0.43461047791753077,1.5239183165923396
NHITS,7-Day Rollout,Primavera,Norte Chico,Otoño,cachiyuyo_solar_2,3.9293208191327937,2.311752069738629,183.20053989037817,180.80973157069764,0.005952380952380952,0.368357815847988,1.948216877611477
NHITS,7-Day Rollout,Verano,Norte Chico,Otoño,cachiyuyo_solar_2,5.681398013135535,4.137608223472766,173.78340032408042,135.77341524736127,0.041666666666666664,0.3616321933472396,3.775245833597035
NHITS,Day 1,Raw,Norte Chico,Verano,amparo_del_sol,1.5182574916621212,1.0457415520310558,131.6035333837915,144.901236596056,0.16666666666666666,0.053391910265296855,0.9927862713807066
NHITS,Day 1,Invierno,Norte Chico,Verano,amparo_del_sol,0.7717833031439121,0.6167712170475473,156.47110618027426,139.73971177311208,0.041666666666666664,0.2096365078080756,0.40884601732638354
NHITS,Day 1,Otoño,Norte Chico,Verano,amparo_del_sol,0.968156776126084,0.7283017107596,147.66935693414408,134.219271497106,0.041666666666666664,0.1887916256052752,0.5397887228988111
NHITS,Day 1,Primavera,Norte Chico,Verano,amparo_del_sol,1.1248293649235188,0.7916184193539569,172.22470005512662,145.72956436670813,0.0,0.14433013986205576,0.6473065712260601
NHITS,Day 1,Verano,Norte Chico,Verano,amparo_del_sol,1.3989691664750254,0.9965553516606936,134.82358560422182,133.51781187683181,0.16666666666666666,0.10181226742018527,0.8945808022132041
NHITS,7-Day Rollout,Raw,Norte Chico,Verano,amparo_del_sol,1.5588600117465297,1.0762038484935947,144.6516768665325,144.74957843062563,0.19642857142857142,0.0547031707756251,1.021970336347845
NHITS,7-Day Rollout,Invierno,Norte Chico,Verano,amparo_del_sol,0.5476367348826423,0.4180041930785159,163.0907009310957,194.87947533921042,0.041666666666666664,0.21674004852947767,0.20395186198217008
NHITS,7-Day Rollout,Otoño,Norte Chico,Verano,amparo_del_sol,1.14893908348651,0.815492954286851,152.7407554107418,142.85984838014713,0.02976190476190476,0.18362599404140612,0.631938158774166
NHITS,7-Day Rollout,Primavera,Norte Chico,Verano,amparo_del_sol,0.9548696175834207,0.5996362569705844,177.8232075559007,178.60689455980625,0.005952380952380952,0.1441708208996516,0.45755446358588003
NHITS,7-Day Rollout,Verano,Norte Chico,Verano,amparo_del_sol,1.4520948786380072,1.0494287727857183,160.37426149081105,134.83624863528703,0.05357142857142857,0.11346651652508215,0.9361953637155335
NHITS,Day 1,Raw,Norte Chico,Verano,luna_del_norte,1.3099440867564867,0.8295025317153583,118.62158621018264,157.5313414527343,0.16666666666666666,0.04271951239012803,0.7873866569056798
NHITS,Day 1,Invierno,Norte Chico,Verano,luna_del_norte,1.0055915446362456,0.707455783564607,156.12599619878537,157.13595990875388,0.041666666666666664,0.2152504622363267,0.49391497290277275
NHITS,Day 1,Otoño,Norte Chico,Verano,luna_del_norte,1.1961923161831436,0.871031353638197,152.67310417852687,139.10518344644188,0.041666666666666664,0.19732342588637644,0.6743233524146489
NHITS,Day 1,Primavera,Norte Chico,Verano,luna_del_norte,1.1646281544762884,0.8381311019365967,163.6087993322579,149.03361558353484,0.0,0.2230552990336946,0.6153670539836337
NHITS,Day 1,Verano,Norte Chico,Verano,luna_del_norte,1.1336162384965567,0.7970467725147804,126.5745178746258,136.34711944264728,0.16666666666666666,0.14666177428637941,0.6494014211930333
NHITS,7-Day Rollout,Raw,Norte Chico,Verano,luna_del_norte,1.3004315941696212,0.8224133767233157,135.53138660488602,157.983493384528,0.19642857142857142,0.04204004588346358,0.7808820826637851
NHITS,7-Day Rollout,Invierno,Norte Chico,Verano,luna_del_norte,0.7313336599032566,0.48516452063267934,164.70689533072726,209.6867990699185,0.041666666666666664,0.21953690326187955,0.2684996073972624
NHITS,7-Day Rollout,Otoño,Norte Chico,Verano,luna_del_norte,1.2013827566179174,0.8625374986374206,156.29113935300708,141.6198569602057,0.02976190476190476,0.18676650355410634,0.6757543706649164
NHITS,7-Day Rollout,Primavera,Norte Chico,Verano,luna_del_norte,0.9869980325655089,0.6576597754554983,175.68327050655225,190.03069559437063,0.005952380952380952,0.2376691345940074,0.4230344696685524
NHITS,7-Day Rollout,Verano,Norte Chico,Verano,luna_del_norte,1.139183379717235,0.819676811829032,149.76215850876622,138.40336563357727,0.05357142857142857,0.16723138453172787,0.6517213866070267
NHITS,Day 1,Raw,Norte Grande,Invierno,pfv_andes_solar_ii,0.2286367943255336,0.12179404404014349,108.33333333333333,772.8567523575068,0.4166666666666667,0.21328076436184343,0.034539441562568156
NHITS,Day 1,Invierno,Norte Grande,Invierno,pfv_andes_solar_ii,8.143896810344172,7.6629117562746005,183.25700578630875,14560.665749089325,0.08333333333333333,7.305403971439227,0.4324120558022215
NHITS,Day 1,Otoño,Norte Grande,Invierno,pfv_andes_solar_ii,17.46379650351968,14.262730110591898,148.0411508328032,126.17970511622244,0.0,4.89885738438461,9.329816126272393
NHITS,Day 1,Primavera,Norte Grande,Invierno,pfv_andes_solar_ii,16.3844104316269,14.025971995977065,146.69380584919352,120.62882673548836,0.041666666666666664,4.710470539160693,9.26904707487362
NHITS,Day 1,Verano,Norte Grande,Invierno,pfv_andes_solar_ii,36.300158455066985,26.973130486595135,174.75121123862806,134.0210444643596,0.0,3.6603485416155306,23.258455816019946
NHITS,7-Day Rollout,Raw,Norte Grande,Invierno,pfv_andes_solar_ii,14.98046349108674,8.136322151858447,132.87031809452654,184.32525120774423,0.2976190476190476,0.46885491258511874,7.690785599715032
NHITS,7-Day Rollout,Invierno,Norte Grande,Invierno,pfv_andes_solar_ii,15.31577108410652,9.265505523210214,168.79978499306065,188.36325784483836,0.17261904761904762,1.5314984701385366,7.719896632873098
NHITS,7-Day Rollout,Otoño,Norte Grande,Invierno,pfv_andes_solar_ii,24.562350050085833,18.496422199598914,153.0359261154166,133.14129622203023,0.02976190476190476,4.50603011427558,13.952029277720223
NHITS,7-Day Rollout,Primavera,Norte Grande,Invierno,pfv_andes_solar_ii,18.897692792893583,14.87662091629491,150.98520232118528,130.8127509781148,0.041666666666666664,4.274287825490215,10.537486346380874
NHITS,7-Day Rollout,Verano,Norte Grande,Invierno,pfv_andes_solar_ii,35.57505637949141,25.580026352356764,166.98812510902152,137.62015743048795,0.06547619047619048,2.8557864542196816,22.640052129027783
NHITS,Day 1,Raw,Norte Grande,Otoño,andes_solar,9.954554829643351,6.683616879706581,131.01318828080198,148.6979740496846,0.125,0.3489092519196371,6.3386522366044415
NHITS,Day 1,Invierno,Norte Grande,Otoño,andes_solar,6.823213938651259,5.373805234829585,165.01922500668684,137.51858858606676,0.0,1.5559701522191365,3.8380280430118234
NHITS,Day 1,Otoño,Norte Grande,Otoño,andes_solar,8.58524735362585,6.744120825702946,161.99731208072456,128.26548885013008,0.0,1.4460874099594851,5.296713737615694
NHITS,Day 1,Primavera,Norte Grande,Otoño,andes_solar,11.812794484483414,8.602124214172363,173.5726616413835,136.68260999012637,0.0,1.0766428120434284,7.523595450073479
NHITS,Day 1,Verano,Norte Grande,Otoño,andes_solar,12.408051624894343,9.361755211527148,179.6594838196502,131.0651990544847,0.0,1.088349439855665,8.274015150684862
NHITS,7-Day Rollout,Raw,Norte Grande,Otoño,andes_solar,8.511069062203214,5.5275270871491,140.2254501923613,153.88767126413444,0.19642857142857142,0.2850231988462231,5.245221168443788
NHITS,7-Day Rollout,Invierno,Norte Grande,Otoño,andes_solar,5.979255656721252,4.625915734186059,163.05250085523093,141.03998036943065,0.0,1.3998269019559735,3.23877727579148
NHITS,7-Day Rollout,Otoño,Norte Grande,Otoño,andes_solar,7.3368173468237945,5.597215085877993,160.86565824866094,132.66485489418108,0.0,1.2861599539999762,4.304749514535623
NHITS,7-Day Rollout,Primavera,Norte Grande,Otoño,andes_solar,12.187352160651857,8.781367325711818,175.37850561665724,137.84741139196024,0.0,0.9858680870383978,7.793976544109838
NHITS,7-Day Rollout,Verano,Norte Grande,Otoño,andes_solar,9.601026132629956,6.102273118260893,182.92661318349442,165.22632183251253,0.005952380952380952,1.0083289115523386,5.092967144026243
NHITS,Day 1,Raw,Norte Grande,Otoño,fv_bolero,0.4192399265795753,0.2782740717132886,104.20091992315648,581.6045360486048,0.375,0.4614375329265991,0.08951677642762662
NHITS,Day 1,Invierno,Norte Grande,Otoño,fv_bolero,15.325367904633078,15.315849781036377,200.0,0.0,0.0,14.775190595785775,0.7610417564709987
NHITS,Day 1,Operational,Norte Grande,Otoño,fv_bolero,27.266018504167164,23.539368554328878,122.09288061615761,173.63204179440822,0.0,20.60777802482868,3.0473767481433853
NHITS,Day 1,Otoño,Norte Grande,Otoño,fv_bolero,27.266018504167164,23.539368554328878,122.09288061615761,173.63204179440822,0.0,20.60777802482868,3.0473767481433853
NHITS,Day 1,Primavera,Norte Grande,Otoño,fv_bolero,62.6530054918405,49.077454249064125,167.6572103134834,129.458388991665,0.0,9.779887767632802,39.18156128327052
NHITS,Day 1,Verano,Norte Grande,Otoño,fv_bolero,58.58310173244835,43.05578752071597,182.89414509810828,134.0357137409491,0.0,4.101752881957995,39.297623259182245
NHITS,7-Day Rollout,Raw,Norte Grande,Otoño,fv_bolero,12.6130002578266,6.926728172410678,128.49114381667422,182.40215198228674,0.2976190476190476,0.4726235520421705,6.524921444342804
NHITS,7-Day Rollout,Invierno,Norte Grande,Otoño,fv_bolero,13.83956519000878,13.793164009139652,200.0,0.0,0.0,13.243157038802192,0.6830766760167628
NHITS,7-Day Rollout,Operational,Norte Grande,Otoño,fv_bolero,28.996682311060777,26.792660410316394,137.90123247705242,188.22321273647452,0.005952380952380952,21.856313040212815,5.105491095680433
NHITS,7-Day Rollout,Otoño,Norte Grande,Otoño,fv_bolero,28.996682311060777,26.792660410316394,137.90123247705242,188.22321273647452,0.005952380952380952,21.856313040212815,5.105491095680433
NHITS,7-Day Rollout,Primavera,Norte Grande,Otoño,fv_bolero,57.971494120882575,43.53856421936126,162.12763412373226,134.23525930114982,0.0,8.752354709165436,34.677059954262916
NHITS,7-Day Rollout,Verano,Norte Grande,Otoño,fv_bolero,56.72313835570827,41.44310746486077,183.3711436925477,135.23774654500005,0.0,3.831249780246677,37.79077911542041
NHITS,Day 1,Raw,Norte Grande,Otoño,parque_solar_pampa_camarones,0.22842684651282738,0.1359130743270119,104.20615459957239,166.1286124200291,0.20833333333333334,0.014961801112319031,0.12771001469033458
NHITS,Day 1,Invierno,Norte Grande,Otoño,parque_solar_pampa_camarones,2.342298504917786,1.7372540479991585,163.5312463844616,142.35291176205092,0.0,0.44639376588553814,1.2934530481502102
NHITS,Day 1,Operational,Norte Grande,Otoño,parque_solar_pampa_camarones,1.4866857884275886,1.4391223387016605,147.418140021818,129.55867394761356,0.0,0.8150499941199086,0.6285362183853674
NHITS,Day 1,Otoño,Norte Grande,Otoño,parque_solar_pampa_camarones,1.4866857884275886,1.4391223387016605,147.418140021818,129.55867394761356,0.0,0.8150499941199086,0.6285362183853674
NHITS,Day 1,Primavera,Norte Grande,Otoño,parque_solar_pampa_camarones,3.274827101635562,2.5147302486002445,168.82678584351723,130.77512644373485,0.0,0.44837999598433576,2.0690525136267146
NHITS,Day 1,Verano,Norte Grande,Otoño,parque_solar_pampa_camarones,3.1610529328013324,2.4355073020948717,163.9347302890378,127.5689766519093,0.0,0.41978525581847254,2.0169537832145576
NHITS,7-Day Rollout,Raw,Norte Grande,Otoño,parque_solar_pampa_camarones,1.1899322298594097,0.6015063596039129,116.62317677148724,197.73354508347043,0.21428571428571427,0.03419222292374927,0.5706688543103587
NHITS,7-Day Rollout,Invierno,Norte Grande,Otoño,parque_solar_pampa_camarones,2.2878568507818904,1.7296854522012706,168.72774557802913,139.39721797446452,0.0,0.4154459158241349,1.3151626330672852
NHITS,7-Day Rollout,Operational,Norte Grande,Otoño,parque_solar_pampa_camarones,1.6838773388838875,1.5500606067057343,151.53479511756018,132.09964571248017,0.005952380952380952,0.7850568551897249,0.7718217546524968
NHITS,7-Day Rollout,Otoño,Norte Grande,Otoño,parque_solar_pampa_camarones,1.6838773388838875,1.5500606067057343,151.53479511756018,132.09964571248017,0.005952380952380952,0.7850568551897249,0.7718217546524968
NHITS,7-Day Rollout,Primavera,Norte Grande,Otoño,parque_solar_pampa_camarones,3.239407654318253,2.446611777258416,168.77107994392534,132.3847545618895,0.0,0.40513064369248836,2.0420554342169672
NHITS,7-Day Rollout,Verano,Norte Grande,Otoño,parque_solar_pampa_camarones,3.163455537274568,2.412546599705127,166.8171060507623,129.33115864247324,0.0,0.391879953130237,2.0206880697614644
NHITS,Day 1,Raw,Norte Grande,Verano,conejo_solar,57.26598316831914,38.116472363471985,128.52400045820528,149.56835220464103,0.20833333333333334,2.09430105338494,36.161557213465365
NHITS,Day 1,Invierno,Norte Grande,Verano,conejo_solar,33.96651888253921,26.44043592115243,147.97009975827592,138.02852248665826,0.08333333333333333,8.177719749261934,18.285895186414322
NHITS,Day 1,Otoño,Norte Grande,Verano,conejo_solar,53.30867413415293,40.80723646469414,162.55449452494946,131.3291089320218,0.041666666666666664,8.659571610173831,32.07824283201868
NHITS,Day 1,Primavera,Norte Grande,Verano,conejo_solar,23.976486920633857,17.92569368270536,159.29987009032683,142.2936918286156,0.0,5.435912215989082,12.363498911851394
NHITS,Day 1,Verano,Norte Grande,Verano,conejo_solar,52.28597963927046,38.00374328096708,167.11997418594052,136.56148703612024,0.0,5.792723867793878,32.145316247642036
NHITS,7-Day Rollout,Raw,Norte Grande,Verano,conejo_solar,62.02974802173344,42.62163149266659,138.81751565683788,145.36194267573967,0.2261904761904762,2.1982382532866076,40.459845425867904
NHITS,7-Day Rollout,Invierno,Norte Grande,Verano,conejo_solar,29.454746244198194,22.697405481622333,150.7864472876951,143.84039801134034,0.05357142857142857,7.827835763281301,14.928398125583218
NHITS,7-Day Rollout,Otoño,Norte Grande,Verano,conejo_solar,53.67987720496378,40.584214035599004,165.1746958946171,133.141692058791,0.005952380952380952,8.014336932432794,32.478351430719094
NHITS,7-Day Rollout,Primavera,Norte Grande,Verano,conejo_solar,46.46135635351661,33.06652472026291,171.7383081958062,143.39134295275127,0.017857142857142856,5.51129555104389,27.429182821600918
NHITS,7-Day Rollout,Verano,Norte Grande,Verano,conejo_solar,57.30873735376972,42.19253830398832,171.1349892776186,134.29861735241815,0.0,5.38331292512871,36.73836468160152
NHITS,Day 1,Raw,Norte Grande,Verano,lalackama,32.322791740313505,22.640483637650807,129.17819101300807,142.32584075750214,0.25,1.195204309622447,21.49378280962507
NHITS,Day 1,Invierno,Norte Grande,Verano,lalackama,17.82569764211319,14.059061884880066,144.31373823673096,132.3035452328503,0.08333333333333333,4.2050489048163096,9.863506311178208
NHITS,Day 1,Otoño,Norte Grande,Verano,lalackama,25.680444610885,20.46609692275524,164.0828214947665,126.1008819303834,0.0,4.582283344616493,15.852925298859674
NHITS,Day 1,Primavera,Norte Grande,Verano,lalackama,11.05728911659765,8.744206804394102,158.3591418883696,138.45408217183436,0.0,2.9601276034528077,5.769609476047723
NHITS,Day 1,Verano,Norte Grande,Verano,lalackama,29.42340217139476,22.338510185480118,169.53940984897872,129.5590580675893,0.0,3.1104415938258168,19.213444108267623
NHITS,7-Day Rollout,Raw,Norte Grande,Verano,lalackama,32.266284990616484,22.508573056269338,139.98217034375486,143.2140011433515,0.21428571428571427,1.1535917699277414,21.370435412344108
NHITS,7-Day Rollout,Invierno,Norte Grande,Verano,lalackama,15.882466173592148,12.544132648124581,151.28623883199438,137.61123419802897,0.05357142857142857,4.113338166067288,8.427775887701483
NHITS,7-Day Rollout,Otoño,Norte Grande,Verano,lalackama,26.153943823257762,20.417490087826515,166.81470038229352,128.74768984462474,0.0,4.183076967532924,16.202537004012125
NHITS,7-Day Rollout,Primavera,Norte Grande,Verano,lalackama,22.804807361288432,16.542886059454066,170.0040475303388,140.59787244257924,0.017857142857142856,2.8875591511466716,13.610220749298708
NHITS,7-Day Rollout,Verano,Norte Grande,Verano,lalackama,29.733791528862078,22.211128183773585,171.63363637132807,131.9735214403829,0.0,2.7950885336313926,19.400519710637273
NHITS,Day 1,Raw,Norte Grande,Verano,lalackama_2,10.09642452032377,7.040269307792187,129.60980048942747,143.11865148283016,0.20833333333333334,0.36424293257296086,6.684778465578954
NHITS,Day 1,Invierno,Norte Grande,Verano,lalackama_2,5.798583591016814,4.151620859901111,152.78073908629153,141.9626713584795,0.08333333333333333,0.8327905053893726,3.3214916740854576
NHITS,Day 1,Otoño,Norte Grande,Verano,lalackama_2,8.016873885341083,6.302636353609462,164.07808878941955,127.67416970706155,0.0,1.3801939552184195,4.925148865006244
NHITS,Day 1,Primavera,Norte Grande,Verano,lalackama_2,2.8226754160665175,2.3403508781145015,154.59437284923195,132.2870740579257,0.0,0.8637555276664594,1.480986495160808
NHITS,Day 1,Verano,Norte Grande,Verano,lalackama_2,9.213975168456246,6.933077273269494,170.18573240246516,130.60977163264656,0.0,0.9426002781838179,5.997436956192055
NHITS,7-Day Rollout,Raw,Norte Grande,Verano,lalackama_2,10.03858860586538,6.971260212784511,140.18123628803556,143.89540109705453,0.19642857142857142,0.35543122344935824,6.619428798943997
NHITS,7-Day Rollout,Invierno,Norte Grande,Verano,lalackama_2,5.147872861304657,3.6395376539301303,159.40056622075483,147.17469228238517,0.05357142857142857,0.7853412273650368,2.8528258834300297
NHITS,7-Day Rollout,Otoño,Norte Grande,Verano,lalackama_2,8.086318969468167,6.257054605809528,166.0710765865298,129.7828122339822,0.0,1.2777373374983048,4.976963642495683
NHITS,7-Day Rollout,Primavera,Norte Grande,Verano,lalackama_2,6.763868499475742,4.88538364581542,169.34988795935243,140.98211078615245,0.017857142857142856,0.8555117585923568,4.0230653560293534
NHITS,7-Day Rollout,Verano,Norte Grande,Verano,lalackama_2,9.275680979609145,6.874343049490736,172.2031962367774,132.95971051441617,0.0,0.8467443917212742,6.028464533024954
NHITS,Day 1,Raw,Norte Grande,Verano,pampa_solar_norte,43.210932329288966,29.595524787902832,130.86017618391273,145.5607857440682,0.25,1.566092815498511,28.094856192668278
NHITS,Day 1,Invierno,Norte Grande,Verano,pampa_solar_norte,23.742991793645828,18.275200873613358,149.0143659236419,136.33970610892482,0.08333333333333333,5.125632362067699,13.094540231923261
NHITS,Day 1,Otoño,Norte Grande,Verano,pampa_solar_norte,36.75590413319223,28.282978900320206,166.455239447001,130.58126162335765,0.0,5.659538020337155,22.58158490101729
NHITS,Day 1,Primavera,Norte Grande,Verano,pampa_solar_norte,13.400770448544014,9.378310260052482,150.16650518373388,153.18084157698271,0.0,3.3523073266260326,5.975656705939522
NHITS,Day 1,Verano,Norte Grande,Verano,pampa_solar_norte,39.83113191773847,29.393044004837673,170.1089505031107,134.17555573295934,0.0,3.908195963005225,25.447915141284465
NHITS,7-Day Rollout,Raw,Norte Grande,Verano,pampa_solar_norte,43.83998611410401,30.31044395665993,140.6984994468426,144.50530833087768,0.22023809523809523,1.5511487820582088,28.778781713420596
NHITS,7-Day Rollout,Invierno,Norte Grande,Verano,pampa_solar_norte,20.682719935073205,15.69548419987162,152.06318319381663,143.16249618203852,0.05357142857142857,4.976330797258942,10.732044442858369
NHITS,7-Day Rollout,Otoño,Norte Grande,Verano,pampa_solar_norte,36.744677863018424,27.836242440788606,168.54549191016886,132.6440008283411,0.0,5.175021172411895,22.617174014904247
NHITS,7-Day Rollout,Primavera,Norte Grande,Verano,pampa_solar_norte,30.605889442368845,21.476660770364106,168.31638311352535,144.4753052546399,0.017857142857142856,3.48896238286536,17.924436687680316
NHITS,7-Day Rollout,Verano,Norte Grande,Verano,pampa_solar_norte,40.82550546443932,30.011327820874396,172.3565983687692,134.56898091956222,0.0,3.5393494215394776,26.439363648387648
NHITS,Day 1,Raw,Norte Grande,Verano,parque_solar_finis_terrae,1.4193959425230336,0.9831757340580225,117.45787616310533,173.62641481346228,0.3333333333333333,0.49945372793202597,0.550552050738285
NHITS,Day 1,Invierno,Norte Grande,Verano,parque_solar_finis_terrae,41.72508637423258,34.77538621425629,161.38210605990804,135.18028897794403,0.0,12.571867769956588,22.35736284454664
NHITS,Day 1,Operational,Norte Grande,Verano,parque_solar_finis_terrae,39.3252304137887,38.7499440535903,158.86889101905234,669.1283484117721,0.0,36.87877064781885,1.9252598922699706
NHITS,Day 1,Otoño,Norte Grande,Verano,parque_solar_finis_terrae,23.50954975997716,22.14540110404293,124.49547241983147,125.13619017127499,0.0,15.697084083718558,6.34037355699887
NHITS,Day 1,Primavera,Norte Grande,Verano,parque_solar_finis_terrae,47.45331840123775,39.07659608125687,159.45040347058344,126.87063522769881,0.0,11.606085575620334,27.378693758447962
NHITS,Day 1,Verano,Norte Grande,Verano,parque_solar_finis_terrae,39.3252304137887,38.7499440535903,158.86889101905234,669.1283484117721,0.0,36.87877064781885,1.9252598922699706
NHITS,7-Day Rollout,Raw,Norte Grande,Verano,parque_solar_finis_terrae,2.5387982174910033,1.5124305481523541,125.19363214949624,168.04621561117722,0.2916666666666667,0.21920912313674176,1.357038750755046
NHITS,7-Day Rollout,Invierno,Norte Grande,Verano,parque_solar_finis_terrae,35.06945883729912,29.05845975564305,156.71095172192426,136.90539863806984,0.0,11.352906816508732,17.86079500557444
NHITS,7-Day Rollout,Operational,Norte Grande,Verano,parque_solar_finis_terrae,37.048689915446836,36.08390734220544,152.22520033505955,535.0405247324786,0.0,34.32658150055047,1.7911094000917829
NHITS,7-Day Rollout,Otoño,Norte Grande,Verano,parque_solar_finis_terrae,24.299047473272793,23.50263246934351,131.43666377292948,121.60148294836308,0.0,14.963913286471506,8.534362167920753
NHITS,7-Day Rollout,Primavera,Norte Grande,Verano,parque_solar_finis_terrae,44.21810280587683,36.36283468632471,156.89818589386076,125.52960688284536,0.0,10.396813201336634,25.8401622505415
NHITS,7-Day Rollout,Verano,Norte Grande,Verano,parque_solar_finis_terrae,37.048689915446836,36.08390734220544,152.22520033505955,535.0405247324786,0.0,34.32658150055047,1.7911094000917829
NHITS,Day 1,Raw,Zona Central,Invierno,altos_de_til_til,0.6087170408401413,0.2970254255148272,107.6113554641938,205.45635261472745,0.25,0.020433305118543407,0.2780651087484633
NHITS,Day 1,Invierno,Zona Central,Invierno,altos_de_til_til,0.5901461159256699,0.5422970092234513,152.35529540155676,199.18822762130992,0.041666666666666664,0.382725663894477,0.1641398995416239
NHITS,Day 1,Otoño,Zona Central,Invierno,altos_de_til_til,0.7883316421406473,0.7490236355427745,142.12963073458724,150.2060473508603,0.0,0.5125668741897395,0.24143936332843627
NHITS,Day 1,Primavera,Zona Central,Invierno,altos_de_til_til,1.067912099334313,0.9884824836626649,137.21557666539138,200.13558161413113,0.0,0.8311397483106703,0.16356539718496307
NHITS,Day 1,Verano,Zona Central,Invierno,altos_de_til_til,0.8479492362426305,0.7454715271790823,149.69697613070267,130.45175915064425,0.0,0.3335948223869005,0.4126991781095664
NHITS,7-Day Rollout,Raw,Zona Central,Invierno,altos_de_til_til,0.5726291074377521,0.2686913582199617,110.53878138821017,213.0614838628845,0.3233082706766917,0.015858970633690433,0.25366069038189143
NHITS,7-Day Rollout,Invierno,Zona Central,Invierno,altos_de_til_til,0.5764574158498762,0.4110324954111129,137.48462483680402,201.58449728977735,0.192,0.21474889738028868,0.20195209529967978
NHITS,7-Day Rollout,Otoño,Zona Central,Invierno,altos_de_til_til,0.7367146756773053,0.6980642441946353,142.5925962438586,150.2535319159624,0.005952380952380952,0.4734952568241992,0.22899546066087384
NHITS,7-Day Rollout,Primavera,Zona Central,Invierno,altos_de_til_til,1.0304494469411885,0.959502393734597,138.77195648881207,191.62004114556876,0.005952380952380952,0.7905401120893658,0.17399073376630747
NHITS,7-Day Rollout,Verano,Zona Central,Invierno,altos_de_til_til,0.7553199355612032,0.6600749815531474,149.68209588888882,132.97719319713485,0.0,0.30333294458063653,0.3566357645429283
NHITS,Day 1,Raw,Zona Central,Invierno,las_perdices,0.6718964732493441,0.37835926677992876,113.87729859912541,175.96800030853478,0.20833333333333334,0.03160149465402355,0.35185196137899766
NHITS,Day 1,Invierno,Zona Central,Invierno,las_perdices,0.8152881666523569,0.753205997714152,139.39276707941755,234.21504013542088,0.041666666666666664,0.6514395360602065,0.11136488519453756
NHITS,Day 1,Operational,Zona Central,Invierno,las_perdices,0.8096269371906083,0.7359673958659793,134.57595319977455,192.36130742613602,0.041666666666666664,0.6271820591199987,0.11277797076424277
NHITS,Day 1,Otoño,Zona Central,Invierno,las_perdices,1.0281159349179922,1.0071776129868037,136.80673154760552,113.36856747192259,0.0,0.5393334981961136,0.46775401814811635
NHITS,Day 1,Primavera,Zona Central,Invierno,las_perdices,0.8096269371906083,0.7359673958659793,134.57595319977455,192.36130742613602,0.041666666666666664,0.6271820591199987,0.11277797076424277
NHITS,Day 1,Verano,Zona Central,Invierno,las_perdices,1.3311563218569062,1.1498157177120447,148.4376772759629,110.79661215443681,0.0,0.3057869653217495,0.8460434427795311
NHITS,7-Day Rollout,Raw,Zona Central,Invierno,las_perdices,0.598632731188754,0.31503770943422776,131.9020071626093,189.46676916711544,0.2155688622754491,0.020344087436498882,0.2966414698529895
NHITS,7-Day Rollout,Invierno,Zona Central,Invierno,las_perdices,0.7409403597689447,0.6192898071445337,153.5203484062398,259.8266612032115,0.06547619047619048,0.4610831745867169,0.1655718451434734
NHITS,7-Day Rollout,Operational,Zona Central,Invierno,las_perdices,0.8934519374328065,0.8435963591434756,144.30582737441722,171.42717348896286,0.005952380952380952,0.6117504161144016,0.23603274540424873
NHITS,7-Day Rollout,Otoño,Zona Central,Invierno,las_perdices,0.9466934709104964,0.9115801483506706,143.41693129552047,132.51609845488127,0.0,0.5377844141035287,0.3771567047605935
NHITS,7-Day Rollout,Primavera,Zona Central,Invierno,las_perdices,0.8934519374328065,0.8435963591434756,144.30582737441722,171.42717348896286,0.005952380952380952,0.6117504161144016,0.23603274540424873
NHITS,7-Day Rollout,Verano,Zona Central,Invierno,las_perdices,1.2412158990325375,1.0100341213595432,148.05158524253977,119.71081849901857,0.0,0.26590192079491404,0.744110142437802
NHITS,Day 1,Raw,Zona Central,Invierno,laurel,2.1953747439241846,1.2960449499078095,116.17304687481169,169.3072907851848,0.20833333333333334,0.09144330972339958,1.2114528903970496
NHITS,Day 1,Invierno,Zona Central,Invierno,laurel,2.1276792418398567,2.0577737559603215,143.35198072816954,164.08809831969654,0.0,1.5493223931630684,0.5385934559987315
NHITS,Day 1,Otoño,Zona Central,Invierno,laurel,3.5153824367608557,2.953815432781615,117.58437500977108,166.98608189780347,0.0,2.6425365574905335,0.3391256974336823
NHITS,Day 1,Primavera,Zona Central,Invierno,laurel,1.5800597076934664,1.423266398953274,139.33139718738363,148.72932332432615,0.0,0.9107403324490102,0.507199382436617
NHITS,Day 1,Verano,Zona Central,Invierno,laurel,3.2862737737954077,2.792568263326151,147.9414970003895,113.37756691798,0.0,0.7581383263750467,2.0343108928160896
NHITS,7-Day Rollout,Raw,Zona Central,Invierno,laurel,1.3290087180692798,0.5925502277013014,116.8778370689679,224.86979329194793,0.31547619047619047,0.04119567499390202,0.5543311535430605
NHITS,7-Day Rollout,Invierno,Zona Central,Invierno,laurel,1.8146997056523233,1.6225136227674324,158.82910267574974,307.0573361072451,0.03571428571428571,1.3820097390482695,0.2604696938843493
NHITS,7-Day Rollout,Otoño,Zona Central,Invierno,laurel,3.39422002858616,2.965962643627996,123.89712507369815,175.21820524800523,0.0,2.5978385966606203,0.3940067526586903
NHITS,7-Day Rollout,Primavera,Zona Central,Invierno,laurel,1.8112082921053716,1.5856595161569116,161.24774478406755,182.10932106461553,0.0,0.9730848661566033,0.6242471557011802
NHITS,7-Day Rollout,Verano,Zona Central,Invierno,laurel,3.0989237450070033,2.5033805457697738,149.40686533129812,121.97559876009511,0.0,0.6675688680061804,1.8325426117760972
NHITS,Day 1,Raw,Zona Central,Invierno,la_lajuela,4.081952849166771,3.5339359673671424,184.08530346696023,114.70612444191002,0.0,0.17574929286175495,3.345200757121413
NHITS,Day 1,Raw,Zona Central,Invierno,lipangue,1.037918043440769,0.5658233023014342,120.89562108611085,184.00566539371158,0.16666666666666666,0.03711174224310033,0.5254167986649482
NHITS,Day 1,Invierno,Zona Central,Invierno,lipangue,1.1068562049984587,1.0073801787861933,113.73702082965451,139.26955107841715,0.058823529411764705,0.7579929936839395,0.2580578356124808
NHITS,Day 1,Otoño,Zona Central,Invierno,lipangue,0.818467288329925,0.772012896137312,143.85529433540765,394.6204519076949,0.0,0.7439030137727967,0.03843842381223419
NHITS,Day 1,Primavera,Zona Central,Invierno,lipangue,1.0140424661568253,0.8759143633457521,155.83142328249508,136.14247379608585,0.0,0.3796940951220071,0.49591636885112766
NHITS,Day 1,Verano,Zona Central,Invierno,lipangue,1.0043404210869913,0.8705285024479963,144.05306859051325,119.62858029436264,0.0,0.33069209856233406,0.539999202672819
NHITS,7-Day Rollout,Raw,Zona Central,Invierno,lipangue,0.9466416966778021,0.6048554629766292,152.98232023429543,156.1801244381529,0.12745098039215685,0.03241854592520425,0.5697782161914272
NHITS,7-Day Rollout,Invierno,Zona Central,Invierno,lipangue,0.9755780090839165,0.8618588730769284,115.45712290056444,155.1098492588358,0.01020408163265306,0.7203796147832601,0.1466996201078753
NHITS,7-Day Rollout,Otoño,Zona Central,Invierno,lipangue,0.8054576828597592,0.7747661104894221,166.013896782889,712.6616844896648,0.0,0.7452150144469453,0.03861478919619309
NHITS,7-Day Rollout,Primavera,Zona Central,Invierno,lipangue,0.9482477232819503,0.7747765354525394,151.6016788393846,146.45762895794036,0.005952380952380952,0.3508035037695717,0.4246620395658835
NHITS,7-Day Rollout,Verano,Zona Central,Invierno,lipangue,0.8143103013624058,0.6586101832134383,155.19334366877433,162.5868761353042,0.0,0.3351794660978374,0.3270979056844399
NHITS,Day 1,Raw,Zona Central,Invierno,luna,0.9425989422142095,0.7582146038157795,181.16886949427703,122.66529568422646,0.09090909090909091,0.03747184262809717,0.7144163330870025
NHITS,Day 1,Invierno,Zona Central,Invierno,luna,1.521327793479672,1.4284009151160717,97.2154142303015,170.89019958892834,0.0,1.3744792171195148,0.07099513854831463
NHITS,Day 1,Otoño,Zona Central,Invierno,luna,1.7301423350990248,1.5343501822583978,128.06218091002054,257.5793417355305,0.0,1.4682918884964238,0.07637651342368681
NHITS,Day 1,Primavera,Zona Central,Invierno,luna,0.725912176984483,0.6296627353003714,142.9365441824947,151.07539571815542,0.0,0.37120784311021754,0.25862425158605523
NHITS,Day 1,Verano,Zona Central,Invierno,luna,1.2110758843397809,1.0273630272301186,147.6036211775108,118.46685528507581,0.0,0.32175223563159916,0.703483210012079
NHITS,7-Day Rollout,Raw,Zona Central,Invierno,luna,0.7999795815604431,0.5892549335915309,186.74590170568837,134.68255080223912,0.017241379310344827,0.029319072458748135,0.5581061510631863
NHITS,7-Day Rollout,Invierno,Zona Central,Invierno,luna,1.6872817161579874,1.5967672562733162,128.99029267251683,293.16032767869353,0.0,1.5302023334473598,0.08269125832971846
NHITS,7-Day Rollout,Otoño,Zona Central,Invierno,luna,1.6569624810327666,1.4560974452814692,128.27808007956543,256.44485217317555,0.0,1.3953560515539447,0.07239198134587543
NHITS,7-Day Rollout,Primavera,Zona Central,Invierno,luna,0.7637625425615447,0.6437609831066508,148.44968175512895,154.58967331086194,0.005952380952380952,0.3504773129757102,0.2946335659864411
NHITS,7-Day Rollout,Verano,Zona Central,Invierno,luna,1.126071303990892,0.9183352795871975,147.1442182398001,122.11264285042584,0.0,0.2693814627490394,0.6471717893835548
NHITS,Day 1,Raw,Zona Central,Invierno,pfv_santa_adriana,0.13890129081175734,0.05311921456207832,93.7885303780285,292.12553344815177,0.2916666666666667,0.01944560295281311,0.04379228361261387
NHITS,Day 1,Invierno,Zona Central,Invierno,pfv_santa_adriana,0.822722458833915,0.7452581394196992,142.97025704891792,425.98249363523604,0.08333333333333333,0.7207714793639752,0.03723320001602894
NHITS,Day 1,Operational,Zona Central,Invierno,pfv_santa_adriana,0.816299282766998,0.7103417487815022,147.14530693051898,144.89437722511292,0.0,0.3803237970452755,0.32767677293159075
NHITS,Day 1,Otoño,Zona Central,Invierno,pfv_santa_adriana,1.4396622034720998,1.1663488805837308,115.80125674561282,189.2564765965626,0.041666666666666664,1.1083752664446365,0.07013684417082312
NHITS,Day 1,Primavera,Zona Central,Invierno,pfv_santa_adriana,0.816299282766998,0.7103417487815022,147.14530693051898,144.89437722511292,0.0,0.3803237970452755,0.32767677293159075
NHITS,Day 1,Verano,Zona Central,Invierno,pfv_santa_adriana,1.0823823602727038,0.9636752928296725,145.98668555198,110.99762791782435,0.0,0.316540015861392,0.6469139661639929
NHITS,7-Day Rollout,Raw,Zona Central,Invierno,pfv_santa_adriana,0.6355436763216467,0.32327653872372697,123.87211127645266,196.86311768450827,0.2215568862275449,0.021794157179315092,0.30490892654287277
NHITS,7-Day Rollout,Invierno,Zona Central,Invierno,pfv_santa_adriana,0.7204351897570719,0.5661866138817415,138.93621470653952,262.0229607403753,0.10714285714285714,0.4421053201721536,0.13286202469651126
NHITS,7-Day Rollout,Operational,Zona Central,Invierno,pfv_santa_adriana,0.8071635162331328,0.6978783735113601,148.30352157323756,139.87728183905466,0.011904761904761904,0.34532804581379295,0.35245764842653615
NHITS,7-Day Rollout,Otoño,Zona Central,Invierno,pfv_santa_adriana,1.389372489714932,1.1607523008389675,121.94187205036522,198.0048658338884,0.017857142857142856,1.0823202407991976,0.09072485219114161
NHITS,7-Day Rollout,Primavera,Zona Central,Invierno,pfv_santa_adriana,0.8071635162331328,0.6978783735113601,148.30352157323756,139.87728183905466,0.011904761904761904,0.34532804581379295,0.35245764842653615
NHITS,7-Day Rollout,Verano,Zona Central,Invierno,pfv_santa_adriana,1.0055797884107767,0.8484130692695977,144.6766561422618,117.77869680515343,0.0,0.2695735506817333,0.5772476465365062
NHITS,Day 1,Raw,Zona Central,Otoño,crucero,0.01733903740783292,0.009531305481990179,91.66666666666666,0.0,0.4166666666666667,0.018963758771618204,0.0006963027330736327
NHITS,Day 1,Invierno,Zona Central,Otoño,crucero,1.2226934833013248,1.2014608080498874,175.92689582731384,839.8849742578609,0.0,1.1380089849776898,0.07776016143616293
NHITS,Day 1,Operational,Zona Central,Otoño,crucero,1.2226934833013248,1.2014608080498874,175.92689582731384,839.8849742578609,0.0,1.1380089849776898,0.07776016143616293
NHITS,Day 1,Otoño,Zona Central,Otoño,crucero,1.3065176021357034,1.074503949591114,116.35779524505834,167.34879344977617,0.0,0.9753362104228774,0.11063047951999279
NHITS,Day 1,Primavera,Zona Central,Otoño,crucero,0.6316030786507039,0.5864341356791556,155.11003219904563,157.59860177079682,0.0,0.36546923658655334,0.22045902491081507
NHITS,Day 1,Verano,Zona Central,Otoño,crucero,1.2744809956004015,1.04271020879969,151.81140397804515,124.93053404117424,0.0,0.3105521758009369,0.7301841302542016
NHITS,7-Day Rollout,Raw,Zona Central,Otoño,crucero,0.009417682811393041,0.004198462148494963,97.61904761904762,0.0,0.4166666666666667,0.00736771648201587,0.00027248999608023717
NHITS,7-Day Rollout,Invierno,Zona Central,Otoño,crucero,1.1227849669692065,1.0357819990424946,149.82356402915974,398.99958498137363,0.047619047619047616,0.9678774704411259,0.08213245291990928
NHITS,7-Day Rollout,Operational,Zona Central,Otoño,crucero,1.1227849669692065,1.0357819990424946,149.82356402915974,398.99958498137363,0.047619047619047616,0.9678774704411259,0.08213245291990928
NHITS,7-Day Rollout,Otoño,Zona Central,Otoño,crucero,1.248830905406395,1.055250896426601,119.26528500375201,166.07304233528376,0.0,0.9313993410615046,0.13390606055577556
NHITS,7-Day Rollout,Primavera,Zona Central,Otoño,crucero,0.8860020895307055,0.7165164303044852,155.87463939563432,154.1330586125265,0.0,0.33168527825789085,0.38598893775033283
NHITS,7-Day Rollout,Verano,Zona Central,Otoño,crucero,1.2709373703740896,1.0020159834973692,151.77784986066203,126.61500617253067,0.0,0.2577290711065177,0.7426497818763544
NHITS,Day 1,Raw,Zona Central,Otoño,fotovolt_solar_i,0.15174624869990588,0.08187973593400481,144.95721383786412,188.8688373676902,0.25,0.010827226519177202,0.07360461690938488
NHITS,Day 1,Invierno,Zona Central,Otoño,fotovolt_solar_i,0.5589093477936226,0.5060102655455315,149.43371268783423,347.8616104946105,0.0,0.47376942518021675,0.03353971125664735
NHITS,Day 1,Operational,Zona Central,Otoño,fotovolt_solar_i,0.7257946982187652,0.6699294191730587,147.35441262913395,393.45899975100826,0.0,0.6411796995774844,0.033287265485190225
NHITS,Day 1,Otoño,Zona Central,Otoño,fotovolt_solar_i,0.7257946982187652,0.6699294191730587,147.35441262913395,393.45899975100826,0.0,0.6411796995774844,0.033287265485190225
NHITS,Day 1,Primavera,Zona Central,Otoño,fotovolt_solar_i,0.38278271883685844,0.36112438216271886,142.93367062410815,194.57296612339462,0.0,0.2952978847746029,0.06717839132967736
NHITS,Day 1,Verano,Zona Central,Otoño,fotovolt_solar_i,0.3632228930048629,0.33796428780381876,129.73722459894714,152.87986246082664,0.0,0.26402802426212774,0.07626020195117843
NHITS,7-Day Rollout,Raw,Zona Central,Otoño,fotovolt_solar_i,0.2617087694079039,0.1297730191112556,128.1260186329116,201.8478665638094,0.2619047619047619,0.008970183241177123,0.12229532711021555
NHITS,7-Day Rollout,Invierno,Zona Central,Otoño,fotovolt_solar_i,0.5271382349195446,0.4926627840514667,158.4884523096081,599.8853456209724,0.03571428571428571,0.46879729819566457,0.02785951928823465
NHITS,7-Day Rollout,Operational,Zona Central,Otoño,fotovolt_solar_i,0.6931195935594129,0.645954780557048,154.09437219690662,490.80563632103195,0.011904761904761904,0.6206565499803338,0.03212907280203875
NHITS,7-Day Rollout,Otoño,Zona Central,Otoño,fotovolt_solar_i,0.6931195935594129,0.645954780557048,154.09437219690662,490.80563632103195,0.011904761904761904,0.6206565499803338,0.03212907280203875
NHITS,7-Day Rollout,Primavera,Zona Central,Otoño,fotovolt_solar_i,0.37710986244564854,0.36069935284680676,153.40002826108352,251.33429724903905,0.0,0.3048686185219693,0.058189409585111616
NHITS,7-Day Rollout,Verano,Zona Central,Otoño,fotovolt_solar_i,0.3372114765617746,0.3155357874347883,132.38755098683694,163.44555561032777,0.0,0.24747777275001545,0.06967533395467687
NHITS,Day 1,Raw,Zona Central,Otoño,gr_santa_rosa,1.1285356999142042,0.5683307810556167,129.3312305716002,205.85816466802083,0.2916666666666667,0.0706005169938938,0.5030947764993622
NHITS,Day 1,Invierno,Zona Central,Otoño,gr_santa_rosa,2.7221147331702706,2.6595821576192975,147.9600394505077,143.84948113050882,0.0,1.7126066314211734,0.9661471629980952
NHITS,Day 1,Operational,Zona Central,Otoño,gr_santa_rosa,2.531271502298521,2.446007693194891,142.64359531579106,142.25594426040783,0.0,1.654943667018779,0.8129209848435495
NHITS,Day 1,Otoño,Zona Central,Otoño,gr_santa_rosa,2.531271502298521,2.446007693194891,142.64359531579106,142.25594426040783,0.0,1.654943667018779,0.8129209848435495
NHITS,Day 1,Primavera,Zona Central,Otoño,gr_santa_rosa,2.568495562128265,2.097442380618304,150.8618182578867,155.92748651416363,0.0,1.0712423708833134,1.0223270730193084
NHITS,Day 1,Verano,Zona Central,Otoño,gr_santa_rosa,4.7008235015197,3.8343003994474807,154.76760659616707,120.25501061802804,0.0,0.9054171540774405,2.9287972589644293
NHITS,7-Day Rollout,Raw,Zona Central,Otoño,gr_santa_rosa,3.0261315833532043,1.653738768525164,142.55777895075477,183.2311507575711,0.18452380952380953,0.09735214239691406,1.5599297268732286
NHITS,7-Day Rollout,Invierno,Zona Central,Otoño,gr_santa_rosa,2.1504577946847396,1.907224631867783,152.48077177449292,216.4018694422961,0.047619047619047616,1.4459494350916604,0.486111051305393
NHITS,7-Day Rollout,Operational,Zona Central,Otoño,gr_santa_rosa,2.4011046544809966,2.2416617520274094,151.52290898639245,193.91795837667274,0.0,1.6605928309855307,0.6064311706121123
NHITS,7-Day Rollout,Otoño,Zona Central,Otoño,gr_santa_rosa,2.4011046544809966,2.2416617520274094,151.52290898639245,193.91795837667274,0.0,1.6605928309855307,0.6064311706121123
NHITS,7-Day Rollout,Primavera,Zona Central,Otoño,gr_santa_rosa,3.2126954562106707,2.4981588621710777,154.64942195007708,147.08424217628558,0.0,0.9704332860595274,1.5321464920316603
NHITS,7-Day Rollout,Verano,Zona Central,Otoño,gr_santa_rosa,4.508447417917619,3.557327597257903,156.7206141341515,125.48398262612908,0.0,0.7899588772300852,2.762975176973157
NHITS,Day 1,Raw,Zona Central,Primavera,donihue,1.682845559119846,1.00578845322699,128.4231751482709,166.6680233265473,0.17391304347826086,0.06920654257334283,0.9529724651512327
NHITS,Day 1,Invierno,Zona Central,Primavera,donihue,1.3804470834316895,1.2627775663665186,137.73650432920616,219.36850407794722,0.041666666666666664,1.0415606642568795,0.23554576260115334
NHITS,Day 1,Otoño,Zona Central,Primavera,donihue,2.6528516565330604,2.496090861114984,142.61928282881388,129.10678317634373,0.0,1.3748542391811498,1.1270432637111907
NHITS,Day 1,Primavera,Zona Central,Primavera,donihue,1.4945485867014867,1.4004500409161362,140.3121754563413,154.45482069412586,0.0,0.9870580516939905,0.41751262943046946
NHITS,Day 1,Verano,Zona Central,Primavera,donihue,4.276947214208807,3.392211849335581,165.51722317734817,123.01984913317546,0.0,0.5691972354815031,2.826405066616523
NHITS,7-Day Rollout,Raw,Zona Central,Primavera,donihue,1.4005347710368379,0.7208410104015887,127.65002340823447,193.988785865446,0.2215568862275449,0.043505402261315995,0.6824640701067792
NHITS,7-Day Rollout,Invierno,Zona Central,Primavera,donihue,1.8237942813435446,1.353017421438597,150.65024281779293,190.85356016111933,0.06547619047619048,0.6955216740121181,0.6672530884696156
NHITS,7-Day Rollout,Otoño,Zona Central,Primavera,donihue,2.994456178761112,2.75322315434321,145.23749218324582,119.07783395061062,0.0,1.2122598064215881,1.5440752748490747
NHITS,7-Day Rollout,Primavera,Zona Central,Primavera,donihue,1.4471203819790166,1.3449219867720135,149.86801325672482,201.6416304109551,0.0,1.0369771976788926,0.310869300781217
NHITS,7-Day Rollout,Verano,Zona Central,Primavera,donihue,3.7693133345512684,2.7446236052354003,162.55104879352174,136.75044025780622,0.0,0.49864205548514673,2.2462477244562185
NHITS,Day 1,Raw,Zona Central,Primavera,pfv_jose_soler_mallafre,0.31093583114287965,0.16551478417671245,128.74813857457778,187.21682257168035,0.21739130434782608,0.011111668197681075,0.1561886620019441
NHITS,Day 1,Invierno,Zona Central,Primavera,pfv_jose_soler_mallafre,0.5089687513266589,0.45223587007421884,132.20814492569727,244.15051998784395,0.041666666666666664,0.407834735647278,0.04707341454977724
NHITS,Day 1,Otoño,Zona Central,Primavera,pfv_jose_soler_mallafre,0.5103784378571607,0.49818912853273406,159.7718000524476,230.47332050543056,0.0,0.39481789468724554,0.10415708246800932
NHITS,Day 1,Primavera,Zona Central,Primavera,pfv_jose_soler_mallafre,0.29032233515430506,0.25595866221313673,142.82341554902362,182.40550984783906,0.0,0.18375917088706042,0.07128566494987658
NHITS,Day 1,Verano,Zona Central,Primavera,pfv_jose_soler_mallafre,0.4826049546027966,0.3341966898490985,178.7269517497995,189.7639439098497,0.0,0.13175607513015467,0.20692833677555125
NHITS,7-Day Rollout,Raw,Zona Central,Primavera,pfv_jose_soler_mallafre,0.5223587015948887,0.28140286891799615,135.78180511573328,185.46408365046153,0.20359281437125748,0.015205217415060321,0.2667637510424939
NHITS,7-Day Rollout,Invierno,Zona Central,Primavera,pfv_jose_soler_mallafre,0.5145962516103385,0.4710414312940624,146.43709690447025,309.0640868581329,0.047619047619047616,0.42262802584183695,0.052767180199194165
NHITS,7-Day Rollout,Otoño,Zona Central,Primavera,pfv_jose_soler_mallafre,0.539517025874153,0.5221237877534144,143.293231525704,130.16970236857128,0.0,0.30495602891700574,0.21790773109430653
NHITS,7-Day Rollout,Primavera,Zona Central,Primavera,pfv_jose_soler_mallafre,0.44501441292195654,0.3535961361509787,151.1146560410481,158.94902632753863,0.0,0.17139876425410744,0.18237267197329768
NHITS,7-Day Rollout,Verano,Zona Central,Primavera,pfv_jose_soler_mallafre,0.4800751442940004,0.3239909716981596,170.43347761085047,173.07714487399426,0.0,0.10307037899619897,0.22367398728688603
NHITS,Day 1,Raw,Zona Central,Primavera,pfv_villa_seca,1.4473032885816948,0.9696315370965749,143.479908224268,148.796403424113,0.20833333333333334,0.054188169341068716,0.9162532725487834
NHITS,Day 1,Invierno,Zona Central,Primavera,pfv_villa_seca,0.5720640124853821,0.5307554295707936,138.7963442629829,181.79966228898272,0.041666666666666664,0.401426467944854,0.13753870336239138
NHITS,Day 1,Otoño,Zona Central,Primavera,pfv_villa_seca,1.0898713185017586,0.9684992088975074,149.1073171715142,118.29366881752124,0.0,0.3564282889312987,0.61201465727936
NHITS,Day 1,Primavera,Zona Central,Primavera,pfv_villa_seca,1.241127897772251,0.965168578356194,155.33211598778075,127.59181155808668,0.0,0.21921298755526852,0.7426395644336782
NHITS,Day 1,Verano,Zona Central,Primavera,pfv_villa_seca,1.241405217847097,0.9444120284169912,166.67041625206463,139.48671291197536,0.0,0.2484912809294959,0.6995557386117676
NHITS,7-Day Rollout,Raw,Zona Central,Primavera,pfv_villa_seca,1.4651701529383063,0.9646248914210619,141.53887154709503,151.76784750505948,0.19642857142857142,0.050518896128536044,0.9145811169492107
NHITS,7-Day Rollout,Invierno,Zona Central,Primavera,pfv_villa_seca,0.6231349107574586,0.48737512582959297,154.43241196519435,208.04521518962065,0.06547619047619048,0.2890598491107453,0.2026039072999538
NHITS,7-Day Rollout,Otoño,Zona Central,Primavera,pfv_villa_seca,1.0540878039827455,0.9094142584238268,150.8618928344731,123.66196150527698,0.0,0.33076074155320556,0.5780069888100289
NHITS,7-Day Rollout,Primavera,Zona Central,Primavera,pfv_villa_seca,1.271278317092311,0.971704997360662,161.08561681367692,131.68301384525793,0.0,0.21325525611755436,0.7592822993914263
NHITS,7-Day Rollout,Verano,Zona Central,Primavera,pfv_villa_seca,1.1561365989262098,0.8525430724032612,154.81202124356378,135.1533756552151,0.0,0.1885299265977524,0.6647313965963858
NHITS,Day 1,Raw,Zona Central,Verano,alto_solar,0.009021388964020435,0.005194534237186114,91.66666666666666,0.0,0.3333333333333333,0.013073743414133787,0.0003928321724136674
NHITS,Day 1,Invierno,Zona Central,Verano,alto_solar,1.0451707306795277,0.8875935818165696,162.27659001184597,151.2511880449971,0.0,0.4154233130951373,0.47600976710721926
NHITS,Day 1,Operational,Zona Central,Verano,alto_solar,1.1300066845935148,1.0281463730789255,141.46301087898453,125.71226627542774,0.041666666666666664,0.521930026638923,0.5047814367634903
NHITS,Day 1,Otoño,Zona Central,Verano,alto_solar,1.1549491783075478,0.9531375253476048,150.29826747085815,132.79775356014025,0.0,0.368561150264092,0.5840478693906335
NHITS,Day 1,Primavera,Zona Central,Verano,alto_solar,0.8803416161203317,0.7850251277668576,149.31119402365854,130.60602233119846,0.0,0.37140222813826157,0.4140421266624495
NHITS,Day 1,Verano,Zona Central,Verano,alto_solar,1.1300066845935148,1.0281463730789255,141.46301087898453,125.71226627542774,0.041666666666666664,0.521930026638923,0.5047814367634903
NHITS,7-Day Rollout,Raw,Zona Central,Verano,alto_solar,0.004838144103324271,0.0022233972537963253,94.04761904761905,0.0,0.34523809523809523,0.005054306732390181,0.00016596918196141615
NHITS,7-Day Rollout,Invierno,Zona Central,Verano,alto_solar,0.7078566823381025,0.5670875138431646,169.11064474878447,242.34926276426862,0.03571428571428571,0.36750087341912324,0.2071100675161125
NHITS,7-Day Rollout,Operational,Zona Central,Verano,alto_solar,1.0768819677762842,0.9581855156242715,142.54713806635345,135.50949351789535,0.005952380952380952,0.5083661458309506,0.45098246132159453
NHITS,7-Day Rollout,Otoño,Zona Central,Verano,alto_solar,1.1009649904726924,0.8823855135761689,150.51744213675042,138.7493123510118,0.0,0.33858688669847437,0.542037796378108
NHITS,7-Day Rollout,Primavera,Zona Central,Verano,alto_solar,0.8697320087430586,0.7223569783290302,162.7684706126237,188.04092065767867,0.0,0.4211216976967383,0.30526158006350235
NHITS,7-Day Rollout,Verano,Zona Central,Verano,alto_solar,1.0768819677762842,0.9581855156242715,142.54713806635345,135.50949351789535,0.005952380952380952,0.5083661458309506,0.45098246132159453
NHITS,Day 1,Raw,Zona Central,Verano,chancon,1.3131526005015899,0.8955433489779049,127.90747048090034,145.3846876234634,0.16666666666666666,0.04928376548935679,0.8516080193065135
NHITS,Day 1,Invierno,Zona Central,Verano,chancon,0.6967255401601312,0.6720235044291863,153.33928202051806,148.00424215772668,0.0,0.410255074854164,0.2692503629601561
NHITS,Day 1,Otoño,Zona Central,Verano,chancon,0.9111004454350802,0.8161049071592666,142.55884552271522,118.50375378947444,0.0,0.3478549620221505,0.4677095275801548
NHITS,Day 1,Primavera,Zona Central,Verano,chancon,0.610351792987095,0.4969262444258978,146.51950291284425,142.22503115377654,0.0,0.23125092077922696,0.26481630237540227
NHITS,Day 1,Verano,Zona Central,Verano,chancon,1.108966243056771,0.8703218738858899,148.40030083021958,122.78304080745302,0.0,0.20176700333443778,0.6690964853546272
NHITS,7-Day Rollout,Raw,Zona Central,Verano,chancon,1.3736295145463724,0.9162216986230869,144.50126952866182,149.60312093107282,0.19642857142857142,0.04778043128632513,0.8697382170771257
NHITS,7-Day Rollout,Invierno,Zona Central,Verano,chancon,0.5363308989530614,0.47714275374721093,166.90353679630522,295.1045898042812,0.041666666666666664,0.37320092368695335,0.11030969174526362
NHITS,7-Day Rollout,Otoño,Zona Central,Verano,chancon,0.9826772736095641,0.8476186284320171,147.76830685585682,122.50465243683652,0.0,0.31941679691150765,0.5268274151745128
NHITS,7-Day Rollout,Primavera,Zona Central,Verano,chancon,0.6992226785093844,0.51119350290156,167.96960011368435,203.2277234259946,0.0,0.26298132305691113,0.2513881787495241
NHITS,7-Day Rollout,Verano,Zona Central,Verano,chancon,1.1993964489894007,0.9007902881407756,156.59759866688356,130.62693334165968,0.0,0.1798974894627463,0.7215293573207289
NHITS,Day 1,Raw,Zona Central,Verano,chimbarongo,0.5160993025460738,0.2950393051529924,110.788255373118,171.55365598480023,0.16666666666666666,0.020697395177558062,0.2803397495144357
NHITS,Day 1,Invierno,Zona Central,Verano,chimbarongo,1.0461094877846142,0.9844979626189646,152.18925157938406,359.1544261495781,0.0,0.9094545114177889,0.07974582429851584
NHITS,Day 1,Otoño,Zona Central,Verano,chimbarongo,1.0311631369293628,1.0004910740535706,138.79274198988256,113.66415225976102,0.0,0.5091138906893321,0.48993736723205084
NHITS,Day 1,Primavera,Zona Central,Verano,chimbarongo,0.7696607263755658,0.7272924741963607,145.64098616345998,408.30013554725787,0.0,0.6984162190623143,0.036177353366514384
NHITS,Day 1,Verano,Zona Central,Verano,chimbarongo,0.5446808894037174,0.5084306850718955,135.2712184602142,181.8295492686389,0.0,0.4039161620739226,0.10703091971420993
NHITS,7-Day Rollout,Raw,Zona Central,Verano,chimbarongo,1.211239966677423,0.768372063846116,138.91120158436127,157.28980445642495,0.19047619047619047,0.04060083438230972,0.7292376411345468
NHITS,7-Day Rollout,Invierno,Zona Central,Verano,chimbarongo,1.0495919292254663,1.0095994887170014,173.88088472959225,1003.8896874306823,0.03571428571428571,0.9592457455655199,0.060504250243957405
NHITS,7-Day Rollout,Otoño,Zona Central,Verano,chimbarongo,0.9814883662727277,0.9432150714182702,141.06068423351087,116.01393473519208,0.0,0.47389841774294184,0.469948977567672
NHITS,7-Day Rollout,Primavera,Zona Central,Verano,chimbarongo,0.8681869117501805,0.8371767656632558,165.80904268676022,302.69380071660015,0.0,0.6899300765292724,0.1525605982055253
NHITS,7-Day Rollout,Verano,Zona Central,Verano,chimbarongo,0.9821515778845121,0.7949569771147557,140.29706031176522,127.6178817241902,0.0,0.2985475059884309,0.4968231934938384
NHITS,Day 1,Raw,Zona Central,Verano,don_eugenio,1.3228889076863333,0.849890462263526,123.9692905394907,154.28163648869946,0.16666666666666666,0.047476022557869625,0.8082490885404695
NHITS,Day 1,Invierno,Zona Central,Verano,don_eugenio,0.8144495063251934,0.7621913404097237,157.33485924564195,140.03263187136304,0.0,0.39977419322118896,0.3662342843951289
NHITS,Day 1,Otoño,Zona Central,Verano,don_eugenio,1.2387989005943416,1.0592045010028717,150.94125502685392,119.70731516315224,0.0,0.3455816313478863,0.7150827968910258
NHITS,Day 1,Primavera,Zona Central,Verano,don_eugenio,0.7552337758940728,0.5729580981036028,151.63256494592036,150.272263320278,0.0,0.2337323303023974,0.3381019378701846
NHITS,Day 1,Verano,Zona Central,Verano,don_eugenio,1.1368931947903427,0.8538105287589133,150.8021959750738,132.59195068751833,0.0,0.21068360529995211,0.6419427392305805
NHITS,7-Day Rollout,Raw,Zona Central,Verano,don_eugenio,1.4700747305139985,0.9789839249100707,143.85377729406673,149.868266163941,0.19642857142857142,0.05096300492464747,0.9293756290601837
NHITS,7-Day Rollout,Invierno,Zona Central,Verano,don_eugenio,0.5805127223634595,0.5067847630943799,169.26052287228518,262.8656481817512,0.041666666666666664,0.36661570689702894,0.1455783682675625
NHITS,7-Day Rollout,Otoño,Zona Central,Verano,don_eugenio,1.1377864620642162,0.9549990881935498,151.6377998802402,125.19085034746762,0.0,0.3209927551963595,0.6326809593706544
NHITS,7-Day Rollout,Primavera,Zona Central,Verano,don_eugenio,0.9588623801280279,0.6904545401413911,165.34411640832153,162.38628202347482,0.0,0.23839102539739193,0.4535015678648137
NHITS,7-Day Rollout,Verano,Zona Central,Verano,don_eugenio,1.2950109766357563,0.9609330033411119,157.3504481844387,132.02051426632997,0.0,0.17931694675761173,0.7820811461008351
NHITS,Day 1,Raw,Zona Central,Verano,el_pilpen,1.7388010759646015,1.1346219671813742,138.45189429541972,152.56576330940692,0.16666666666666666,0.06000297267883071,1.0767111936618978
NHITS,Day 1,Invierno,Zona Central,Verano,el_pilpen,0.8032431521193836,0.7490507412197379,154.75235062192792,136.9274680261231,0.0,0.39348815302849594,0.35941136528175166
NHITS,Day 1,Otoño,Zona Central,Verano,el_pilpen,1.1966932953953593,1.0308256728506724,149.6001289946488,119.01101050228309,0.0,0.34663866635698165,0.6836574312699667
NHITS,Day 1,Primavera,Zona Central,Verano,el_pilpen,0.8518834627173708,0.6580093061165826,153.55068764849403,139.23287396102018,0.0,0.22848704258352273,0.42917925705629983
NHITS,Day 1,Verano,Zona Central,Verano,el_pilpen,1.534668008049639,1.1346736419509398,156.83106369139523,134.64704101365794,0.0,0.22558071183860498,0.9063791390797026
NHITS,7-Day Rollout,Raw,Zona Central,Verano,el_pilpen,1.727883491443346,1.1759443955869824,148.7841821821586,146.73882888894013,0.20238095238095238,0.060567149811480626,1.116172576985663
NHITS,7-Day Rollout,Invierno,Zona Central,Verano,el_pilpen,0.576962828357176,0.4952314699586558,163.22097630356384,238.17691954389227,0.03571428571428571,0.3543565137075109,0.14813043241717336
NHITS,7-Day Rollout,Otoño,Zona Central,Verano,el_pilpen,1.1828659253509122,0.987160993764389,153.0151423220384,126.90662417813701,0.0,0.32861736979261225,0.6562624902742754
NHITS,7-Day Rollout,Primavera,Zona Central,Verano,el_pilpen,0.9666472202397038,0.6872700550613358,171.21623026864938,172.87075426144324,0.0,0.25266788867602374,0.43717565023948946
NHITS,7-Day Rollout,Verano,Zona Central,Verano,el_pilpen,1.544313815511674,1.1535982373808957,161.91621129937855,131.1483692388465,0.0,0.18839631434496895,0.9658337878217201
NHITS,Day 1,Raw,Zona Central,Verano,el_roble,3.1118773724598108,1.5879381634294987,97.64592190886349,194.35925242229513,0.20833333333333334,0.09735788467029731,1.5188147627438109
NHITS,Day 1,Invierno,Zona Central,Verano,el_roble,2.4286283648678095,2.2229712821232774,154.79623931923322,139.67009236992254,0.0,1.172778489324264,1.0636370312034462
NHITS,Day 1,Otoño,Zona Central,Verano,el_roble,3.439430595043023,2.973751763523372,150.60890699802945,120.69991014026166,0.0,1.0512368455725059,1.926645351450679
NHITS,Day 1,Primavera,Zona Central,Verano,el_roble,2.498604428784054,2.1425415001964816,146.18098346958718,145.56728054241904,0.0,1.1394435397310492,0.9972799202931735
NHITS,Day 1,Verano,Zona Central,Verano,el_roble,2.7416335715820215,2.0365414979557195,172.1360906885187,171.2348488100427,0.0,0.8105450194949905,1.2219920633360744
NHITS,7-Day Rollout,Raw,Zona Central,Verano,el_roble,4.304227543019955,2.7008761126666547,138.81715317295576,159.11427961243533,0.19642857142857142,0.1416859008715186,2.564782602480097
NHITS,7-Day Rollout,Invierno,Zona Central,Verano,el_roble,1.7666001267388018,1.5229351048769353,165.21175638089574,230.1955605444347,0.03571428571428571,1.0588512011696376,0.487445598274907
NHITS,7-Day Rollout,Otoño,Zona Central,Verano,el_roble,3.1601483318036934,2.694902426789413,155.63286524988027,130.01788001243878,0.0,1.0145291856222063,1.6765891912972037
NHITS,7-Day Rollout,Primavera,Zona Central,Verano,el_roble,2.7290301874265652,2.28960609356554,164.09446391099885,177.2514092870286,0.0,1.2567651644603757,1.0446154404211572
NHITS,7-Day Rollout,Verano,Zona Central,Verano,el_roble,3.8221656528283448,2.762679894462746,162.77741543074288,141.29366869700104,0.0,0.5871064401063493,2.1760754141982726
NHITS,Day 1,Raw,Zona Central,Verano,el_sauce,1.084768296582649,0.5503328600898385,93.53138654825877,195.98619616838192,0.25,0.03556133870345851,0.5252583214237044
NHITS,Day 1,Invierno,Zona Central,Verano,el_sauce,0.7947944618023757,0.7375749722123146,159.82990486423972,151.91003355024984,0.0,0.4133979177723328,0.331491876517733
NHITS,Day 1,Otoño,Zona Central,Verano,el_sauce,1.1370845174928108,0.9872261316765313,152.15269861239088,121.15411920979497,0.0,0.35152683328882023,0.6371493560879874
NHITS,Day 1,Primavera,Zona Central,Verano,el_sauce,0.7178880853666743,0.6321055022175036,143.74857219510122,154.77842226656324,0.0,0.3862190053790982,0.2441814130907006
NHITS,Day 1,Verano,Zona Central,Verano,el_sauce,0.9629965900093639,0.7026268489037951,175.07326145979266,173.9855775593994,0.0,0.27215079741242026,0.4293468858270595
NHITS,7-Day Rollout,Raw,Zona Central,Verano,el_sauce,1.364899145975536,0.8664492132984811,137.99833998094988,157.30607399832624,0.19642857142857142,0.04580217426678462,0.8226523943547883
NHITS,7-Day Rollout,Invierno,Zona Central,Verano,el_sauce,0.5702950608790496,0.49844542125155805,170.2615346520849,280.3389502912497,0.03571428571428571,0.3700288630481651,0.13529704784026522
NHITS,7-Day Rollout,Otoño,Zona Central,Verano,el_sauce,1.0866311140523917,0.919510567063006,155.919004465202,129.55509756951466,0.0,0.3334614392829816,0.5843716480165535
NHITS,7-Day Rollout,Primavera,Zona Central,Verano,el_sauce,0.8717082731461044,0.727891185238453,168.6372041137555,202.10697487380494,0.0,0.43509027300595854,0.2966167574906735
NHITS,7-Day Rollout,Verano,Zona Central,Verano,el_sauce,1.2052099813654107,0.8879583059786542,163.60552561495686,138.90116125314395,0.0,0.1933037820491466,0.6952470008484462
NHITS,Day 1,Raw,Zona Central,Verano,la_acacia,0.04184694318684194,0.02587257946530978,100.0,0.0,0.25,0.04178614094853402,0.0011823852236072232
NHITS,Day 1,Invierno,Zona Central,Verano,la_acacia,3.5947510774329885,3.4744334956771277,163.38524544542918,987.8132560838857,0.041666666666666664,3.316526302072191,0.17324622740728743
NHITS,Day 1,Operational,Zona Central,Verano,la_acacia,3.156414145459583,2.7710997331887484,145.26513681202243,113.14542968027385,0.0,0.9285567790580291,1.8375121735967692
NHITS,Day 1,Otoño,Zona Central,Verano,la_acacia,2.632776083719227,2.374811871772787,145.73458746513978,120.04575454330144,0.0,1.0061549228722773,1.3675485588076601
NHITS,Day 1,Primavera,Zona Central,Verano,la_acacia,0.8861091934555969,0.8108615293725355,139.8033786568182,309.6831013989025,0.0,0.780078766385001,0.04892381585947688
NHITS,Day 1,Verano,Zona Central,Verano,la_acacia,3.156414145459583,2.7710997331887484,145.26513681202243,113.14542968027385,0.0,0.9285567790580291,1.8375121735967692
NHITS,7-Day Rollout,Raw,Zona Central,Verano,la_acacia,0.01819740810336752,0.007793402184948458,96.42857142857143,0.0,0.3392857142857143,0.014997577249942837,0.000476104605539669
NHITS,7-Day Rollout,Invierno,Zona Central,Verano,la_acacia,3.3690081187987926,3.254198619287977,160.56272353785678,748.7898044281362,0.010638297872340425,3.1236375300071364,0.16323421726178292
NHITS,7-Day Rollout,Operational,Zona Central,Verano,la_acacia,3.027205615001974,2.5718580733422036,146.36757256622928,118.23783926135243,0.0,0.8485316862952978,1.7231934973560523
NHITS,7-Day Rollout,Otoño,Zona Central,Verano,la_acacia,2.4449018932250297,2.171156972108119,155.55198094392932,135.91321166762282,0.0,1.0004149436091514,1.1666625112735431
NHITS,7-Day Rollout,Primavera,Zona Central,Verano,la_acacia,1.7934735785167661,1.427701430567963,150.9813395080934,148.3246489644207,0.005952380952380952,0.6197753716260108,0.8092991585131347
NHITS,7-Day Rollout,Verano,Zona Central,Verano,la_acacia,3.027205615001974,2.5718580733422036,146.36757256622928,118.23783926135243,0.0,0.8485316862952978,1.7231934973560523
NHITS,Day 1,Raw,Zona Central,Verano,la_blanquina,0.05412227490815027,0.026246043329592794,90.47123534646234,626.9224846787291,0.3333333333333333,0.032890118455785954,0.009296326976618731
NHITS,Day 1,Invierno,Zona Central,Verano,la_blanquina,2.3146233317752967,2.1700192144683874,154.32981780072018,141.42667586603585,0.0,1.200522811821429,0.9827553905604872
NHITS,Day 1,Operational,Zona Central,Verano,la_blanquina,2.6157784967529354,2.3407333608483896,143.29788925582082,123.50843842746013,0.0,1.071050724905217,1.2686100064020138
NHITS,Day 1,Otoño,Zona Central,Verano,la_blanquina,2.6157784967529354,2.3407333608483896,143.29788925582082,123.50843842746013,0.0,1.071050724905217,1.2686100064020138
NHITS,Day 1,Primavera,Zona Central,Verano,la_blanquina,2.8117115658932894,2.490894449307234,150.2524369453185,129.41339921153053,0.0,1.115955121245012,1.3751637805279946
NHITS,Day 1,Verano,Zona Central,Verano,la_blanquina,4.531165623412325,3.570781846996397,161.03631644938227,123.40741757952446,0.0,0.6500952856227135,2.92465093062104
NHITS,7-Day Rollout,Raw,Zona Central,Verano,la_blanquina,2.358770076837134,1.1738366009535857,121.338521384893,201.29600891612083,0.25,0.06955069150346736,1.1100507009300817
NHITS,7-Day Rollout,Invierno,Zona Central,Verano,la_blanquina,1.71298310083778,1.5023866870478308,168.62027972269306,279.8574102328395,0.03571428571428571,1.1211972324955024,0.39834267891340763
NHITS,7-Day Rollout,Operational,Zona Central,Verano,la_blanquina,2.0679835582317407,1.8016754231035261,156.62014920004458,187.0395860612141,0.0,1.1758939522198835,0.6311018110302636
NHITS,7-Day Rollout,Otoño,Zona Central,Verano,la_blanquina,2.0679835582317407,1.8016754231035261,156.62014920004458,187.0395860612141,0.0,1.1758939522198835,0.6311018110302636
NHITS,7-Day Rollout,Primavera,Zona Central,Verano,la_blanquina,2.5605065824856115,2.185784210908293,165.7095093059825,191.14211446980514,0.0,1.3024494936400082,0.895315798805123
NHITS,7-Day Rollout,Verano,Zona Central,Verano,la_blanquina,3.938260501336076,2.8354100308247974,157.76557007917472,138.5320630365347,0.0,0.5720309883178698,2.2637407124574693
NHITS,Day 1,Raw,Zona Central,Verano,la_frontera,1.335358789207136,0.8545726673401077,122.81515497274751,154.01368527588866,0.16666666666666666,0.04995631391975622,0.8132050155396428
NHITS,Day 1,Invierno,Zona Central,Verano,la_frontera,1.8323813105041658,1.7776395244970142,147.91062021260277,171.91267447264156,0.0,1.2861994117891298,0.5017239668149461
NHITS,Day 1,Otoño,Zona Central,Verano,la_frontera,1.9123115218403997,1.5967473233661924,150.1135481576404,128.28621564881536,0.0,0.5855439305480103,1.0103848643348707
NHITS,Day 1,Primavera,Zona Central,Verano,la_frontera,1.4546417627760535,1.154209035999011,162.37663733356348,142.01461076309968,0.0,0.3976633510968182,0.75621061528059
NHITS,Day 1,Verano,Zona Central,Verano,la_frontera,1.0554544125396406,0.9851450229200255,132.87744162313666,122.28732156061129,0.0,0.5587775362568005,0.42785529682791495
NHITS,7-Day Rollout,Raw,Zona Central,Verano,la_frontera,1.72452872324922,1.0561621865533095,134.7720804935732,162.7928564681033,0.19047619047619047,0.056135135965641535,1.0028703278395525
NHITS,7-Day Rollout,Invierno,Zona Central,Verano,la_frontera,1.6912625740417442,1.6234292787084454,164.9346032933679,414.73285090713136,0.03571428571428571,1.4304321518152527,0.21030573835144895
NHITS,7-Day Rollout,Otoño,Zona Central,Verano,la_frontera,1.8964363544527802,1.5428310206913185,152.40811987238462,132.0399367739701,0.0,0.5363559108716887,1.003749309692839
NHITS,7-Day Rollout,Primavera,Zona Central,Verano,la_frontera,1.3900542538114626,0.962080601250044,166.00812522750178,189.21494408473725,0.0,0.41058339147711953,0.5567980832110868
NHITS,7-Day Rollout,Verano,Zona Central,Verano,la_frontera,1.398198258666868,1.148688724473937,141.09369599639783,131.9442229929627,0.0,0.4914749022655867,0.6565627872117272
NHITS,Day 1,Raw,Zona Central,Verano,la_manga_i,1.0215788633794032,0.6455651546420995,124.01334920963379,156.4007205181258,0.16666666666666666,0.036779801950615365,0.614118441939839
NHITS,Day 1,Invierno,Zona Central,Verano,la_manga_i,0.7969143877582751,0.7194419917553508,153.17680284362717,149.53852419283447,0.0,0.40349877079182384,0.32334920896634384
NHITS,Day 1,Otoño,Zona Central,Verano,la_manga_i,0.8704749074835564,0.7554615173624674,142.35511053890372,130.59297978168735,0.0,0.361682582491873,0.3934107409610685
NHITS,Day 1,Primavera,Zona Central,Verano,la_manga_i,0.7704515867129358,0.6107780763801808,154.66083867981558,140.9274796044996,0.0,0.23347615100016506,0.3771126730580969
NHITS,Day 1,Verano,Zona Central,Verano,la_manga_i,0.8064877273556071,0.7088340324844467,135.54474983753752,123.67231864401616,0.0,0.34228142972303127,0.36751191319369053
NHITS,7-Day Rollout,Raw,Zona Central,Verano,la_manga_i,1.0234953843909207,0.6535174026335883,145.8666573912537,156.14968125361224,0.19047619047619047,0.034632807779877,0.6201833261831683
NHITS,7-Day Rollout,Invierno,Zona Central,Verano,la_manga_i,0.5809569219736453,0.5005191855226431,167.09170645647205,262.59806113917807,0.03571428571428571,0.3663412929204382,0.14296643808457551
NHITS,7-Day Rollout,Otoño,Zona Central,Verano,la_manga_i,0.8283422528296918,0.7217640077693172,145.52090579207885,130.93582094849293,0.0,0.33068275640964984,0.3891055953604553
NHITS,7-Day Rollout,Primavera,Zona Central,Verano,la_manga_i,0.6898780273344053,0.5190544553351812,166.3117800957158,185.16712014773964,0.0,0.25208736260985404,0.2692163513755279
NHITS,7-Day Rollout,Verano,Zona Central,Verano,la_manga_i,0.8089545487243811,0.6975750424361954,139.1264486940132,123.43124450841552,0.0,0.29849513006016265,0.3991016734375678
NHITS,Day 1,Raw,Zona Central,Verano,los_libertadores,3.774311166613194,2.409060494042933,131.85157505130562,156.14902948359784,0.125,0.13440915999623637,2.278684833816563
NHITS,Day 1,Invierno,Zona Central,Verano,los_libertadores,1.6587978680307565,1.6581567227840424,200.0,0.0,0.0,1.587718960146109,0.08246673171718923
NHITS,Day 1,Operational,Zona Central,Verano,los_libertadores,3.1676287417756077,2.6429490049680076,147.2043845548845,125.58790010091356,0.0,0.9364216978351273,1.6950628578662872
NHITS,Day 1,Otoño,Zona Central,Verano,los_libertadores,2.8678361826664194,2.4194675715019307,146.9239328723381,128.55088719200484,0.0,0.9689100920843581,1.4494595347903667
NHITS,Day 1,Primavera,Zona Central,Verano,los_libertadores,2.720753483306061,1.9331704845341544,154.95100643717947,154.85093655113658,0.0,0.6456895616448795,1.2865679499770823
NHITS,Day 1,Verano,Zona Central,Verano,los_libertadores,3.1676287417756077,2.6429490049680076,147.2043845548845,125.58790010091356,0.0,0.9364216978351273,1.6950628578662872
NHITS,7-Day Rollout,Raw,Zona Central,Verano,los_libertadores,3.8466835938519677,2.460134403720509,138.66377624953788,156.11925208393603,0.19047619047619047,0.12875555526819274,2.3334027854827233
NHITS,7-Day Rollout,Invierno,Zona Central,Verano,los_libertadores,1.5417229452102854,1.3152054724940772,167.9410801907284,518.2590904397106,0.08333333333333333,1.1001755609426698,0.22915639053848802
NHITS,7-Day Rollout,Operational,Zona Central,Verano,los_libertadores,3.1918047143194066,2.603298109002589,149.30511606572557,127.47029443458186,0.0,0.850599636657474,1.7504951692663044
NHITS,7-Day Rollout,Otoño,Zona Central,Verano,los_libertadores,2.7830990973058123,2.3005834117482533,149.10080365247995,131.5910833528101,0.0,0.8848587553972339,1.4117851335836684
NHITS,7-Day Rollout,Primavera,Zona Central,Verano,los_libertadores,2.623477515357773,1.7843111722020697,153.90596308472644,164.2008575273354,0.0,0.6055074513244743,1.1771551941146727
NHITS,7-Day Rollout,Verano,Zona Central,Verano,los_libertadores,3.1918047143194066,2.603298109002589,149.30511606572557,127.47029443458186,0.0,0.850599636657474,1.7504951692663044
NHITS,Day 1,Raw,Zona Central,Verano,los_patos,0.011409225209118327,0.006516695022583008,100.0,0.0,0.2916666666666667,0.01382193947210908,0.00038155543928345076
NHITS,Day 1,Invierno,Zona Central,Verano,los_patos,0.843300591118756,0.8083870642197629,152.58692415051104,210.77021514712087,0.041666666666666664,0.6376263696622725,0.17490836621727798
NHITS,Day 1,Operational,Zona Central,Verano,los_patos,1.5835550797839888,1.3345029310633738,155.9595207803212,117.85374516696041,0.0,0.34571027193839354,0.9919651206893225
NHITS,Day 1,Otoño,Zona Central,Verano,los_patos,1.3026485185629793,1.1106201144284569,152.8965770053595,121.58821717981053,0.0,0.35707268298817024,0.7530175678790935
NHITS,Day 1,Primavera,Zona Central,Verano,los_patos,0.7562571457006828,0.6792859132401645,145.97363831899247,144.3085513136989,0.0,0.38843390437929576,0.2947809034104769
NHITS,Day 1,Verano,Zona Central,Verano,los_patos,1.5835550797839888,1.3345029310633738,155.9595207803212,117.85374516696041,0.0,0.34571027193839354,0.9919651206893225
NHITS,7-Day Rollout,Raw,Zona Central,Verano,los_patos,0.0053161006796159545,0.0023886361327424225,100.0,0.0,0.34523809523809523,0.005077952916828855,0.00015665453153078935
NHITS,7-Day Rollout,Invierno,Zona Central,Verano,los_patos,0.7774692712509785,0.7474261868219834,170.68869575429352,723.7523627323462,0.041666666666666664,0.6932693839523251,0.05980085163779832
NHITS,7-Day Rollout,Operational,Zona Central,Verano,los_patos,1.5146909150350707,1.2464515622483479,157.4867268789013,121.41411290926582,0.0,0.3136103479114051,0.9339429392113484
NHITS,7-Day Rollout,Otoño,Zona Central,Verano,los_patos,1.3053940218875377,1.0860633163332143,155.11204956334876,124.56007676585716,0.0,0.32611568528756746,0.7582290961261693
NHITS,7-Day Rollout,Primavera,Zona Central,Verano,los_patos,0.8818920252268609,0.7376922355466117,166.87808662585527,201.82921735466155,0.0,0.44113001191020934,0.30108430951806137
NHITS,7-Day Rollout,Verano,Zona Central,Verano,los_patos,1.5146909150350707,1.2464515622483479,157.4867268789013,121.41411290926582,0.0,0.3136103479114051,0.9339429392113484
NHITS,Day 1,Raw,Zona Central,Verano,peralillo,0.678744673115449,0.4466255427387675,131.00650449691645,149.43575575159406,0.16666666666666666,0.026778046379674455,0.42511102197424666
NHITS,Day 1,Invierno,Zona Central,Verano,peralillo,0.8414752484150413,0.8067045854653164,147.6158455851186,168.36130225639587,0.0,0.5882094164459887,0.22409108515642706
NHITS,Day 1,Otoño,Zona Central,Verano,peralillo,1.2550455581661606,1.1652278469409794,143.8885853021752,115.71596170528593,0.0,0.5057024481977956,0.6581132002989761
NHITS,Day 1,Primavera,Zona Central,Verano,peralillo,0.8859500431861209,0.6840208888287739,159.0216358134894,145.36323582960227,0.0,0.24103162038809314,0.4428009087604055
NHITS,Day 1,Verano,Zona Central,Verano,peralillo,0.5313574696772716,0.471013661208076,136.26891379113798,116.99076102539814,0.0,0.20166481776357348,0.2691976319865546
NHITS,7-Day Rollout,Raw,Zona Central,Verano,peralillo,1.5077918009090339,0.9814611964616463,144.55719862926892,153.32112553654537,0.19642857142857142,0.05098762819949498,0.9317732547790702
NHITS,7-Day Rollout,Invierno,Zona Central,Verano,peralillo,0.7582806932335489,0.7209609538471194,162.27044046377935,428.840226066049,0.03571428571428571,0.6466934165895556,0.08121336070986623
NHITS,7-Day Rollout,Otoño,Zona Central,Verano,peralillo,1.2015447305088132,1.0910560301493941,144.29660265964043,118.66155340775555,0.0,0.46732869769939933,0.6242790572564229
NHITS,7-Day Rollout,Primavera,Zona Central,Verano,peralillo,0.9050910762975337,0.6184097416778074,170.22567342429886,195.9352399953971,0.0,0.2612851964030206,0.3601890681315445
NHITS,7-Day Rollout,Verano,Zona Central,Verano,peralillo,1.341187782412654,0.9669248608662118,155.99732511244022,136.37846743044625,0.0,0.18173059790793347,0.7861289423298934
NHITS,Day 1,Raw,Zona Central,Verano,pfv_marchigue_ii,5.417080311644622,3.708466164767742,130.25078706150202,145.63669194877536,0.16666666666666666,0.19419629902889332,3.516311534369985
NHITS,Day 1,Invierno,Zona Central,Verano,pfv_marchigue_ii,2.784513768353074,2.5020014022787413,157.432110132811,137.09467201355577,0.0,1.184948060537378,1.3302331508447727
NHITS,Day 1,Otoño,Zona Central,Verano,pfv_marchigue_ii,4.422538697770868,3.6797777627944015,154.55468768216755,121.27228651478184,0.0,1.049686573126625,2.634235652362501
NHITS,Day 1,Primavera,Zona Central,Verano,pfv_marchigue_ii,3.586117472284152,2.715405288618058,166.16433481746273,140.97412757678057,0.0,0.7364835956366732,1.9774875910719854
NHITS,Day 1,Verano,Zona Central,Verano,pfv_marchigue_ii,4.7530076740619664,3.6668301224708557,162.11311656789292,127.78328446959517,0.0,0.6748901744683584,2.991515882934133
NHITS,7-Day Rollout,Raw,Zona Central,Verano,pfv_marchigue_ii,5.049309835359227,3.316750673344359,134.42287735281488,152.0252489960392,0.208,0.17202559455838057,3.14641525772959
NHITS,7-Day Rollout,Invierno,Zona Central,Verano,pfv_marchigue_ii,2.0209462895436716,1.6526832555952882,161.84214762523882,225.21212001788186,0.041666666666666664,1.068655982705587,0.6069492594483086
NHITS,7-Day Rollout,Otoño,Zona Central,Verano,pfv_marchigue_ii,4.168424287592579,3.403349856868902,155.93563780372827,125.54480236252492,0.0,0.9723203750566641,2.4296921901926303
NHITS,7-Day Rollout,Primavera,Zona Central,Verano,pfv_marchigue_ii,3.035059349160164,2.072632917802516,169.7571388587323,181.2365696717039,0.0,0.7674414681533315,1.3137439156450463
NHITS,7-Day Rollout,Verano,Zona Central,Verano,pfv_marchigue_ii,4.606152042601301,3.476962392344692,162.75967942427457,130.9163734683761,0.0,0.6144780017790716,2.861412062469901
NHITS,Day 1,Raw,Zona Sur,Invierno,las_codornices,1.100191081671274,0.6691912727352852,126.86538305237269,164.2877326571669,0.08333333333333333,0.03880850818823092,0.6326108327581702
NHITS,Day 1,Invierno,Zona Sur,Invierno,las_codornices,0.9034800388226542,0.7534376182593405,157.57460161013051,134.94742362758313,0.0,0.29227173791732636,0.46408783705749856
NHITS,Day 1,Otoño,Zona Sur,Invierno,las_codornices,1.3877487105512603,1.1182239000336267,159.78381142813777,124.6571751864003,0.0,0.2733665283391019,0.8450933846053278
NHITS,Day 1,Primavera,Zona Sur,Invierno,las_codornices,0.6017702727258653,0.4408798638711839,150.47401876086386,160.78875833332566,0.0,0.18621114548732295,0.2563691575948421
NHITS,Day 1,Verano,Zona Sur,Invierno,las_codornices,1.8506674168348534,1.4410445291238527,168.7133288030009,124.87784513741174,0.0,0.18642267619725317,1.2557530446831757
NHITS,7-Day Rollout,Raw,Zona Sur,Invierno,las_codornices,0.9780956540654618,0.5537393712128549,125.26576981278214,176.47713625267235,0.20833333333333334,0.029966280768184375,0.5245325306676369
NHITS,7-Day Rollout,Invierno,Zona Sur,Invierno,las_codornices,0.9304909482302492,0.5974167796881548,158.7837372977029,167.90681500715087,0.10119047619047619,0.13813198846546584,0.4594720510683795
NHITS,7-Day Rollout,Otoño,Zona Sur,Invierno,las_codornices,1.32201379440257,1.0350633173664046,159.62933575916094,129.65646162029665,0.0,0.2523465529959053,0.7825689169295184
NHITS,7-Day Rollout,Primavera,Zona Sur,Invierno,las_codornices,0.5950675909500903,0.43577020094833835,151.22637636335276,155.52699406350467,0.0,0.16750695279674124,0.2679868569478601
NHITS,7-Day Rollout,Verano,Zona Sur,Invierno,las_codornices,1.606991774244185,1.1791643450713396,163.99933520003657,133.00101119165163,0.0,0.1632790579602334,1.016331253227658
NHITS_LOCAL,Day 1,Raw,Norte Chico,Invierno,canesa_solar_i,0.04051754063948516,0.021286384124929707,83.33333333333334,0.0,0.4583333333333333,0.04775307367672212,0.0017060132386783776
NHITS_LOCAL,Day 1,Raw,Norte Chico,Invierno,chalinga_solar,0.8786608424281568,0.527522006702687,144.53502689239397,166.52233339448833,0.16666666666666666,0.02940800191087571,0.5005264340890183
NHITS_LOCAL,Day 1,Invierno,Norte Chico,Invierno,chalinga_solar,0.7111953372767088,0.621251456963364,154.60810475124137,133.74460642070787,0.0,0.2738575133815175,0.350415218709774
NHITS_LOCAL,Day 1,Otoño,Norte Chico,Invierno,chalinga_solar,0.9848003928323834,0.6731381004404587,168.88776078239616,145.93613965998838,0.041666666666666664,0.07489156198280397,0.6040285751892952
NHITS_LOCAL,Day 1,Primavera,Norte Chico,Invierno,chalinga_solar,1.2574132826419449,0.8057442433588827,172.74659826831603,158.77494993406836,0.08333333333333333,0.06318804380474224,0.7412845788242217
NHITS_LOCAL,Day 1,Verano,Norte Chico,Invierno,chalinga_solar,1.5259616458113874,1.08892556305121,169.17959723230896,139.08679951426913,0.041666666666666664,0.09145539645784691,1.0018434699983725
NHITS_LOCAL,7-Day Rollout,Raw,Norte Chico,Invierno,chalinga_solar,0.9856242696885481,0.5989210031835855,161.97841090736358,164.4996993013821,0.13095238095238096,0.03342869205322304,0.5667602649125663
NHITS_LOCAL,7-Day Rollout,Invierno,Norte Chico,Invierno,chalinga_solar,0.8102139781659315,0.6763438283711106,156.48805586989556,135.66695993837413,0.017857142857142856,0.2572860011267905,0.42126694682287746
NHITS_LOCAL,7-Day Rollout,Otoño,Norte Chico,Invierno,chalinga_solar,0.9775126330510044,0.6576655825820193,176.41848191341347,149.23262927246614,0.03571428571428571,0.06203257363407649,0.5966653885080268
NHITS_LOCAL,7-Day Rollout,Primavera,Norte Chico,Invierno,chalinga_solar,1.217517624230358,0.7626382471060728,181.77529178619386,160.28303983916172,0.09523809523809523,0.04357834657262499,0.7189580640879576
NHITS_LOCAL,7-Day Rollout,Verano,Norte Chico,Invierno,chalinga_solar,1.475826921253164,1.0214439076419997,175.92189592450507,144.23007118567543,0.05357142857142857,0.06868231408149031,0.9532281999101715
NHITS_LOCAL,Day 1,Raw,Norte Chico,Invierno,illapel_5x,0.925969823989688,0.5360137627527971,149.59754288180014,173.20217875537162,0.20833333333333334,0.03197531710520707,0.5038861246589174
NHITS_LOCAL,Day 1,Invierno,Norte Chico,Invierno,illapel_5x,0.9179524261463786,0.5389181537320837,190.06013169178385,171.72876277299542,0.0,0.041318461960569645,0.5023345097673881
NHITS_LOCAL,Day 1,Otoño,Norte Chico,Invierno,illapel_5x,0.8975848320974231,0.7057006477552932,149.7472387776777,127.76318101943289,0.041666666666666664,0.17899578028930896,0.5322981683251177
NHITS_LOCAL,Day 1,Primavera,Norte Chico,Invierno,illapel_5x,1.4082052535810046,0.9089998921845108,174.22515042232916,157.60250545130415,0.08333333333333333,0.070154268675833,0.8369542039193524
NHITS_LOCAL,Day 1,Verano,Norte Chico,Invierno,illapel_5x,1.7588891537421605,1.1367776656988628,189.5434650304176,155.21705248038714,0.0,0.06602734234303208,1.0694896849677111
NHITS_LOCAL,7-Day Rollout,Raw,Norte Chico,Invierno,illapel_5x,1.1536408608947943,0.6971576291651196,162.75195157457983,165.4645989852761,0.1488095238095238,0.03851721740170054,0.6594939579731192
NHITS_LOCAL,7-Day Rollout,Invierno,Norte Chico,Invierno,illapel_5x,1.1542590998935764,0.6997709533055362,185.51903390228532,165.5738509303661,0.06547619047619048,0.040483630047466634,0.660205223635157
NHITS_LOCAL,7-Day Rollout,Otoño,Norte Chico,Invierno,illapel_5x,0.8378964327417228,0.6423020683126434,157.63468613321555,136.0074970353295,0.017857142857142856,0.17092513196397988,0.4727379575885062
NHITS_LOCAL,7-Day Rollout,Primavera,Norte Chico,Invierno,illapel_5x,1.3058005557314916,0.8020962539349706,181.76305725926855,163.51199461022887,0.1130952380952381,0.04597114853304339,0.7558259533171763
NHITS_LOCAL,7-Day Rollout,Verano,Norte Chico,Invierno,illapel_5x,1.504807969739889,0.8757752380330823,191.1916201173656,172.21866581438806,0.041666666666666664,0.04865724953740029,0.8267658321879461
NHITS_LOCAL,Day 1,Raw,Norte Chico,Invierno,norte_chico_i,0.14534277010628918,0.0820733852730579,111.43886956757811,175.9017002742526,0.25,0.005655994804055809,0.07769920326281864
NHITS_LOCAL,Day 1,Invierno,Norte Chico,Invierno,norte_chico_i,0.12248383441070079,0.10449390579015017,129.5954588487364,144.00211780040303,0.125,0.05429676831699907,0.05128327564646801
NHITS_LOCAL,Day 1,Otoño,Norte Chico,Invierno,norte_chico_i,1.105237538514231,0.7210944723628927,189.91078922489376,153.59207338295363,0.041666666666666664,0.04362663468297493,0.6801032451122108
NHITS_LOCAL,Day 1,Primavera,Norte Chico,Invierno,norte_chico_i,0.32701002453039124,0.19155252842892878,165.10160030312738,170.75033442628813,0.08333333333333333,0.012156469717191004,0.18129740492711335
NHITS_LOCAL,Day 1,Verano,Norte Chico,Invierno,norte_chico_i,1.2254295510007132,0.8426923107472248,174.7837330240052,145.8551598173705,0.041666666666666664,0.051679208450756665,0.7886017032481808
NHITS_LOCAL,7-Day Rollout,Raw,Norte Chico,Invierno,norte_chico_i,0.24948931632891858,0.17362568686207694,137.14464707651192,142.89875792255313,0.22413793103448276,0.009476951173436303,0.1643982269105593
NHITS_LOCAL,7-Day Rollout,Invierno,Norte Chico,Invierno,norte_chico_i,0.2044107768052805,0.16175014434328652,115.24910133897217,107.71757587080282,0.11926605504587157,0.032941955907384184,0.12918636217598742
NHITS_LOCAL,7-Day Rollout,Otoño,Norte Chico,Invierno,norte_chico_i,1.07783454345542,0.6825798360745726,185.41080060893137,158.23196824828517,0.125,0.03807103642037917,0.6454127497786256
NHITS_LOCAL,7-Day Rollout,Primavera,Norte Chico,Invierno,norte_chico_i,0.3484375463008928,0.21244579453330575,183.24497386430636,164.40525159910396,0.08928571428571429,0.011841716098934304,0.20083992900972109
NHITS_LOCAL,7-Day Rollout,Verano,Norte Chico,Invierno,norte_chico_i,1.1878853560180374,0.8045924501583657,182.92340084774904,147.8639489398654,0.10714285714285714,0.04383634583337838,0.7602060209317035
NHITS_LOCAL,Day 1,Raw,Norte Chico,Invierno,parque_solar_fotovoltaico_maranon,0.599180278869369,0.3844056533222708,114.49847135796558,154.95701501476523,0.25,0.027640804956899957,0.3602361950902983
NHITS_LOCAL,Day 1,Invierno,Norte Chico,Invierno,parque_solar_fotovoltaico_maranon,0.5859940713584711,0.40330539100492996,181.4606781631092,151.4024338091224,0.041666666666666664,0.053788177469202,0.3478127618650129
NHITS_LOCAL,Day 1,Otoño,Norte Chico,Invierno,parque_solar_fotovoltaico_maranon,3.050131740521934,2.68851307494333,138.3747755592503,114.62079809329224,0.041666666666666664,0.9772277721737433,1.7230880727186255
NHITS_LOCAL,Day 1,Primavera,Norte Chico,Invierno,parque_solar_fotovoltaico_maranon,0.6463171593380425,0.45053233579771285,183.82029494832528,143.9426168487978,0.041666666666666664,0.02911770780823038,0.42243421636570316
NHITS_LOCAL,Day 1,Verano,Norte Chico,Invierno,parque_solar_fotovoltaico_maranon,0.5701770524198538,0.47563239846689004,155.6911971054059,114.78881637194334,0.0,0.0899270846780079,0.3803550446600032
NHITS_LOCAL,7-Day Rollout,Raw,Norte Chico,Invierno,parque_solar_fotovoltaico_maranon,0.5916402568689072,0.3776770619396298,119.40160426193228,156.0034517625699,0.2261904761904762,0.025419917023813774,0.3538939525129342
NHITS_LOCAL,7-Day Rollout,Invierno,Norte Chico,Invierno,parque_solar_fotovoltaico_maranon,0.588086955636038,0.38428906081107883,188.91925897999243,155.06985874435765,0.023809523809523808,0.030570338201892817,0.35351343615192726
NHITS_LOCAL,7-Day Rollout,Otoño,Norte Chico,Invierno,parque_solar_fotovoltaico_maranon,3.002520249137964,2.6202761331520334,148.33612459454918,121.27419613327663,0.005952380952380952,0.9666116184136745,1.6483165516706115
NHITS_LOCAL,7-Day Rollout,Primavera,Norte Chico,Invierno,parque_solar_fotovoltaico_maranon,0.6403793149364698,0.43959031304915525,182.44049641268188,145.9709566071554,0.07142857142857142,0.024976848911527277,0.41520765759813083
NHITS_LOCAL,7-Day Rollout,Verano,Norte Chico,Invierno,parque_solar_fotovoltaico_maranon,0.6137100764555419,0.4998301196056196,159.79224947852018,117.803313658989,0.017857142857142856,0.07678177090156602,0.42086733705724494
NHITS_LOCAL,Day 1,Raw,Norte Chico,Invierno,pfv_malgarida,0.09977973275868766,0.06514637917280197,108.33333333333333,0.0,0.5416666666666666,0.11116568191015781,0.0035925580729478227
NHITS_LOCAL,Day 1,Invierno,Norte Chico,Invierno,pfv_malgarida,90.01288125023072,63.50817746296525,182.84817632989777,151.05895116501028,0.08333333333333333,10.21470622823884,50.58716841880232
NHITS_LOCAL,Day 1,Operational,Norte Chico,Invierno,pfv_malgarida,90.01288125023072,63.50817746296525,182.84817632989777,151.05895116501028,0.08333333333333333,10.21470622823884,50.58716841880232
NHITS_LOCAL,Day 1,Otoño,Norte Chico,Invierno,pfv_malgarida,120.85954562842501,82.32319329104696,175.15389239446952,147.14967416036774,0.08333333333333333,5.377647592135084,77.29067885946326
NHITS_LOCAL,Day 1,Primavera,Norte Chico,Invierno,pfv_malgarida,114.27774120897352,75.6143485121429,168.62864423721027,151.41639937361063,0.08333333333333333,4.24794499622658,71.49744197928037
NHITS_LOCAL,Day 1,Verano,Norte Chico,Invierno,pfv_malgarida,125.11593153616779,93.91051798127592,179.5785269028814,138.72099416235267,0.16666666666666666,10.632561119490614,79.88906939678513
NHITS_LOCAL,7-Day Rollout,Raw,Norte Chico,Invierno,pfv_malgarida,75.79121920754513,39.999255274679285,142.76694396379133,189.52542739985074,0.36904761904761907,2.0169741834187285,37.989965043511326
NHITS_LOCAL,7-Day Rollout,Invierno,Norte Chico,Invierno,pfv_malgarida,98.49586563687215,63.56041231414392,175.38407825662443,156.7190422903892,0.10714285714285714,4.433959151360961,58.717132940036905
NHITS_LOCAL,7-Day Rollout,Operational,Norte Chico,Invierno,pfv_malgarida,98.49586563687215,63.56041231414392,175.38407825662443,156.7190422903892,0.10714285714285714,4.433959151360961,58.717132940036905
NHITS_LOCAL,7-Day Rollout,Otoño,Norte Chico,Invierno,pfv_malgarida,121.0610495196437,81.4360577082705,182.54671018445586,148.95445593609452,0.07738095238095238,4.654246558277824,76.93619669228792
NHITS_LOCAL,7-Day Rollout,Primavera,Norte Chico,Invierno,pfv_malgarida,117.39954892052164,77.30087495054163,170.32826028890312,152.1301346168602,0.125,4.194392422861641,73.17819892735264
NHITS_LOCAL,7-Day Rollout,Verano,Norte Chico,Invierno,pfv_malgarida,131.10796647686257,93.19791181964267,181.5555119799847,141.8991432236848,0.10119047619047619,6.06081808351446,86.4543844866644
NHITS_LOCAL,Day 1,Raw,Norte Chico,Otoño,cachiyuyo_solar_2,3.5452153013009817,2.3297902773786823,155.96830886048394,152.01302669343747,0.375,0.1169004497064331,2.1841526346732887
NHITS_LOCAL,Day 1,Invierno,Norte Chico,Otoño,cachiyuyo_solar_2,3.1161634527070134,1.9422335567651317,172.88265641874798,162.65001797209305,0.25,0.12791850994399281,1.7596185865152316
NHITS_LOCAL,Day 1,Otoño,Norte Chico,Otoño,cachiyuyo_solar_2,3.536733208827916,2.319923375884779,164.60654887898585,151.64383771806382,0.4166666666666667,0.11697439438303263,2.1882221334097873
NHITS_LOCAL,Day 1,Primavera,Norte Chico,Otoño,cachiyuyo_solar_2,3.8416593188943176,2.3346660367648533,139.31557174225492,162.94483890418624,0.5,0.1179012959622014,2.1920966398678803
NHITS_LOCAL,Day 1,Verano,Norte Chico,Otoño,cachiyuyo_solar_2,5.924235358345211,4.183472366809535,151.30934857542115,140.26412413186517,0.20833333333333334,0.22812806347501466,3.909922611148795
NHITS_LOCAL,7-Day Rollout,Raw,Norte Chico,Otoño,cachiyuyo_solar_2,3.015182397058818,1.8948756507779763,180.3435836222176,159.17708734728572,0.25595238095238093,0.0994876939553121,1.776639316704374
NHITS_LOCAL,7-Day Rollout,Invierno,Norte Chico,Otoño,cachiyuyo_solar_2,2.667263534395624,1.31633603711041,140.08648185199317,204.3880215592756,0.3869047619047619,0.08018999231502504,1.221518971505741
NHITS_LOCAL,7-Day Rollout,Otoño,Norte Chico,Otoño,cachiyuyo_solar_2,3.0222150129049954,1.8910826413424122,160.83243392511218,159.54580933804738,0.42857142857142855,0.09544952861119133,1.7864108669743863
NHITS_LOCAL,7-Day Rollout,Primavera,Norte Chico,Otoño,cachiyuyo_solar_2,4.10776643612121,2.176698159755861,154.24383535356446,189.02099901176243,0.5178571428571429,0.1101274597889945,2.0480236519564596
NHITS_LOCAL,7-Day Rollout,Verano,Norte Chico,Otoño,cachiyuyo_solar_2,5.918669640846105,4.166813104003224,160.09749563019946,141.44370610906154,0.3392857142857143,0.2121717592884254,3.929283340544983
NHITS_LOCAL,Day 1,Raw,Norte Chico,Verano,amparo_del_sol,1.5150842104460134,1.0429302027235583,129.120322310971,144.59838126696576,0.16666666666666666,0.05578041784319795,0.9876906503219894
NHITS_LOCAL,Day 1,Invierno,Norte Chico,Verano,amparo_del_sol,0.9220804450116151,0.5679393568231413,182.61885244554136,166.95263436337845,0.08333333333333333,0.046594285313040024,0.5157736763309609
NHITS_LOCAL,Day 1,Otoño,Norte Chico,Verano,amparo_del_sol,1.1412119065460438,0.7232345671509393,181.6502943562604,158.21056516624083,0.125,0.04190173044044059,0.6816408118106967
NHITS_LOCAL,Day 1,Primavera,Norte Chico,Verano,amparo_del_sol,1.2364285166307794,0.7737721774671323,190.10278643139188,160.18802026157093,0.041666666666666664,0.04444610493040576,0.7318822065934
NHITS_LOCAL,Day 1,Verano,Norte Chico,Verano,amparo_del_sol,1.517119620735727,1.0485867991337727,153.71968437673996,144.79410766889075,0.20833333333333334,0.05961937223746646,0.9850815174950185
NHITS_LOCAL,7-Day Rollout,Raw,Norte Chico,Verano,amparo_del_sol,1.5537205118405786,1.072759746242387,138.77717054989265,144.27234478608744,0.19047619047619047,0.05778205582576047,1.0156829853198321
NHITS_LOCAL,7-Day Rollout,Invierno,Norte Chico,Verano,amparo_del_sol,0.6181364220537109,0.28755623981019846,158.1713335208308,219.9671679141443,0.2261904761904762,0.02365455924735302,0.2636183881274649
NHITS_LOCAL,7-Day Rollout,Otoño,Norte Chico,Verano,amparo_del_sol,1.3082520143766254,0.8058409044583993,185.6633086326555,162.66892396916285,0.09523809523809523,0.045099461478488125,0.7620755527934782
NHITS_LOCAL,7-Day Rollout,Primavera,Norte Chico,Verano,amparo_del_sol,1.0323982728403225,0.5370811553435634,172.531395287798,193.1085103823699,0.1488095238095238,0.030878917346854134,0.5071517002539648
NHITS_LOCAL,7-Day Rollout,Verano,Norte Chico,Verano,amparo_del_sol,1.5578124018024624,1.078104479548637,181.56428523477126,144.65279330341457,0.11904761904761904,0.058197228636131956,1.019432907273504
NHITS_LOCAL,Day 1,Raw,Norte Chico,Verano,luna_del_norte,1.3083154211133488,0.8287542435185363,116.43363141363415,157.3354812735592,0.25,0.04544460662873462,0.7858324409578926
NHITS_LOCAL,Day 1,Invierno,Norte Chico,Verano,luna_del_norte,1.150994664970562,0.6542369509249207,182.95206085327925,179.85697323601462,0.125,0.05024422430572789,0.5989890414399875
NHITS_LOCAL,Day 1,Otoño,Norte Chico,Verano,luna_del_norte,1.373092777106792,0.8617372075095773,182.18563896405584,159.6769349412715,0.08333333333333333,0.0503373948779578,0.8134908985346555
NHITS_LOCAL,Day 1,Verano,Norte Chico,Verano,luna_del_norte,1.2988798660364698,0.8281892375089228,147.6867498804187,156.22441018575987,0.16666666666666666,0.052116586306753254,0.7756406110478565
NHITS_LOCAL,7-Day Rollout,Raw,Norte Chico,Verano,luna_del_norte,1.2944993954884891,0.8191742257235785,126.0905985551967,157.26281766786735,0.2261904761904762,0.04700508139725398,0.7750964233966701
NHITS_LOCAL,7-Day Rollout,Invierno,Norte Chico,Verano,luna_del_norte,0.81086409603905,0.35550448521213357,158.2462850309309,232.48963653832533,0.2261904761904762,0.027998599263857966,0.3278747022068057
NHITS_LOCAL,7-Day Rollout,Otoño,Norte Chico,Verano,luna_del_norte,1.3642443823311197,0.8501488803425905,181.15538053913588,160.81810165845687,0.09523809523809523,0.04733218026061961,0.8038673707219173
NHITS_LOCAL,7-Day Rollout,Verano,Norte Chico,Verano,luna_del_norte,1.2970812577721609,0.8240887663712437,182.49830888907746,157.58693005199984,0.10119047619047619,0.04609743829406354,0.7774425621245643
NHITS_LOCAL,Day 1,Raw,Norte Grande,Invierno,pfv_andes_solar_ii,0.5447173686817802,0.3066321527585387,100.0,1841.2981066937239,0.5833333333333334,0.28135304409079254,0.06601436502921088
NHITS_LOCAL,Day 1,Invierno,Norte Grande,Invierno,pfv_andes_solar_ii,0.9422545043022955,0.7090989695861936,139.39674307967468,1684.6791170405008,0.625,0.40975601063109934,0.11603325036121537
NHITS_LOCAL,Day 1,Otoño,Norte Grande,Invierno,pfv_andes_solar_ii,21.255576964256402,13.737569738334665,188.56974498172187,153.57613866403585,0.041666666666666664,0.7794417065801099,12.89257569425584
NHITS_LOCAL,Day 1,Primavera,Norte Grande,Invierno,pfv_andes_solar_ii,20.538897097998554,13.502324746921659,145.9148140540866,151.21588107863818,0.375,0.6952048008097336,12.800801852818887
NHITS_LOCAL,Day 1,Verano,Norte Grande,Invierno,pfv_andes_solar_ii,39.248291958147234,27.01885737447689,161.1731484047777,144.90562315820367,0.20833333333333334,1.4420400187528386,25.500701941161726
NHITS_LOCAL,7-Day Rollout,Raw,Norte Grande,Invierno,pfv_andes_solar_ii,14.82893854584289,8.120885972027844,148.65413502305802,182.4608313509801,0.30952380952380953,0.532096682917992,7.525118480155687
NHITS_LOCAL,7-Day Rollout,Invierno,Norte Grande,Invierno,pfv_andes_solar_ii,14.998395470312255,8.26259993808344,158.88607859243032,184.45996729247238,0.3392857142857143,0.5050797590007451,7.6518312429596245
NHITS_LOCAL,7-Day Rollout,Otoño,Norte Grande,Invierno,pfv_andes_solar_ii,28.66943987297829,18.410991347239662,168.9478939415104,155.40395682271244,0.25,0.9497796964000113,17.43206394481295
NHITS_LOCAL,7-Day Rollout,Primavera,Norte Grande,Invierno,pfv_andes_solar_ii,22.678239626513705,14.423737736840156,167.860144357458,156.9822806094474,0.32142857142857145,0.7321084498621835,13.67444509145848
NHITS_LOCAL,7-Day Rollout,Verano,Norte Grande,Invierno,pfv_andes_solar_ii,37.904691119239025,25.807639402803034,163.99320924032915,146.63222184493608,0.27380952380952384,1.324366228704873,24.444700312491925
NHITS_LOCAL,Day 1,Raw,Norte Grande,Otoño,andes_solar,9.949927539389547,6.688705363000433,139.07910602560912,148.6288530595594,0.16666666666666666,0.3700128672101224,6.323548724533368
NHITS_LOCAL,Day 1,Raw,Norte Grande,Otoño,fv_bolero,0.21367935836881718,0.0913594129960984,111.59615002995939,296.43379890171474,0.4166666666666667,0.0882517327554524,0.07219295919834016
NHITS_LOCAL,Day 1,Invierno,Norte Grande,Otoño,fv_bolero,2.0020434100265914,1.264719423217078,116.66666666666667,0.0,0.4583333333333333,2.1547217393914857,0.0862283622846008
NHITS_LOCAL,Day 1,Operational,Norte Grande,Otoño,fv_bolero,21.99524946919957,20.282647455111146,126.33384118796305,140.06739101019866,0.0,15.228274448867888,5.101975687562178
NHITS_LOCAL,Day 1,Otoño,Norte Grande,Otoño,fv_bolero,21.99524946919957,20.282647455111146,126.33384118796305,140.06739101019866,0.0,15.228274448867888,5.101975687562178
NHITS_LOCAL,Day 1,Primavera,Norte Grande,Otoño,fv_bolero,67.8755256217176,48.34560968478521,174.07583989801634,140.24955594659235,0.0,5.52781754732132,42.914209171136214
NHITS_LOCAL,Day 1,Verano,Norte Grande,Otoño,fv_bolero,63.2526589256868,48.83766195884285,104.27416235574319,144.7194674641363,0.0,45.20836574063093,5.170037169114223
NHITS_LOCAL,7-Day Rollout,Raw,Norte Grande,Otoño,fv_bolero,12.65528500233655,6.917248427180572,138.02677449401943,183.01365029648443,0.2916666666666667,0.3589336320604798,6.568967889692996
NHITS_LOCAL,7-Day Rollout,Invierno,Norte Grande,Otoño,fv_bolero,1.1181415982445266,0.496921695502741,126.19047619047619,0.0,0.375,0.8332983950751701,0.03286350900529044
NHITS_LOCAL,7-Day Rollout,Operational,Norte Grande,Otoño,fv_bolero,24.71209040373086,23.123485489371454,140.90746690609106,160.4110773545342,0.005952380952380952,16.56302604001082,6.634784403484359
NHITS_LOCAL,7-Day Rollout,Otoño,Norte Grande,Otoño,fv_bolero,24.71209040373086,23.123485489371454,140.90746690609106,160.4110773545342,0.005952380952380952,16.56302604001082,6.634784403484359
NHITS_LOCAL,7-Day Rollout,Primavera,Norte Grande,Otoño,fv_bolero,63.218841955313295,43.1794984738032,176.8745650609374,146.38569820012592,0.0,4.368725734239534,38.66815554315135
NHITS_LOCAL,7-Day Rollout,Verano,Norte Grande,Otoño,fv_bolero,62.54215443204381,48.94146468279706,105.43667551492281,149.1112846475256,0.0,45.14080093524618,4.3622985560458085
NHITS_LOCAL,Day 1,Raw,Norte Grande,Otoño,parque_solar_pampa_camarones,0.23324978146187983,0.13733401663557743,99.67183683805523,169.63620140577976,0.2916666666666667,0.007270461380054864,0.13046504798210964
NHITS_LOCAL,Day 1,Invierno,Norte Grande,Otoño,parque_solar_pampa_camarones,2.6672396723790723,1.7133957617140065,187.15856400778296,162.1011723882506,0.041666666666666664,0.1867880382730315,1.5068439884043376
NHITS_LOCAL,Day 1,Operational,Norte Grande,Otoño,parque_solar_pampa_camarones,2.3819544193329096,2.032456472128009,127.785606606003,207.57772649379208,0.0,1.8718794041662477,0.18488177829034014
NHITS_LOCAL,Day 1,Otoño,Norte Grande,Otoño,parque_solar_pampa_camarones,2.3819544193329096,2.032456472128009,127.785606606003,207.57772649379208,0.0,1.8718794041662477,0.18488177829034014
NHITS_LOCAL,Day 1,Primavera,Norte Grande,Otoño,parque_solar_pampa_camarones,3.581033769464651,2.5063081899036965,181.62224768138998,143.00301343149803,0.0,0.2264520272612572,2.2913950889836996
NHITS_LOCAL,Day 1,Verano,Norte Grande,Otoño,parque_solar_pampa_camarones,3.194434468420427,2.4470271265599877,165.4158712910845,128.91613800242274,0.0,0.41274566476931795,2.0397334950471606
NHITS_LOCAL,7-Day Rollout,Raw,Norte Grande,Otoño,parque_solar_pampa_camarones,1.1910055093529086,0.6017158960030239,105.83365702226585,197.91189419763805,0.27380952380952384,0.030581214470635137,0.571570582295618
NHITS_LOCAL,7-Day Rollout,Invierno,Norte Grande,Otoño,parque_solar_pampa_camarones,2.6144318953951853,1.6555561138804824,183.55607295093944,159.29516423951247,0.06547619047619048,0.10467644458805722,1.5480894591868575
NHITS_LOCAL,7-Day Rollout,Operational,Norte Grande,Otoño,parque_solar_pampa_camarones,2.320885157205476,2.089610846546878,132.33045245509643,182.07270798561302,0.0,1.7720236868170711,0.3349451234081894
NHITS_LOCAL,7-Day Rollout,Otoño,Norte Grande,Otoño,parque_solar_pampa_camarones,2.320885157205476,2.089610846546878,132.33045245509643,182.07270798561302,0.0,1.7720236868170711,0.3349451234081894
NHITS_LOCAL,7-Day Rollout,Primavera,Norte Grande,Otoño,parque_solar_pampa_camarones,3.564340501875998,2.451668918576269,190.9460640469917,145.66377340216602,0.0,0.17287369280765277,2.2828202552893866
NHITS_LOCAL,7-Day Rollout,Verano,Norte Grande,Otoño,parque_solar_pampa_camarones,3.2190143388889148,2.4256611648902653,169.76268978124395,131.602562207627,0.0,0.36757588470465546,2.0605413191896376
NHITS_LOCAL,Day 1,Raw,Norte Grande,Verano,conejo_solar,56.950517410357264,37.88347986340523,122.70840235745413,148.74441291320056,0.25,2.4264609312017758,35.77764512548844
NHITS_LOCAL,Day 1,Invierno,Norte Grande,Verano,conejo_solar,40.47323033798683,25.878962067887187,173.65224981701994,164.46961206514112,0.16666666666666666,2.8570773554965854,22.04166722758673
NHITS_LOCAL,Day 1,Otoño,Norte Grande,Verano,conejo_solar,61.10751329022201,40.691477497418724,190.1179282671879,150.5420159064711,0.041666666666666664,2.516449601544688,38.372616106954716
NHITS_LOCAL,Day 1,Primavera,Norte Grande,Verano,conejo_solar,27.853353290407565,17.68546083631615,179.18723341421224,165.30180099437325,0.16666666666666666,2.760740381820748,14.519284888543188
NHITS_LOCAL,Day 1,Verano,Norte Grande,Verano,conejo_solar,57.33868770061653,38.48672448595365,176.84886787085853,149.75824324452012,0.08333333333333333,2.7241645450393364,35.775282431145506
NHITS_LOCAL,7-Day Rollout,Raw,Norte Grande,Verano,conejo_solar,61.73877822755435,42.40831441952226,135.5486427554378,144.68007734675248,0.19642857142857142,2.4787869006494083,40.160055926542064
NHITS_LOCAL,7-Day Rollout,Invierno,Norte Grande,Verano,conejo_solar,34.9713378425037,21.048250334049087,180.25249290334898,170.78032560696784,0.16666666666666666,1.8955710464866744,18.84987399008657
NHITS_LOCAL,7-Day Rollout,Otoño,Norte Grande,Verano,conejo_solar,60.91433101163076,40.39432481498945,187.26572727723666,151.08523945669253,0.07142857142857142,2.2726327572594442,38.21319888109518
NHITS_LOCAL,7-Day Rollout,Primavera,Norte Grande,Verano,conejo_solar,50.77524370325849,32.58299690170125,177.23012029103867,156.70507610594956,0.10714285714285714,2.0331999771784814,30.515345663865588
NHITS_LOCAL,7-Day Rollout,Verano,Norte Grande,Verano,conejo_solar,62.027305865063646,42.76880066429398,182.52959420218122,145.3562196694538,0.09523809523809523,2.3965108375586124,40.35773401582015
NHITS_LOCAL,Day 1,Raw,Norte Grande,Verano,lalackama,32.206612262125695,22.54199676712354,124.74867999034294,141.81427164414413,0.25,1.3475801323850949,21.328162382543088
NHITS_LOCAL,Day 1,Invierno,Norte Grande,Verano,lalackama,20.741060683026152,14.091723830749592,168.30234591924548,153.9415688152969,0.08333333333333333,1.9756015193338197,11.75028681742648
NHITS_LOCAL,Day 1,Otoño,Norte Grande,Verano,lalackama,29.970629903881758,20.427038274084527,190.45895888172132,147.1673454316556,0.041666666666666664,1.2633318612662456,19.247615352816258
NHITS_LOCAL,Day 1,Primavera,Norte Grande,Verano,lalackama,13.120866438250731,8.318913853184009,172.60414489093068,164.293209741649,0.16666666666666666,1.1865810447256082,7.047563966972909
NHITS_LOCAL,Day 1,Verano,Norte Grande,Verano,lalackama,32.3636355051712,22.803490966558456,175.9790245298122,142.50568670706545,0.08333333333333333,1.5446555530031523,21.295325693984825
NHITS_LOCAL,7-Day Rollout,Raw,Norte Grande,Verano,lalackama,32.148984910252004,22.426448642603297,137.65036426226158,142.69336439052054,0.19047619047619047,1.2569255929811682,21.251244968265695
NHITS_LOCAL,7-Day Rollout,Invierno,Norte Grande,Verano,lalackama,18.55939515705085,11.761993874573992,174.8128129026212,160.8050818818809,0.05357142857142857,1.1974913420776527,10.517511971445666
NHITS_LOCAL,7-Day Rollout,Otoño,Norte Grande,Verano,lalackama,30.072732818220455,20.35569788114212,187.42833972994498,148.03866307220048,0.06547619047619048,1.1441575228159007,19.25427928692772
NHITS_LOCAL,7-Day Rollout,Primavera,Norte Grande,Verano,lalackama,25.144912859534855,16.29729525925636,177.6247383330092,155.02526264729264,0.10714285714285714,0.9956005097660681,15.306099256807162
NHITS_LOCAL,7-Day Rollout,Verano,Norte Grande,Verano,lalackama,32.257118310241395,22.572471787665215,184.2994241813601,143.17331480545735,0.08333333333333333,1.2680716675916865,21.316974920869274
NHITS_LOCAL,Day 1,Raw,Norte Grande,Verano,lalackama_2,10.068864924510727,7.017942565182845,125.65976581243528,142.72798920627523,0.25,0.3954393273840348,6.644007307166855
NHITS_LOCAL,Day 1,Invierno,Norte Grande,Verano,lalackama_2,6.54378303517688,4.152902689296752,157.71328220737365,160.20686877795075,0.16666666666666666,0.3627473382589718,3.7896317079818496
NHITS_LOCAL,Day 1,Otoño,Norte Grande,Verano,lalackama_2,9.305587479130287,6.297209527498732,190.60335817781356,148.19781027200725,0.041666666666666664,0.3842962129507213,5.939172158273867
NHITS_LOCAL,Day 1,Primavera,Norte Grande,Verano,lalackama_2,3.431121506369671,2.220682123753553,171.50821214766154,160.8024154075001,0.125,0.3250344382618398,1.8954074888296113
NHITS_LOCAL,Day 1,Verano,Norte Grande,Verano,lalackama_2,10.099827114129944,7.081948948403199,176.44160962810798,143.16688386807735,0.041666666666666664,0.46757573398451013,6.625385537619391
NHITS_LOCAL,7-Day Rollout,Raw,Norte Grande,Verano,lalackama_2,10.011018831424176,6.954417927785211,138.53032079195074,143.50020971038344,0.18452380952380953,0.37774109336758216,6.585605277180799
NHITS_LOCAL,7-Day Rollout,Invierno,Norte Grande,Verano,lalackama_2,5.77865347418759,3.5610935731979443,170.1949006602193,165.20834328735813,0.16666666666666666,0.2849540360216495,3.2602885878905434
NHITS_LOCAL,7-Day Rollout,Otoño,Norte Grande,Verano,lalackama_2,9.283938198644167,6.243491215442884,188.59688940093935,149.00421472067856,0.06547619047619048,0.35040412880535726,5.906082329967813
NHITS_LOCAL,7-Day Rollout,Primavera,Norte Grande,Verano,lalackama_2,7.461180959173728,4.81926645288643,177.11982187786697,155.51648301017275,0.10119047619047619,0.29258375888485244,4.531168012980127
NHITS_LOCAL,7-Day Rollout,Verano,Norte Grande,Verano,lalackama_2,10.032366389458831,6.988158746921856,184.36810075768594,143.80621043881695,0.07142857142857142,0.39057532457878724,6.602682303473175
NHITS_LOCAL,Day 1,Raw,Norte Grande,Verano,pampa_solar_norte,43.11019880007592,29.519063025712967,127.29144580153446,145.22145375393004,0.25,1.7017139757672946,27.894857326646644
NHITS_LOCAL,Day 1,Invierno,Norte Grande,Verano,pampa_solar_norte,28.203943848060828,18.06754770781845,174.25873403369886,161.95589202816163,0.20833333333333334,1.7257308902218937,15.849251244527599
NHITS_LOCAL,Day 1,Otoño,Norte Grande,Verano,pampa_solar_norte,41.92631292366318,28.208916544991855,199.05664152792676,148.94997051218337,0.041666666666666664,1.6791249222160936,26.64393529728598
NHITS_LOCAL,Day 1,Primavera,Norte Grande,Verano,pampa_solar_norte,15.558380962505296,9.237683093796173,179.5105258544898,177.84394550768576,0.16666666666666666,1.5412913502193988,7.5139362087162835
NHITS_LOCAL,Day 1,Verano,Norte Grande,Verano,pampa_solar_norte,43.256557418117836,29.771206726630528,170.6427983468192,145.71447888192887,0.08333333333333333,1.9602079903086027,27.888818629086018
NHITS_LOCAL,7-Day Rollout,Raw,Norte Grande,Verano,pampa_solar_norte,43.61454775558159,30.137817609123886,129.61913440646202,143.762218690678,0.21428571428571427,1.7389523576701151,28.545659894914188
NHITS_LOCAL,7-Day Rollout,Invierno,Norte Grande,Verano,pampa_solar_norte,24.411878327164093,14.8032570136711,178.14319860076208,168.97513715700993,0.17261904761904762,1.274311670752996,13.34649529717419
NHITS_LOCAL,7-Day Rollout,Otoño,Norte Grande,Verano,pampa_solar_norte,41.44916892890572,27.753930468455934,189.84038996371189,149.6266647985299,0.07142857142857142,1.550680068292145,26.262657024448046
NHITS_LOCAL,7-Day Rollout,Primavera,Norte Grande,Verano,pampa_solar_norte,33.370013041711736,21.29519851596671,180.65919706687882,157.5233691421016,0.1130952380952381,1.3117881805924256,19.97767413143024
NHITS_LOCAL,7-Day Rollout,Verano,Norte Grande,Verano,pampa_solar_norte,43.83362917598456,30.401302874398727,184.36930184959905,144.4843545992638,0.08928571428571429,1.6883970888730668,28.71207994847403
NHITS_LOCAL,Day 1,Raw,Norte Grande,Verano,parque_solar_finis_terrae,1.4800063537954395,0.8215347472966338,136.31608942709164,181.0405323928681,0.3333333333333333,0.06092160854216977,0.7599950249855586
NHITS_LOCAL,Day 1,Invierno,Norte Grande,Verano,parque_solar_finis_terrae,47.76475009920376,33.413800962269306,182.26934844888038,154.7474980269205,0.0,6.515828483551741,26.34580870494246
NHITS_LOCAL,Day 1,Operational,Norte Grande,Verano,parque_solar_finis_terrae,10.203676711376248,8.301645241677761,113.34323671557726,173.61803793060255,0.0,7.712116464351614,0.604404415811102
NHITS_LOCAL,Day 1,Otoño,Norte Grande,Verano,parque_solar_finis_terrae,21.88065026520017,19.341927273819845,147.68634082964388,116.4659145160893,0.0,7.005242926441132,12.384226329314211
NHITS_LOCAL,Day 1,Primavera,Norte Grande,Verano,parque_solar_finis_terrae,55.18430391503682,37.77781209349632,183.05977865948748,147.54010737669486,0.0,4.1782601694266,33.75438369562229
NHITS_LOCAL,Day 1,Verano,Norte Grande,Verano,parque_solar_finis_terrae,10.203676711376248,8.301645241677761,113.34323671557726,173.61803793060255,0.0,7.712116464351614,0.604404415811102
NHITS_LOCAL,7-Day Rollout,Raw,Norte Grande,Verano,parque_solar_finis_terrae,2.578821317799797,1.504385572089675,131.6215252439211,170.69539446185647,0.25,0.08859114691728055,1.4256750785166463
NHITS_LOCAL,7-Day Rollout,Invierno,Norte Grande,Verano,parque_solar_finis_terrae,40.56552971308016,26.467317509586877,181.31079636067332,158.3611552747137,0.0,3.7126808264985725,22.64687233015928
NHITS_LOCAL,7-Day Rollout,Operational,Norte Grande,Verano,parque_solar_finis_terrae,10.291050082252909,9.012893295536438,117.80774303415824,148.61871900526026,0.005952380952380952,7.489268931329605,1.556184993143238
NHITS_LOCAL,7-Day Rollout,Otoño,Norte Grande,Verano,parque_solar_finis_terrae,24.907848070724434,20.98130579688032,154.37126973458308,124.64814786604752,0.0,6.717750930106213,14.064263027146115
NHITS_LOCAL,7-Day Rollout,Primavera,Norte Grande,Verano,parque_solar_finis_terrae,52.3970704112374,35.41289192899352,187.5778755637465,148.74866249714424,0.005952380952380952,2.831950606405735,32.50213580276994
NHITS_LOCAL,7-Day Rollout,Verano,Norte Grande,Verano,parque_solar_finis_terrae,10.291050082252909,9.012893295536438,117.80774303415824,148.61871900526026,0.005952380952380952,7.489268931329605,1.556184993143238
NHITS_LOCAL,Day 1,Raw,Zona Central,Invierno,altos_de_til_til,0.6064778476013223,0.2983721298104835,106.5115227149257,204.70057210460348,0.2916666666666667,0.024843778067346042,0.2766839561421269
NHITS_LOCAL,Day 1,Otoño,Zona Central,Invierno,altos_de_til_til,0.8935243842260446,0.5401408536912035,190.75628756865157,170.24911698553953,0.125,0.05112016184225467,0.486735657377585
NHITS_LOCAL,Day 1,Verano,Zona Central,Invierno,altos_de_til_til,1.0569694840880723,0.6517940573248779,174.05041005792305,162.60823487360773,0.041666666666666664,0.038008063982366974,0.6153242353509994
NHITS_LOCAL,7-Day Rollout,Raw,Zona Central,Invierno,altos_de_til_til,0.5700812772289775,0.2702218788055784,101.51094652538544,212.11349767451,0.3233082706766917,0.02113269277071417,0.251014774441033
NHITS_LOCAL,7-Day Rollout,Verano,Zona Central,Invierno,altos_de_til_til,0.9360864263917906,0.5695445366152507,177.4087426683338,164.80188025095532,0.06547619047619048,0.03238272273062778,0.538190342670714
NHITS_LOCAL,Day 1,Raw,Zona Central,Invierno,las_perdices,0.668146270701018,0.3760349864508801,102.84409775983899,174.9858316717662,0.2916666666666667,0.03793690238235285,0.3469827380676482
NHITS_LOCAL,Day 1,Invierno,Zona Central,Invierno,las_perdices,0.6541490376973685,0.3561041986492152,166.4907796292722,187.92317782304607,0.125,0.03332877855937113,0.3217737492370361
NHITS_LOCAL,Day 1,Operational,Zona Central,Invierno,las_perdices,0.7104412749667165,0.4359014028256449,176.94718065567594,168.79553560347355,0.041666666666666664,0.04895483402469836,0.38621157846452353
NHITS_LOCAL,Day 1,Otoño,Zona Central,Invierno,las_perdices,1.3514068514000221,0.9097652727214154,193.19615535397185,149.01729815828838,0.0,0.05721094734569002,0.8563372976394019
NHITS_LOCAL,Day 1,Verano,Zona Central,Invierno,las_perdices,1.6631170227888987,1.204341742520531,181.56409188670054,138.42681638196908,0.041666666666666664,0.09588670975839098,1.1105739148023226
NHITS_LOCAL,7-Day Rollout,Raw,Zona Central,Invierno,las_perdices,0.593020220922867,0.31271977436821663,117.72675873767365,187.69041426436357,0.24550898203592814,0.028710883640266194,0.2899303530988324
NHITS_LOCAL,7-Day Rollout,Operational,Zona Central,Invierno,las_perdices,0.9391808361189137,0.524032303473448,186.69311258337774,180.2012054431015,0.07142857142857142,0.031503272805120254,0.4925930571860844
NHITS_LOCAL,7-Day Rollout,Otoño,Zona Central,Invierno,las_perdices,1.1627839106186255,0.7168398203099232,194.2509086490308,162.76396945369618,0.07142857142857142,0.04171424937001228,0.67691092498399
NHITS_LOCAL,7-Day Rollout,Verano,Zona Central,Invierno,las_perdices,1.5154002774989492,1.0389011462504554,189.28830319686566,146.154917701617,0.06547619047619048,0.06062134802798806,0.9780449300728616
NHITS_LOCAL,Day 1,Raw,Zona Central,Invierno,laurel,2.191975703061989,1.2954369307262823,116.37521385548023,169.0451567685486,0.2916666666666667,0.09526278659080467,1.211238339646176
NHITS_LOCAL,Day 1,Invierno,Zona Central,Invierno,laurel,2.1983880348312472,1.3258251066048008,190.59962260288933,169.54120945989146,0.08333333333333333,0.11809039121338477,1.2078622051980346
NHITS_LOCAL,Day 1,Otoño,Zona Central,Invierno,laurel,3.0595369402222707,2.6674539967324713,119.2872661148835,145.3327184908123,0.0,2.193483866527583,0.48750713529162804
NHITS_LOCAL,Day 1,Primavera,Zona Central,Invierno,laurel,1.8397246497029642,1.0906637391696374,170.1621998547068,173.171305439356,0.08333333333333333,0.11836593092933374,0.9743142002999471
NHITS_LOCAL,Day 1,Verano,Zona Central,Invierno,laurel,4.091505276654539,2.9025854002296305,181.91190439535058,141.15832862075115,0.041666666666666664,0.20876815015411312,2.70171142242422
NHITS_LOCAL,7-Day Rollout,Raw,Zona Central,Invierno,laurel,1.3239110344558231,0.5970813795234029,110.4948880324736,224.0072594012064,0.32142857142857145,0.060220431614746085,0.5448238398047034
NHITS_LOCAL,7-Day Rollout,Invierno,Zona Central,Invierno,laurel,1.3311677372632342,0.6089507808225554,169.30618397888787,225.24102364860846,0.15476190476190477,0.06320605276349468,0.5473302977455407
NHITS_LOCAL,7-Day Rollout,Otoño,Zona Central,Invierno,laurel,2.9990042333704006,2.7020739709242076,125.40466737250615,154.8161683322624,0.0,2.192746136530679,0.5243903401098985
NHITS_LOCAL,7-Day Rollout,Primavera,Zona Central,Invierno,laurel,2.0091861117364767,1.012722650700501,165.64742141588854,202.01515214766798,0.15476190476190477,0.08255785773407773,0.9394107696028575
NHITS_LOCAL,7-Day Rollout,Verano,Zona Central,Invierno,laurel,3.763228546314723,2.5458795098044598,189.29267671556974,148.12305593107885,0.07142857142857142,0.1451458451529366,2.4004471427830314
NHITS_LOCAL,Day 1,Raw,Zona Central,Invierno,la_lajuela,4.005413798896929,3.4571865944784475,172.32493344692708,112.55531620150856,0.0,0.17309924820649691,3.283122170172547
NHITS_LOCAL,Day 1,Raw,Zona Central,Invierno,lipangue,1.0379960552022767,0.5674977533129777,121.40258349893125,184.01949558596561,0.2916666666666667,0.038159623539693634,0.5231973041968426
NHITS_LOCAL,Day 1,Invierno,Zona Central,Invierno,lipangue,1.089299316376815,0.76942672102398,141.64028980522622,137.06046557514398,0.058823529411764705,0.16609455832970674,0.6237119616851118
NHITS_LOCAL,Day 1,Otoño,Zona Central,Invierno,lipangue,0.328606185315226,0.20854329062179508,185.71750332026468,158.43604649534413,0.041666666666666664,0.014800875422467169,0.19545756046815466
NHITS_LOCAL,Day 1,Verano,Zona Central,Invierno,lipangue,1.2696971456587984,0.8429154536958473,184.04494006075956,151.23564057550806,0.041666666666666664,0.05492915923338538,0.7864496794247922
NHITS_LOCAL,7-Day Rollout,Raw,Zona Central,Invierno,lipangue,0.9433781959033186,0.6036820212954082,148.5495302347408,155.64170112672304,0.14705882352941177,0.03397115821769324,0.5612521636083121
NHITS_LOCAL,7-Day Rollout,Otoño,Zona Central,Invierno,lipangue,0.23426105413303402,0.11387577586962531,176.96181477517965,207.27206531325692,0.125,0.007676541075887232,0.10670914513518386
NHITS_LOCAL,7-Day Rollout,Verano,Zona Central,Invierno,lipangue,0.9520477349215026,0.5032831464126329,186.9092394139686,190.08781651613953,0.10714285714285714,0.03040820212821321,0.47307703166304804
NHITS_LOCAL,Day 1,Raw,Zona Central,Invierno,luna,0.9433305604015094,0.7577635801149178,179.84744867365558,122.76050495855716,0.09090909090909091,0.03738943582006765,0.7154109123185383
NHITS_LOCAL,Day 1,Invierno,Zona Central,Invierno,luna,0.7142819043782676,0.5047734789550304,59.2951614466484,80.23502740508697,0.0,0.48624617356806993,0.038310111425817035
NHITS_LOCAL,Day 1,Otoño,Zona Central,Invierno,luna,1.3308358024011173,1.0833264347347722,118.6010421308164,198.13156581763914,0.0,1.0271081289759725,0.0594115068834678
NHITS_LOCAL,Day 1,Primavera,Zona Central,Invierno,luna,0.8550997478366128,0.4926523181590407,172.02320818209594,177.96165552637183,0.08333333333333333,0.05144282238761661,0.44175954541860846
NHITS_LOCAL,Day 1,Verano,Zona Central,Invierno,luna,1.5099325350522734,1.0238705630399636,185.23899573586255,147.70086782611503,0.041666666666666664,0.06605514535973876,0.9611033867160584
NHITS_LOCAL,7-Day Rollout,Raw,Zona Central,Invierno,luna,0.7982906527078685,0.5868784625591137,181.20350760718767,134.39820698743256,0.05172413793103448,0.02906254033419134,0.5539483694122056
NHITS_LOCAL,7-Day Rollout,Invierno,Zona Central,Invierno,luna,0.9218645408691584,0.7791224677654865,103.3406656182626,160.1713029238241,0.0,0.732213009450699,0.053584918151446254
NHITS_LOCAL,7-Day Rollout,Otoño,Zona Central,Invierno,luna,1.3075185264301805,1.0713768083062716,120.48094554514199,202.36209272227046,0.011904761904761904,1.0119411196747876,0.06305156683456949
NHITS_LOCAL,7-Day Rollout,Primavera,Zona Central,Invierno,luna,0.8997642069428141,0.49650673296382175,181.23263061004587,182.11714643872844,0.08928571428571429,0.030072533303246655,0.4666316023269108
NHITS_LOCAL,7-Day Rollout,Verano,Zona Central,Invierno,luna,1.3816627761776765,0.9239277443999266,193.49754405846505,149.82931589603595,0.06547619047619048,0.05137593895012417,0.8726843401088834
NHITS_LOCAL,Day 1,Raw,Zona Central,Invierno,pfv_santa_adriana,0.13783856023002122,0.05303221665478001,82.6082405605797,289.89048770964916,0.375,0.0265881802906127,0.04330650466048003
NHITS_LOCAL,Day 1,Invierno,Zona Central,Invierno,pfv_santa_adriana,0.36009662406446935,0.2004795811638663,174.47353045851426,186.44787950243494,0.16666666666666666,0.02527734661695528,0.17489780578798672
NHITS_LOCAL,Day 1,Operational,Zona Central,Invierno,pfv_santa_adriana,0.9824971278481713,0.575400996254757,170.08268665903506,174.39475014907887,0.08333333333333333,0.055194429743763374,0.5213630035771833
NHITS_LOCAL,Day 1,Otoño,Zona Central,Invierno,pfv_santa_adriana,1.2171272189286768,1.0137269904759403,116.14391078545418,160.00226196719663,0.0,0.8969139300306171,0.1199985169398133
NHITS_LOCAL,Day 1,Primavera,Zona Central,Invierno,pfv_santa_adriana,0.9824971278481713,0.575400996254757,170.08268665903506,174.39475014907887,0.08333333333333333,0.055194429743763374,0.5213630035771833
NHITS_LOCAL,Day 1,Verano,Zona Central,Invierno,pfv_santa_adriana,1.3895835669670034,0.9760978283981482,172.4727590910992,142.5009177792458,0.041666666666666664,0.07093325443565845,0.9084530368447302
NHITS_LOCAL,7-Day Rollout,Raw,Zona Central,Invierno,pfv_santa_adriana,0.6289663607718695,0.3218869824993458,112.58965608768337,194.82575834420606,0.25149700598802394,0.029868272730344696,0.29949654924526775
NHITS_LOCAL,7-Day Rollout,Invierno,Zona Central,Invierno,pfv_santa_adriana,0.5425399229220601,0.28142879388247993,168.61524614613964,197.32228373218183,0.1488095238095238,0.025624605112447865,0.25588194152657834
NHITS_LOCAL,7-Day Rollout,Operational,Zona Central,Invierno,pfv_santa_adriana,0.9822939567206689,0.5821881660220762,175.51240077958846,170.22648555058302,0.09523809523809523,0.03940154021788441,0.5423280756983201
NHITS_LOCAL,7-Day Rollout,Otoño,Zona Central,Invierno,pfv_santa_adriana,1.2051729650283525,1.0442460407731622,123.20181872580287,171.75387666991298,0.0,0.9111237285243986,0.13860443692790886
NHITS_LOCAL,7-Day Rollout,Primavera,Zona Central,Invierno,pfv_santa_adriana,0.9822939567206689,0.5821881660220762,175.51240077958846,170.22648555058302,0.09523809523809523,0.03940154021788441,0.5423280756983201
NHITS_LOCAL,7-Day Rollout,Verano,Zona Central,Invierno,pfv_santa_adriana,1.2641862280973666,0.855386631252865,185.85880295725084,148.06801825208063,0.07142857142857142,0.048903331072679496,0.8064908081017728
NHITS_LOCAL,Day 1,Raw,Zona Central,Otoño,crucero,0.046835999136908155,0.02416312989468376,66.66666666666666,0.0,0.4583333333333333,0.050014503890027595,0.002618108930376671
NHITS_LOCAL,Day 1,Invierno,Zona Central,Otoño,crucero,1.5341407263281468,1.4981116647832096,177.75780311409534,1053.822370068614,0.0,1.44258557339975,0.08056893023507056
NHITS_LOCAL,Day 1,Operational,Zona Central,Otoño,crucero,1.5341407263281468,1.4981116647832096,177.75780311409534,1053.822370068614,0.0,1.44258557339975,0.08056893023507056
NHITS_LOCAL,Day 1,Otoño,Zona Central,Otoño,crucero,1.2350790742979907,1.035512279777322,117.21890194037941,158.19839898136107,0.0,0.9072533391348164,0.1327271452202695
NHITS_LOCAL,Day 1,Primavera,Zona Central,Otoño,crucero,0.7251312103867483,0.4209442000913744,174.4376853790712,180.93588951696233,0.08333333333333333,0.05506051982520147,0.36564607576389485
NHITS_LOCAL,Day 1,Verano,Zona Central,Otoño,crucero,1.5492553116435968,1.0221077115274966,163.03909238185997,151.8651859995608,0.041666666666666664,0.0757345993615066,0.9497045610488083
NHITS_LOCAL,7-Day Rollout,Raw,Zona Central,Otoño,crucero,0.017713426156820238,0.0037243001549021365,78.57142857142857,0.0,0.43452380952380953,0.00776755175801381,0.0003985168443586237
NHITS_LOCAL,7-Day Rollout,Invierno,Zona Central,Otoño,crucero,1.408702923243643,1.2806389845944648,150.90244877309132,500.6051009513354,0.047619047619047616,1.2221985432948728,0.06627832833696015
NHITS_LOCAL,7-Day Rollout,Operational,Zona Central,Otoño,crucero,1.408702923243643,1.2806389845944648,150.90244877309132,500.6051009513354,0.047619047619047616,1.2221985432948728,0.06627832833696015
NHITS_LOCAL,7-Day Rollout,Otoño,Zona Central,Otoño,crucero,1.2015302990163865,1.0267374031441467,119.75477040471662,159.7828748086111,0.0,0.8841073589585426,0.1478740366008164
NHITS_LOCAL,7-Day Rollout,Primavera,Zona Central,Otoño,crucero,1.043994280539643,0.5787392031995859,178.5188686584734,181.61811753603382,0.10119047619047619,0.03544928173031881,0.543292316090635
NHITS_LOCAL,7-Day Rollout,Verano,Zona Central,Otoño,crucero,1.5151656783326564,1.0056047433796007,188.35843876875995,150.94584216846866,0.06547619047619048,0.05768431736567956,0.9486117676428485
NHITS_LOCAL,Day 1,Raw,Zona Central,Otoño,fotovolt_solar_i,0.15502929401728335,0.08112669024558272,129.1319849618316,192.95503361590693,0.25,0.0065465874067740515,0.0748253586430413
NHITS_LOCAL,Day 1,Invierno,Zona Central,Otoño,fotovolt_solar_i,0.3090388177962167,0.1650451135452992,173.73186538281206,192.34378757185837,0.125,0.01512364882461649,0.15088393600211322
NHITS_LOCAL,Day 1,Operational,Zona Central,Otoño,fotovolt_solar_i,0.36467047199756175,0.3419815393420625,143.04502050958607,197.69072370330386,0.0,0.2802130617847979,0.06555063000387236
NHITS_LOCAL,Day 1,Otoño,Zona Central,Otoño,fotovolt_solar_i,0.36467047199756175,0.3419815393420625,143.04502050958607,197.69072370330386,0.0,0.2802130617847979,0.06555063000387236
NHITS_LOCAL,Day 1,Primavera,Zona Central,Otoño,fotovolt_solar_i,0.3501761977049183,0.2013739829150533,172.0515597069583,177.99868724558902,0.08333333333333333,0.018364893425253586,0.18257749837830486
NHITS_LOCAL,Day 1,Verano,Zona Central,Otoño,fotovolt_solar_i,0.379605540707962,0.238299808697775,174.0733101951739,159.77528941718987,0.041666666666666664,0.01427871147946765,0.2244729300495237
NHITS_LOCAL,7-Day Rollout,Raw,Zona Central,Otoño,fotovolt_solar_i,0.26195086416883884,0.12963306703230024,111.10565811519993,202.03458675324572,0.2619047619047619,0.008861965665970827,0.12225848597007787
NHITS_LOCAL,7-Day Rollout,Invierno,Zona Central,Otoño,fotovolt_solar_i,0.199639025558624,0.09146440844905748,165.799506481085,227.1899815139533,0.13095238095238096,0.010831162329305973,0.08211694080609962
NHITS_LOCAL,7-Day Rollout,Operational,Zona Central,Otoño,fotovolt_solar_i,0.344432322211761,0.3221837932436299,148.19756704246453,243.89632993138508,0.011904761904761904,0.27550204320509375,0.05013565879278271
NHITS_LOCAL,7-Day Rollout,Otoño,Zona Central,Otoño,fotovolt_solar_i,0.344432322211761,0.3221837932436299,148.19756704246453,243.89632993138508,0.011904761904761904,0.27550204320509375,0.05013565879278271
NHITS_LOCAL,7-Day Rollout,Primavera,Zona Central,Otoño,fotovolt_solar_i,0.3011917401460996,0.15224384414701067,174.17159586831391,200.73676635212766,0.1130952380952381,0.010969461051986752,0.14109876351265882
NHITS_LOCAL,7-Day Rollout,Verano,Zona Central,Otoño,fotovolt_solar_i,0.3416545605434579,0.2068859089686969,186.24426055234505,165.59910725517088,0.07142857142857142,0.011659094632658264,0.1953993333938551
NHITS_LOCAL,Day 1,Raw,Zona Central,Otoño,gr_santa_rosa,1.1258490267349077,0.5779161896271034,130.12610534906514,205.3680839290643,0.2916666666666667,0.08788432150048114,0.4984780556801372
NHITS_LOCAL,Day 1,Invierno,Zona Central,Otoño,gr_santa_rosa,3.1744953483641325,1.9358373555975656,190.72762179529548,167.75542307196,0.08333333333333333,0.1638173633759531,1.7626580103766172
NHITS_LOCAL,Day 1,Operational,Zona Central,Otoño,gr_santa_rosa,2.858291487870259,1.8809829818480164,191.32449736595672,160.63427183107325,0.041666666666666664,0.26775927031443036,1.6113982258509472
NHITS_LOCAL,Day 1,Otoño,Zona Central,Otoño,gr_santa_rosa,2.858291487870259,1.8809829818480164,191.32449736595672,160.63427183107325,0.041666666666666664,0.26775927031443036,1.6113982258509472
NHITS_LOCAL,Day 1,Verano,Zona Central,Otoño,gr_santa_rosa,5.616476993654824,3.917896535868446,181.94407904249516,143.6789746072198,0.041666666666666664,0.2794732367930313,3.646242560725659
NHITS_LOCAL,7-Day Rollout,Raw,Zona Central,Otoño,gr_santa_rosa,3.0192874102669482,1.6538522300734257,133.3929809843565,182.81673860263464,0.20833333333333334,0.11957692541343909,1.5442487672874945
NHITS_LOCAL,7-Day Rollout,Invierno,Zona Central,Otoño,gr_santa_rosa,2.0835763002545047,1.0168912907761947,178.16180125668322,209.67154417780085,0.1130952380952381,0.09308674933971425,0.922818404815059
NHITS_LOCAL,7-Day Rollout,Operational,Zona Central,Otoño,gr_santa_rosa,2.4227907295293347,1.259286454838903,186.8676403405618,195.6693686664029,0.09523809523809523,0.09789801057593736,1.1607042970069286
NHITS_LOCAL,7-Day Rollout,Otoño,Zona Central,Otoño,gr_santa_rosa,2.4227907295293347,1.259286454838903,186.8676403405618,195.6693686664029,0.09523809523809523,0.09789801057593736,1.1607042970069286
NHITS_LOCAL,7-Day Rollout,Verano,Zona Central,Otoño,gr_santa_rosa,5.290998220624252,3.599551785160743,191.8655118618599,147.2647825841462,0.07142857142857142,0.20397886339841148,3.395969063153634
NHITS_LOCAL,Day 1,Raw,Zona Central,Primavera,donihue,1.6818463448420218,1.0059147060484341,128.2831137573067,166.56906173874023,0.21739130434782608,0.06870947897727803,0.9525765423976778
NHITS_LOCAL,Day 1,Invierno,Zona Central,Primavera,donihue,1.2261245924872128,0.6538495830415437,174.2309735328498,194.84493168579502,0.16666666666666666,0.08932757192912201,0.5701492462282961
NHITS_LOCAL,Day 1,Otoño,Zona Central,Primavera,donihue,2.7537626309012024,2.1778753915956863,152.92849051050447,134.01783474448442,0.0,0.7286099387759654,1.4630331368224383
NHITS_LOCAL,Day 1,Primavera,Zona Central,Primavera,donihue,1.6564887203635168,0.9841862639101843,171.6314217964501,171.19059933023888,0.08333333333333333,0.07735509161138908,0.9037463226171288
NHITS_LOCAL,Day 1,Verano,Zona Central,Primavera,donihue,4.849202669785072,3.480894600506872,180.7667322087164,139.4799025976538,0.041666666666666664,0.25399202106054874,3.2361795098753645
NHITS_LOCAL,7-Day Rollout,Raw,Zona Central,Primavera,donihue,1.397359225349581,0.7202268718573833,116.23941168734994,193.54893941174095,0.2634730538922156,0.04732197034035908,0.6806686073711035
NHITS_LOCAL,7-Day Rollout,Invierno,Zona Central,Primavera,donihue,1.8497414397622198,0.9777605678696307,171.9116202491073,193.5688376520766,0.1488095238095238,0.08922764895091642,0.8872883859344473
NHITS_LOCAL,7-Day Rollout,Otoño,Zona Central,Primavera,donihue,3.33931742350143,2.579188688351895,161.23866260411805,132.79161955497312,0.0,0.62104970253512,1.9553213595547796
NHITS_LOCAL,7-Day Rollout,Primavera,Zona Central,Primavera,donihue,1.4002751530410567,0.7260229459712891,174.0145493633763,195.1142202122909,0.08333333333333333,0.04932688310221974,0.6757249072519093
NHITS_LOCAL,7-Day Rollout,Verano,Zona Central,Primavera,donihue,4.226605512892664,2.7618571807272376,187.58476376753865,153.34097045900046,0.07738095238095238,0.16181502514668436,2.602253374811069
NHITS_LOCAL,Day 1,Raw,Zona Central,Primavera,pfv_jose_soler_mallafre,0.30623323890854165,0.16414095752406865,125.45266352323972,184.3853561153154,0.2608695652173913,0.015949641994160157,0.15440605872237304
NHITS_LOCAL,Day 1,Invierno,Zona Central,Primavera,pfv_jose_soler_mallafre,0.386487221136505,0.3529575367877745,132.58147355215925,185.39656071846557,0.041666666666666664,0.2852953827733169,0.07419796139056417
NHITS_LOCAL,Day 1,Otoño,Zona Central,Primavera,pfv_jose_soler_mallafre,0.45327897840546777,0.22341321221999047,158.45733727167186,204.68872412994665,0.25,0.014528507014377585,0.208701286548118
NHITS_LOCAL,Day 1,Primavera,Zona Central,Primavera,pfv_jose_soler_mallafre,0.30575081618718436,0.16773033787224753,180.81268468617867,192.09901120206422,0.041666666666666664,0.02224354212086534,0.14417224925321837
NHITS_LOCAL,Day 1,Verano,Zona Central,Primavera,pfv_jose_soler_mallafre,0.5310973454913345,0.26183987063510966,156.47418372350577,208.831521349457,0.08333333333333333,0.03925434644528044,0.2389987387180251
NHITS_LOCAL,7-Day Rollout,Raw,Zona Central,Primavera,pfv_jose_soler_mallafre,0.5201434828683629,0.2805569848021918,126.92464754469057,184.67756758411468,0.23353293413173654,0.01743705084334219,0.2647816706930096
NHITS_LOCAL,7-Day Rollout,Invierno,Zona Central,Primavera,pfv_jose_soler_mallafre,0.39905360209476737,0.37367221508895365,147.79829777526987,239.66971534075236,0.047619047619047616,0.30565451209564626,0.07155039871922242
NHITS_LOCAL,7-Day Rollout,Otoño,Zona Central,Primavera,pfv_jose_soler_mallafre,0.6679113353208923,0.41575096484025054,179.7496556461132,161.14749962978092,0.1130952380952381,0.022915412558267335,0.39257203401663565
NHITS_LOCAL,7-Day Rollout,Primavera,Zona Central,Primavera,pfv_jose_soler_mallafre,0.5211933847680148,0.28157787288732616,183.16265500492977,186.15842236048792,0.041666666666666664,0.01689633379587143,0.26457428635983976
NHITS_LOCAL,7-Day Rollout,Verano,Zona Central,Primavera,pfv_jose_soler_mallafre,0.5327197023326059,0.2808834956390672,148.07481635409385,192.05661070714964,0.16666666666666666,0.026540579528547086,0.2607175497316521
NHITS_LOCAL,Day 1,Raw,Zona Central,Primavera,pfv_villa_seca,1.4515030527437387,0.9718304394627921,154.9899584201735,149.22817871784153,0.20833333333333334,0.05111463805369567,0.9178092019263809
NHITS_LOCAL,Day 1,Invierno,Zona Central,Primavera,pfv_villa_seca,0.5801632870698578,0.32224301108756964,174.70598812368073,184.37357945927673,0.125,0.03097942313399168,0.29110826975779674
NHITS_LOCAL,Day 1,Otoño,Zona Central,Primavera,pfv_villa_seca,1.3821121617474101,0.9241270694765262,191.43111047731972,150.01323142916775,0.0,0.058675820371718146,0.8694992633701379
NHITS_LOCAL,Day 1,Primavera,Zona Central,Primavera,pfv_villa_seca,1.4442020097071704,0.9719490097486414,188.06550645402885,148.46846244058958,0.0,0.06014274825186779,0.9160937656182794
NHITS_LOCAL,Day 1,Verano,Zona Central,Primavera,pfv_villa_seca,1.4146287280526066,0.8939622341034313,184.0078258957256,158.95044456886666,0.0,0.06621745626907796,0.8292002318116526
NHITS_LOCAL,7-Day Rollout,Raw,Zona Central,Primavera,pfv_villa_seca,1.4594650066347092,0.9625676787323062,131.80745042403825,151.17688694497576,0.20833333333333334,0.055986713715659185,0.9073531494929089
NHITS_LOCAL,7-Day Rollout,Invierno,Zona Central,Primavera,pfv_villa_seca,0.6061540888956111,0.304063065138334,176.12112258002722,202.37585101605768,0.13690476190476192,0.02324192670219721,0.28056967780378705
NHITS_LOCAL,7-Day Rollout,Otoño,Zona Central,Primavera,pfv_villa_seca,1.316746574609803,0.8543468606304876,195.22792986767516,154.4761865248449,0.06547619047619048,0.048371897402865315,0.8075480297264652
NHITS_LOCAL,7-Day Rollout,Primavera,Zona Central,Primavera,pfv_villa_seca,1.4645450758791119,0.966550659303764,184.06621585687313,151.70219369830536,0.13095238095238096,0.05275070197378574,0.9141486273534524
NHITS_LOCAL,7-Day Rollout,Verano,Zona Central,Primavera,pfv_villa_seca,1.3246458068070326,0.8565111296259256,188.11929586111177,154.85224886382386,0.07738095238095238,0.05053260823548109,0.806582457707915
NHITS_LOCAL,Day 1,Raw,Zona Central,Verano,alto_solar,0.04810498632884677,0.027868801436852664,100.0,0.0,0.4166666666666667,0.04982266019602927,0.0018208560805457348
NHITS_LOCAL,Day 1,Invierno,Zona Central,Verano,alto_solar,1.2397137210235467,0.7039360234921332,188.60246791361007,179.404347669194,0.125,0.053974707616240875,0.6466411381576714
NHITS_LOCAL,Day 1,Operational,Zona Central,Verano,alto_solar,1.2710137689799097,0.9194398540712427,163.62351777966208,141.3991824510437,0.0,0.19508413623116208,0.7289381420535695
NHITS_LOCAL,Day 1,Otoño,Zona Central,Verano,alto_solar,1.4128924163655099,0.8721580723164758,194.5189644798234,162.45644608401543,0.0,0.05256924565910595,0.8230206022722996
NHITS_LOCAL,Day 1,Primavera,Zona Central,Verano,alto_solar,1.0972938764145495,0.677096896207028,187.60974875740803,162.79269990491608,0.041666666666666664,0.04072507816472353,0.6379188491409877
NHITS_LOCAL,Day 1,Verano,Zona Central,Verano,alto_solar,1.2710137689799097,0.9194398540712427,163.62351777966208,141.3991824510437,0.0,0.19508413623116208,0.7289381420535695
NHITS_LOCAL,7-Day Rollout,Raw,Zona Central,Verano,alto_solar,0.018188302165261332,0.004216754640619261,88.09523809523809,0.0,0.40476190476190477,0.007690963338756516,0.0002800391676243767
NHITS_LOCAL,7-Day Rollout,Invierno,Zona Central,Verano,alto_solar,0.7336349754728936,0.3005915100019636,153.7703020085527,251.17499047500013,0.25,0.0277473170455778,0.27422935638727874
NHITS_LOCAL,7-Day Rollout,Operational,Zona Central,Verano,alto_solar,1.2046243769145002,0.8166130333612229,162.59976103786212,151.58396563373967,0.0,0.16532995755260343,0.6515052894503155
NHITS_LOCAL,7-Day Rollout,Otoño,Zona Central,Verano,alto_solar,1.328273723189685,0.795161080160012,195.79472729143959,167.3959365659395,0.07738095238095238,0.044308816135370375,0.751687142760784
NHITS_LOCAL,7-Day Rollout,Primavera,Zona Central,Verano,alto_solar,0.9691505241062109,0.46489318361844717,179.37333991130276,209.53575926471638,0.08928571428571429,0.02739620719866729,0.43873508771504843
NHITS_LOCAL,7-Day Rollout,Verano,Zona Central,Verano,alto_solar,1.2046243769145002,0.8166130333612229,162.59976103786212,151.58396563373967,0.0,0.16532995755260343,0.6515052894503155
NHITS_LOCAL,Day 1,Raw,Zona Central,Verano,chancon,1.3004765737882125,0.8855813055633917,122.73076659604338,143.9812710035465,0.20833333333333334,0.05623714537371901,0.8414540257458913
NHITS_LOCAL,Day 1,Invierno,Zona Central,Verano,chancon,0.8175655095693535,0.47771180075748515,190.62883802553594,173.674074916641,0.125,0.03499878671233698,0.44254622482500655
NHITS_LOCAL,Day 1,Otoño,Zona Central,Verano,chancon,1.170208438500905,0.7714569681702415,197.99451205083926,152.20505419932616,0.0,0.04841901170220808,0.7261490394373444
NHITS_LOCAL,Day 1,Primavera,Zona Central,Verano,chancon,0.7368019252345206,0.44101231746996444,169.8957092439301,171.6906183854823,0.08333333333333333,0.04846675404817991,0.3933598193504924
NHITS_LOCAL,Day 1,Verano,Zona Central,Verano,chancon,1.3192591777805944,0.9106684584791461,176.93051262732862,146.06635186166736,0.041666666666666664,0.06782597842005393,0.8419228123656163
NHITS_LOCAL,7-Day Rollout,Raw,Zona Central,Verano,chancon,1.3696701010575085,0.9133737168840959,143.99137451808156,149.1718979493897,0.17857142857142858,0.05036743842687255,0.8649572132184924
NHITS_LOCAL,7-Day Rollout,Invierno,Zona Central,Verano,chancon,0.46407044321546603,0.1863758367523934,150.80505926259832,255.34482173732934,0.26785714285714285,0.01635186056925076,0.17095436778505743
NHITS_LOCAL,7-Day Rollout,Otoño,Zona Central,Verano,chancon,1.2339805641673514,0.8037632594365667,193.54605147761805,153.83317004153574,0.06547619047619048,0.045060602603263895,0.7600950520426641
NHITS_LOCAL,7-Day Rollout,Primavera,Zona Central,Verano,chancon,0.7733512866613126,0.34730336198082934,171.73011541390179,224.77306046736433,0.1488095238095238,0.023058150024718047,0.3246592036233952
NHITS_LOCAL,7-Day Rollout,Verano,Zona Central,Verano,chancon,1.3741414666915694,0.9205517146141834,190.4796755915177,149.65851026387054,0.047619047619047616,0.05269246216478115,0.8677810328320318
NHITS_LOCAL,Day 1,Raw,Zona Central,Verano,chimbarongo,0.5110277698787133,0.293438993083934,110.31643117680352,169.86785643762033,0.16666666666666666,0.02526542213745415,0.2762081839920332
NHITS_LOCAL,Day 1,Invierno,Zona Central,Verano,chimbarongo,0.5314729298336005,0.33845393493781256,168.6738649801806,182.46737780063293,0.0,0.10280659071613628,0.23909478599392364
NHITS_LOCAL,Day 1,Otoño,Zona Central,Verano,chimbarongo,1.1736651867758712,0.9098073381464928,162.56640723210168,129.37202050194313,0.0,0.19408765908253067,0.718752699783848
NHITS_LOCAL,Day 1,Primavera,Zona Central,Verano,chimbarongo,0.30316395386950745,0.21435085648367172,185.78781492039923,160.82655541080783,0.041666666666666664,0.046434790116925716,0.16124173362972558
NHITS_LOCAL,Day 1,Verano,Zona Central,Verano,chimbarongo,0.5015114121876426,0.3189287497662008,163.21198039624133,167.41838350705916,0.041666666666666664,0.06895432323993494,0.25023735714300227
NHITS_LOCAL,7-Day Rollout,Raw,Zona Central,Verano,chimbarongo,1.2100099889699283,0.7681072149894351,152.1044696945214,157.13008139706432,0.19642857142857142,0.042025779926539795,0.7278882424888079
NHITS_LOCAL,7-Day Rollout,Invierno,Zona Central,Verano,chimbarongo,0.3091291832995619,0.16017444046008764,170.01029601880003,295.66881238054566,0.03571428571428571,0.07905613254768988,0.0849300935498875
NHITS_LOCAL,7-Day Rollout,Otoño,Zona Central,Verano,chimbarongo,1.1435137053771722,0.8604025015602074,167.74616884472414,135.16566160455284,0.0,0.16645299120932228,0.6915908237284755
NHITS_LOCAL,7-Day Rollout,Primavera,Zona Central,Verano,chimbarongo,0.6909799069339737,0.2928816194473048,171.17424971563258,240.91048991629037,0.10714285714285714,0.02290377082475073,0.2696435443207513
NHITS_LOCAL,7-Day Rollout,Verano,Zona Central,Verano,chimbarongo,1.206838328574199,0.7740238394486542,182.77275990806606,156.81301597859013,0.023809523809523808,0.05286096643291914,0.7211009844558334
NHITS_LOCAL,Day 1,Raw,Zona Central,Verano,don_eugenio,1.318789578867247,0.8482518849438444,122.62772398571762,153.803553140174,0.20833333333333334,0.053348486986215,0.8013176501503039
NHITS_LOCAL,Day 1,Invierno,Zona Central,Verano,don_eugenio,0.9901107484440561,0.5903738670313032,190.40106393164262,170.23500274968174,0.125,0.04304881517382455,0.54565987812263
NHITS_LOCAL,Day 1,Otoño,Zona Central,Verano,don_eugenio,1.5436358785333741,1.0369887276125762,192.8618170355455,149.16424814398005,0.0,0.06332712545699906,0.9775696368024606
NHITS_LOCAL,Day 1,Primavera,Zona Central,Verano,don_eugenio,0.8886624320602103,0.5175705229242643,170.3147940255617,176.8211635335027,0.08333333333333333,0.058432538283523176,0.4591279592025481
NHITS_LOCAL,Day 1,Verano,Zona Central,Verano,don_eugenio,1.3305626509296582,0.86472969641909,172.9892841593423,155.1789545466083,0.041666666666666664,0.06104036452403914,0.8010812033200635
NHITS_LOCAL,7-Day Rollout,Raw,Zona Central,Verano,don_eugenio,1.4676022357154603,0.9780139971406586,149.12462688111893,149.61620516264298,0.17857142857142858,0.05331827170873519,0.9259483455112625
NHITS_LOCAL,7-Day Rollout,Invierno,Zona Central,Verano,don_eugenio,0.5601733847133853,0.22774464257714672,145.8967807607443,253.65566368183048,0.2976190476190476,0.021616297629694123,0.2072740292809515
NHITS_LOCAL,7-Day Rollout,Otoño,Zona Central,Verano,don_eugenio,1.4015689390853443,0.9108350712102125,196.2968106390078,154.21488403576137,0.06547619047619048,0.051663043831134334,0.86094699895388
NHITS_LOCAL,7-Day Rollout,Primavera,Zona Central,Verano,don_eugenio,1.0915960269255147,0.5940879944816212,176.20102603353652,184.86513180375619,0.08333333333333333,0.036477070502873445,0.5578495706272449
NHITS_LOCAL,7-Day Rollout,Verano,Zona Central,Verano,don_eugenio,1.4704322745261702,0.9837281819720112,190.1311059686328,149.90392249884061,0.08928571428571429,0.05555256460965992,0.9273658030976564
NHITS_LOCAL,Day 1,Raw,Zona Central,Verano,el_pilpen,1.7282483509481255,1.1272835109927353,124.80992709376918,151.63984684352263,0.25,0.06488050892600465,1.0650049613202706
NHITS_LOCAL,Day 1,Invierno,Zona Central,Verano,el_pilpen,0.9833447914078307,0.598666694558536,190.74150578501585,167.62908233811905,0.125,0.04734078824306683,0.5489727013846277
NHITS_LOCAL,Day 1,Otoño,Zona Central,Verano,el_pilpen,1.4977154881133485,1.008890104543146,182.34293841752535,148.94763292410852,0.0,0.0654259166425618,0.9476318000595105
NHITS_LOCAL,Day 1,Primavera,Zona Central,Verano,el_pilpen,1.0154273042458626,0.6153687016594631,190.64939628298524,165.96267923509225,0.041666666666666664,0.03643937075654928,0.5792269389576176
NHITS_LOCAL,Day 1,Verano,Zona Central,Verano,el_pilpen,1.7432535210306952,1.149274172305013,184.70896676075714,152.9476910395277,0.041666666666666664,0.08249762448370651,1.0651211309845772
NHITS_LOCAL,7-Day Rollout,Raw,Zona Central,Verano,el_pilpen,1.7245700057361106,1.174317237829419,150.48173668008778,146.45743433043674,0.19642857142857142,0.06268137681309963,1.1121451479716358
NHITS_LOCAL,7-Day Rollout,Invierno,Zona Central,Verano,el_pilpen,0.5755063860834246,0.24958667835437068,156.43924312241225,237.5756833511841,0.23809523809523808,0.02329183391638946,0.2274430107544092
NHITS_LOCAL,7-Day Rollout,Otoño,Zona Central,Verano,el_pilpen,1.446836053808977,0.9342865652854796,193.7218825049226,155.22729617360778,0.05357142857142857,0.05376720680442738,0.8825667553423044
NHITS_LOCAL,7-Day Rollout,Primavera,Zona Central,Verano,el_pilpen,1.0890780636919857,0.5620542187617026,178.6972621765055,194.7657246387566,0.08333333333333333,0.03225606963058973,0.530451571817091
NHITS_LOCAL,7-Day Rollout,Verano,Zona Central,Verano,el_pilpen,1.7283350260760426,1.1807968556977815,189.26292945289245,146.7760748440567,0.05952380952380952,0.06679977646340926,1.1134012005500036
NHITS_LOCAL,Day 1,Raw,Zona Central,Verano,el_roble,3.1001980569677188,1.5798716607193153,84.04126073753896,193.629794684681,0.3333333333333333,0.11998294685035944,1.5171201338991522
NHITS_LOCAL,Day 1,Invierno,Zona Central,Verano,el_roble,2.9570990185775843,1.764767637476325,191.0333428530116,170.0623689677688,0.125,0.13139886144393434,1.6345905906287952
NHITS_LOCAL,Day 1,Otoño,Zona Central,Verano,el_roble,4.312105446672417,2.8584963750896955,198.36910751201884,151.32468167225315,0.041666666666666664,0.1754757583802833,2.6931555388124857
NHITS_LOCAL,Day 1,Primavera,Zona Central,Verano,el_roble,3.0028611545068404,1.7713322521109756,179.98742452996748,174.9449921213632,0.041666666666666664,0.1812288693812055,1.5828382446081377
NHITS_LOCAL,Day 1,Verano,Zona Central,Verano,el_roble,3.121816767337037,1.6268769539892673,142.6012422913897,194.98003953137732,0.2916666666666667,0.14106898127744594,1.4783237962052225
NHITS_LOCAL,7-Day Rollout,Raw,Zona Central,Verano,el_roble,4.297651371961141,2.698923875924222,140.03117630318349,158.8711784496429,0.21428571428571427,0.1503033052403009,2.558576480144239
NHITS_LOCAL,7-Day Rollout,Invierno,Zona Central,Verano,el_roble,1.8020504327054148,0.7861030225012872,157.6047926319616,234.81488719903015,0.22023809523809523,0.06909397774622253,0.7224577280357921
NHITS_LOCAL,7-Day Rollout,Otoño,Zona Central,Verano,el_roble,3.8824091322903986,2.436625207603567,193.64975513191462,159.73383263095718,0.07738095238095238,0.13995136122610297,2.302286975231097
NHITS_LOCAL,7-Day Rollout,Primavera,Zona Central,Verano,el_roble,3.1005357490147243,1.5531552872402936,176.62670502477852,201.380817841342,0.08333333333333333,0.09979546322411766,1.4550908131813531
NHITS_LOCAL,7-Day Rollout,Verano,Zona Central,Verano,el_roble,4.304158560976468,2.714218447312305,183.66874422645535,159.11145904520066,0.1488095238095238,0.1553941052175062,2.557396152202186
NHITS_LOCAL,Day 1,Raw,Zona Central,Verano,el_sauce,1.0806951969033143,0.5500064383571347,91.1282621967957,195.25030508889307,0.2916666666666667,0.045739438834910585,0.5247909147137154
NHITS_LOCAL,Day 1,Invierno,Zona Central,Verano,el_sauce,0.9378257931737253,0.5321992936078459,180.1808893400028,179.24778612855255,0.125,0.040969545483433956,0.49100843456496174
NHITS_LOCAL,Day 1,Otoño,Zona Central,Verano,el_sauce,1.4235315115894813,0.9410955579623987,197.67692394255357,151.67448311959103,0.041666666666666664,0.05899269530400489,0.8867003795319155
NHITS_LOCAL,Day 1,Primavera,Zona Central,Verano,el_sauce,0.8342659625662215,0.4820061421050923,180.9168050614281,179.86977645790273,0.041666666666666664,0.055471405898424565,0.42451614119515096
NHITS_LOCAL,Day 1,Verano,Zona Central,Verano,el_sauce,1.090332426088751,0.5618038900817434,143.21174962933026,196.991473129669,0.25,0.046368498184407754,0.5143603459466248
NHITS_LOCAL,7-Day Rollout,Raw,Zona Central,Verano,el_sauce,1.3632997569388197,0.8665347705065782,147.92003276182174,157.12174271575225,0.19047619047619047,0.04840924033207037,0.8212199076843674
NHITS_LOCAL,7-Day Rollout,Invierno,Zona Central,Verano,el_sauce,0.52930604326972,0.21020167433598166,149.0475934771081,260.19005025982193,0.27380952380952384,0.02067035364791875,0.1909756060878255
NHITS_LOCAL,7-Day Rollout,Otoño,Zona Central,Verano,el_sauce,1.3316277727934243,0.8407521640227471,192.06604334390798,158.7651630801818,0.08333333333333333,0.047955429028909945,0.7946354363088808
NHITS_LOCAL,7-Day Rollout,Primavera,Zona Central,Verano,el_sauce,0.9530181327562971,0.43594481228640125,171.7364294331466,220.95879750698933,0.11904761904761904,0.02926876172984651,0.40723281181095183
NHITS_LOCAL,7-Day Rollout,Verano,Zona Central,Verano,el_sauce,1.3651087836210098,0.8705551609947135,183.21893056427305,157.32959253042827,0.1488095238095238,0.049826868631082884,0.820485056140647
NHITS_LOCAL,Day 1,Raw,Zona Central,Verano,la_blanquina,0.07427601687402884,0.03814396595892807,89.86725263882049,860.3722798003286,0.4166666666666667,0.0516699503850153,0.010103515529772266
NHITS_LOCAL,Day 1,Invierno,Zona Central,Verano,la_blanquina,2.79644813390487,1.663690175822315,190.58736202662533,170.86683538552495,0.08333333333333333,0.1242397208843613,1.5342773219163064
NHITS_LOCAL,Day 1,Operational,Zona Central,Verano,la_blanquina,3.3072725828925402,2.1383532061008736,184.44147535956824,156.15850985626923,0.125,0.1804549433659607,1.953268394966532
NHITS_LOCAL,Day 1,Otoño,Zona Central,Verano,la_blanquina,3.3072725828925402,2.1383532061008736,184.44147535956824,156.15850985626923,0.125,0.1804549433659607,1.953268394966532
NHITS_LOCAL,Day 1,Primavera,Zona Central,Verano,la_blanquina,3.50866276736751,2.1796428628586,185.84079440150552,161.4916625588181,0.041666666666666664,0.1263097034536865,2.058136756777094
NHITS_LOCAL,Day 1,Verano,Zona Central,Verano,la_blanquina,5.191746814868052,3.6758117177523673,181.23044613245233,141.39850987549872,0.041666666666666664,0.26874091565453756,3.4144616129575294
NHITS_LOCAL,7-Day Rollout,Raw,Zona Central,Verano,la_blanquina,2.346182430106644,1.1745392992095167,112.32458630796451,200.22178677239611,0.30357142857142855,0.08740640627349336,1.103575232797922
NHITS_LOCAL,7-Day Rollout,Invierno,Zona Central,Verano,la_blanquina,1.5724708590765746,0.6318588235332018,155.4845471646993,256.9013214856304,0.24404761904761904,0.06200161823638891,0.5736353138340702
NHITS_LOCAL,7-Day Rollout,Operational,Zona Central,Verano,la_blanquina,2.252339879261894,1.1291977252441852,164.8080647183378,203.7137660062096,0.23214285714285715,0.09741484752741511,1.027530307610366
NHITS_LOCAL,7-Day Rollout,Otoño,Zona Central,Verano,la_blanquina,2.252339879261894,1.1291977252441852,164.8080647183378,203.7137660062096,0.23214285714285715,0.09741484752741511,1.027530307610366
NHITS_LOCAL,7-Day Rollout,Primavera,Zona Central,Verano,la_blanquina,2.8367156581181234,1.3458779575746684,177.02146335643653,211.76115412128604,0.1130952380952381,0.07753558316152998,1.2712256527837735
NHITS_LOCAL,7-Day Rollout,Verano,Zona Central,Verano,la_blanquina,4.457986914055905,2.848542325132127,187.74945557909365,156.81393447297967,0.08333333333333333,0.1669343269499396,2.6831883032911543
NHITS_LOCAL,Day 1,Raw,Zona Central,Verano,la_frontera,1.34026714646282,0.8611975066087325,135.16791688659185,154.57979095153811,0.16666666666666666,0.052198515653799404,0.8157466929916457
NHITS_LOCAL,Day 1,Invierno,Zona Central,Verano,la_frontera,2.0928990601194486,2.0133063111279625,145.65940534596453,196.35425921661314,0.0,1.608632015476178,0.4179506188311886
NHITS_LOCAL,Day 1,Otoño,Zona Central,Verano,la_frontera,2.353613464731461,1.4950003840882953,197.6809931520565,157.89067892030153,0.041666666666666664,0.09040940511622465,1.407379846199183
NHITS_LOCAL,Day 1,Primavera,Zona Central,Verano,la_frontera,1.7173882685503525,1.0280817264887208,190.730453483106,167.66617921229053,0.041666666666666664,0.06195022274200527,0.9705795881912112
NHITS_LOCAL,Day 1,Verano,Zona Central,Verano,la_frontera,1.2884167513654148,0.8607407915232113,176.6421729896963,149.27886198247634,0.0,0.09644165753753524,0.7728188675974806
NHITS_LOCAL,7-Day Rollout,Raw,Zona Central,Verano,la_frontera,1.723025881335614,1.0570249632994637,156.89919888771766,162.65099050516653,0.21428571428571427,0.05771484045011076,1.0017236392490385
NHITS_LOCAL,7-Day Rollout,Invierno,Zona Central,Verano,la_frontera,2.0621405204500474,1.9754433364014727,165.4283971153355,505.67985725216823,0.03571428571428571,1.8031576289558269,0.1931924302396224
NHITS_LOCAL,7-Day Rollout,Otoño,Zona Central,Verano,la_frontera,2.302568788350649,1.4400458823008757,197.10309797993145,160.31702646792246,0.07738095238095238,0.08042159411902719,1.3605398936686208
NHITS_LOCAL,7-Day Rollout,Primavera,Zona Central,Verano,la_frontera,1.5534532014530171,0.7372018926813985,178.4338907820941,211.45689806367534,0.08928571428571429,0.04166867480858786,0.6971888113759301
NHITS_LOCAL,7-Day Rollout,Verano,Zona Central,Verano,la_frontera,1.7103621624356,1.0626204953658085,183.8863515833905,161.40229410262552,0.05357142857142857,0.07456425382761593,0.9880047908803692
NHITS_LOCAL,Day 1,Raw,Zona Central,Verano,la_manga_i,1.0273596003907726,0.6503980761917774,135.92120401795535,157.28573435906722,0.16666666666666666,0.036986605987476655,0.6156312512549145
NHITS_LOCAL,Day 1,Invierno,Zona Central,Verano,la_manga_i,0.9447421598987304,0.5427884422339654,190.277405036624,177.27794918023176,0.125,0.04133413538656896,0.4988177923132753
NHITS_LOCAL,Day 1,Otoño,Zona Central,Verano,la_manga_i,1.0857147106004734,0.6687402901685952,198.02403654933045,162.88432674069537,0.041666666666666664,0.04030837950558634,0.6298920045621343
NHITS_LOCAL,Day 1,Verano,Zona Central,Verano,la_manga_i,0.9846830646600868,0.6491411837002184,168.66334771194147,150.99800481193515,0.0,0.07306238273667987,0.5776323567588406
NHITS_LOCAL,7-Day Rollout,Raw,Zona Central,Verano,la_manga_i,1.0235714924840462,0.6543319453442695,157.968601716499,156.161292692866,0.16666666666666666,0.03517595089693555,0.619749379734679
NHITS_LOCAL,7-Day Rollout,Invierno,Zona Central,Verano,la_manga_i,0.5555564859427059,0.22761711477351992,154.14309645702306,251.1168221668382,0.25,0.02089180551969916,0.20774311590247999
NHITS_LOCAL,7-Day Rollout,Otoño,Zona Central,Verano,la_manga_i,1.030117824715106,0.6342297650640137,196.5598362424939,162.83042738914764,0.07738095238095238,0.03543175154528789,0.5993444000833863
NHITS_LOCAL,7-Day Rollout,Verano,Zona Central,Verano,la_manga_i,1.0031770596349399,0.6538861298152501,180.00293253751886,153.06594558159964,0.0,0.05277821297166344,0.6011128745613634
NHITS_LOCAL,Day 1,Raw,Zona Central,Verano,los_libertadores,3.7514092481872403,2.4002407817170024,121.51092756669411,155.20154206730882,0.16666666666666666,0.1627629151334986,2.2469589387842763
NHITS_LOCAL,Day 1,Invierno,Zona Central,Verano,los_libertadores,0.059652822592268895,0.04218017767804364,125.0,0.0,0.4583333333333333,0.05823890400740008,0.0023174880848576642
NHITS_LOCAL,Day 1,Operational,Zona Central,Verano,los_libertadores,3.8671278588834284,2.526247759039203,179.75764899729316,153.3211455035206,0.0,0.20149800412667296,2.323341287889828
NHITS_LOCAL,Day 1,Otoño,Zona Central,Verano,los_libertadores,3.5625075633552483,2.2386697041026005,190.352894389855,159.68956339470728,0.041666666666666664,0.131720408857412,2.1098232338651237
NHITS_LOCAL,Day 1,Primavera,Zona Central,Verano,los_libertadores,3.1340639948558304,1.7903846725821495,170.35516849670918,178.374390694487,0.08333333333333333,0.16199960858599904,1.6277788416598924
NHITS_LOCAL,Day 1,Verano,Zona Central,Verano,los_libertadores,3.8671278588834284,2.526247759039203,179.75764899729316,153.3211455035206,0.0,0.20149800412667296,2.323341287889828
NHITS_LOCAL,7-Day Rollout,Raw,Zona Central,Verano,los_libertadores,3.8278648632563548,2.4526311625093165,142.2400962949327,155.35548608289247,0.20238095238095238,0.14446510382368571,2.3156222076982105
NHITS_LOCAL,7-Day Rollout,Invierno,Zona Central,Verano,los_libertadores,1.1408228414648756,0.3215878296098497,128.39879819268484,383.4942004380621,0.3630952380952381,0.05024567928375997,0.2802362594294538
NHITS_LOCAL,7-Day Rollout,Operational,Zona Central,Verano,los_libertadores,3.884012446882313,2.5115927090269645,191.11865606145417,155.11481888930015,0.041666666666666664,0.14993187577153247,2.3586857583562266
NHITS_LOCAL,7-Day Rollout,Otoño,Zona Central,Verano,los_libertadores,3.417448434491961,2.120240287982705,190.61035527696956,161.58452360984953,0.08333333333333333,0.1185735267954886,2.0038209570688963
NHITS_LOCAL,7-Day Rollout,Primavera,Zona Central,Verano,los_libertadores,2.98623377718458,1.608931550105139,180.06725527099198,186.90541242314862,0.10119047619047619,0.10192668725945622,1.505845023333605
NHITS_LOCAL,7-Day Rollout,Verano,Zona Central,Verano,los_libertadores,3.884012446882313,2.5115927090269645,191.11865606145417,155.11481888930015,0.041666666666666664,0.14993187577153247,2.3586857583562266
NHITS_LOCAL,Day 1,Raw,Zona Central,Verano,los_patos,0.05553842550304141,0.0313893761097764,83.33333333333334,0.0,0.4166666666666667,0.05476918543572538,0.00201858871150762
NHITS_LOCAL,Day 1,Invierno,Zona Central,Verano,los_patos,0.7509248966121673,0.4324230378648887,178.6677546768301,187.682308876726,0.0,0.07249334729858674,0.3652548769973994
NHITS_LOCAL,Day 1,Operational,Zona Central,Verano,los_patos,1.874767799785564,1.3396964613348246,176.8775568883797,139.52682122890877,0.0,0.11853422957162063,1.2227217672703166
NHITS_LOCAL,Day 1,Otoño,Zona Central,Verano,los_patos,1.607414169964179,1.073206122207921,197.0258656941322,150.03481016591692,0.0,0.06779853600019124,1.0109620388665157
NHITS_LOCAL,Day 1,Verano,Zona Central,Verano,los_patos,1.874767799785564,1.3396964613348246,176.8775568883797,139.52682122890877,0.0,0.11853422957162063,1.2227217672703166
NHITS_LOCAL,7-Day Rollout,Raw,Zona Central,Verano,los_patos,0.021002697372520095,0.004841734888833301,90.47619047619048,0.0,0.44047619047619047,0.00851836194737692,0.0003138446858402168
NHITS_LOCAL,7-Day Rollout,Invierno,Zona Central,Verano,los_patos,0.3271370366392776,0.12069948558088245,154.81998675257452,304.53448381820823,0.21428571428571427,0.026165909245469264,0.09886989561055087
NHITS_LOCAL,7-Day Rollout,Operational,Zona Central,Verano,los_patos,1.7968764995420083,1.2478521446076531,186.77558116053245,144.03345529694974,0.0,0.08920725459521194,1.1591655789486441
NHITS_LOCAL,7-Day Rollout,Otoño,Zona Central,Verano,los_patos,1.589088971943419,1.0501140522023238,194.57178065665423,151.6301139841607,0.05357142857142857,0.059442145602770335,0.9927747466007314
NHITS_LOCAL,7-Day Rollout,Verano,Zona Central,Verano,los_patos,1.7968764995420083,1.2478521446076531,186.77558116053245,144.03345529694974,0.0,0.08920725459521194,1.1591655789486441
NHITS_LOCAL,Day 1,Raw,Zona Central,Verano,peralillo,0.6853481897743964,0.45359259400565105,156.5649210292087,150.88961836243215,0.20833333333333334,0.025416120524317878,0.4285533578955267
NHITS_LOCAL,Day 1,Raw,Zona Central,Verano,pfv_marchigue_ii,5.4162915332994475,3.710150030752023,130.05232707859705,145.6154858631604,0.20833333333333334,0.2037402073542277,3.5061703599989413
NHITS_LOCAL,Day 1,Invierno,Zona Central,Verano,pfv_marchigue_ii,3.414106857045726,2.05447066295892,174.4136818121259,168.09249252258192,0.08333333333333333,0.14364370433346874,1.9099327046152512
NHITS_LOCAL,Day 1,Otoño,Zona Central,Verano,pfv_marchigue_ii,5.403643515817937,3.6527446362306364,198.66967570590805,148.17557277776197,0.041666666666666664,0.2123578169606238,3.4513279550834945
NHITS_LOCAL,Day 1,Primavera,Zona Central,Verano,pfv_marchigue_ii,4.129567223678647,2.59382968240728,169.32260016146202,162.33772070410203,0.08333333333333333,0.2410574757105981,2.3530745337950063
NHITS_LOCAL,Day 1,Verano,Zona Central,Verano,pfv_marchigue_ii,5.422665648320861,3.7304687624176345,179.2854347249654,145.78685216611592,0.041666666666666664,0.22724586396167676,3.4983005261669557
NHITS_LOCAL,7-Day Rollout,Raw,Zona Central,Verano,pfv_marchigue_ii,5.0343369979431705,3.3089652368873357,132.59866578076847,151.57444494349065,0.216,0.18400832295827568,3.1318043734064323
NHITS_LOCAL,7-Day Rollout,Invierno,Zona Central,Verano,pfv_marchigue_ii,2.091760988446795,0.9143040952369033,151.6118769865118,233.10363527037356,0.25595238095238093,0.07201772610198012,0.8459560247116141
NHITS_LOCAL,7-Day Rollout,Otoño,Zona Central,Verano,pfv_marchigue_ii,5.035098272375313,3.3269633100128324,196.79490638871192,151.647330950163,0.05952380952380952,0.18613970039916153,3.1467960703734468
NHITS_LOCAL,7-Day Rollout,Primavera,Zona Central,Verano,pfv_marchigue_ii,3.390944641312255,1.6878616616354067,178.8652997916625,202.48802545101344,0.13095238095238096,0.10861031927176383,1.5808313550862065
NHITS_LOCAL,7-Day Rollout,Verano,Zona Central,Verano,pfv_marchigue_ii,5.1959786050705254,3.5266050210269957,180.66316140498495,147.68046501802908,0.03389830508474576,0.19885370697257884,3.32533835807018
NHITS_LOCAL,Day 1,Raw,Zona Sur,Invierno,las_codornices,1.093592367661707,0.6683421193350417,128.8000862678715,163.302369495126,0.125,0.05168236713701239,0.6231528705820285
NHITS_LOCAL,Day 1,Invierno,Zona Sur,Invierno,las_codornices,1.097902879202263,0.6957156858406961,189.44917956282436,163.9872034524644,0.041666666666666664,0.07210026238850939,0.6187923886890833
NHITS_LOCAL,Day 1,Otoño,Zona Sur,Invierno,las_codornices,1.6436026732550888,1.1164065348178458,191.88478264790746,147.63974545175944,0.0,0.07085497741742681,1.0515747240307973
NHITS_LOCAL,Day 1,Primavera,Zona Sur,Invierno,las_codornices,0.6991631632723087,0.3874353019685562,169.88713858976556,186.81144946846894,0.041666666666666664,0.04869687377940863,0.3373186002131357
NHITS_LOCAL,Day 1,Verano,Zona Sur,Invierno,las_codornices,2.019089931900084,1.4937747321091592,182.55887537787544,136.2425239352587,0.041666666666666664,0.1340100828325376,1.3616938107879832
NHITS_LOCAL,7-Day Rollout,Raw,Zona Sur,Invierno,las_codornices,0.9724514185167619,0.5515342106567308,111.58302748739999,175.45875065630466,0.25,0.03855673696206872,0.5156425819827378
NHITS_LOCAL,7-Day Rollout,Invierno,Zona Sur,Invierno,las_codornices,0.9775414891247728,0.5593882246743999,176.1992561716252,176.39707112515907,0.10714285714285714,0.036481448944773766,0.5227577758721184
NHITS_LOCAL,7-Day Rollout,Otoño,Zona Sur,Invierno,las_codornices,1.5519424365346444,1.021527018135419,196.12996955838688,152.20670602033817,0.05952380952380952,0.05770986601166356,0.9661553161035477
NHITS_LOCAL,7-Day Rollout,Primavera,Zona Sur,Invierno,las_codornices,0.693360213672182,0.3854192716094888,183.00643566349376,181.21677516245086,0.08928571428571429,0.025043631629020933,0.35997058126521625
NHITS_LOCAL,7-Day Rollout,Verano,Zona Sur,Invierno,las_codornices,1.7620094397926735,1.2122205222175624,191.9472230630168,145.83088785994713,0.041666666666666664,0.07427343217783304,1.1377998063349377
TFT,Day 1,Raw,Norte Chico,Invierno,canesa_solar_i,0.09233454501781213,0.08951478047917287,191.66666666666669,0.0,0.041666666666666664,0.06358554855299493,0.0021134018742789843
TFT,Day 1,Raw,Norte Chico,Invierno,chalinga_solar,0.8335722683894626,0.549532520371334,183.71892394521998,157.9772222482984,0.0,0.06899569546706819,0.48801573818103255
TFT,Day 1,Invierno,Norte Chico,Invierno,chalinga_solar,0.8359158232565063,0.5543130877388952,185.00964778637285,157.19905196564173,0.0,0.06921028745612905,0.49235158029769077
TFT,Day 1,Otoño,Norte Chico,Invierno,chalinga_solar,0.9890514946730502,0.6821468861501975,170.81961931056827,146.56610426646472,0.041666666666666664,0.06476403057943875,0.6231566336830534
TFT,Day 1,Primavera,Norte Chico,Invierno,chalinga_solar,1.2113449043390916,0.808295278577134,181.23225588041294,152.95784543902852,0.0,0.07718110416317359,0.736559097340796
TFT,Day 1,Verano,Norte Chico,Invierno,chalinga_solar,1.5207606674391136,1.090662767586764,169.4287283023825,138.61274602928927,0.041666666666666664,0.08168142546492163,1.0210640640124133
TFT,7-Day Rollout,Raw,Norte Chico,Invierno,chalinga_solar,0.92573794063074,0.6214030208433369,179.72470214381576,154.50473121340468,0.017857142857142856,0.08630529337370674,0.5403556624966898
TFT,7-Day Rollout,Invierno,Norte Chico,Invierno,chalinga_solar,0.9258527230246769,0.6195982865569282,179.2301079653758,155.03018667705467,0.017857142857142856,0.08588199928271933,0.5388449746415842
TFT,7-Day Rollout,Otoño,Norte Chico,Invierno,chalinga_solar,0.9492050635632452,0.6607441398890087,169.06975520642843,144.9110349726706,0.03571428571428571,0.07550680326305062,0.5883753512025776
TFT,7-Day Rollout,Primavera,Norte Chico,Invierno,chalinga_solar,1.1527824197744023,0.7748961184110201,177.9951143500748,151.76081794412403,0.005952380952380952,0.09034252962069657,0.6884232854170294
TFT,7-Day Rollout,Verano,Norte Chico,Invierno,chalinga_solar,1.4291175165471701,1.0123079041222809,166.0348728939516,139.66523999255318,0.041666666666666664,0.08810017374860417,0.9316022397947172
TFT,Day 1,Raw,Norte Chico,Invierno,illapel_5x,0.8855031712254755,0.5562102790378655,182.85773277589553,165.63291219385488,0.0,0.06898111112532206,0.49465266152013393
TFT,Day 1,Invierno,Norte Chico,Invierno,illapel_5x,0.8856765086922017,0.5565013643742228,183.1943292574664,165.6906466202469,0.0,0.06882450684400586,0.49484348558083485
TFT,Day 1,Otoño,Norte Chico,Invierno,illapel_5x,1.0250435625803764,0.707421743980376,172.74268134908957,145.9057924728238,0.041666666666666664,0.06585750432326071,0.6495368415979708
TFT,Day 1,Primavera,Norte Chico,Invierno,illapel_5x,1.3614858357633945,0.9086288315399239,182.3287126067014,152.37379516027408,0.0,0.08198109608686839,0.8331385847918379
TFT,Day 1,Verano,Norte Chico,Invierno,illapel_5x,1.7157410752727458,1.1384081149007745,181.2601658884188,151.40935513575002,0.0,0.08611061714689376,1.0578381054838075
TFT,7-Day Rollout,Raw,Norte Chico,Invierno,illapel_5x,1.0928323926961727,0.7192655786265212,183.89529418830998,156.74295159356552,0.005952380952380952,0.09080601315005196,0.6336799959305753
TFT,7-Day Rollout,Invierno,Norte Chico,Invierno,illapel_5x,1.093206423451291,0.7193767056019819,184.22918710765177,156.8160887008226,0.005952380952380952,0.09055214325500337,0.6339735995427916
TFT,7-Day Rollout,Otoño,Norte Chico,Invierno,illapel_5x,0.9213109460625583,0.6220843511309295,170.83388652394973,149.547355578544,0.017857142857142856,0.07399057064787853,0.5522652915704402
TFT,7-Day Rollout,Primavera,Norte Chico,Invierno,illapel_5x,1.2424152138830196,0.8155854333127709,179.37602278053802,155.5748991409373,0.005952380952380952,0.09308484109504618,0.726424957602628
TFT,7-Day Rollout,Verano,Norte Chico,Invierno,illapel_5x,1.4523727779972975,0.9035510923004892,187.85830496401695,166.21768831744427,0.0,0.09674574956469034,0.8052714172191349
TFT,Day 1,Raw,Norte Chico,Invierno,norte_chico_i,0.12763912072424838,0.09711853704599586,156.72987185863926,154.4757839725139,0.08333333333333333,0.028110041839318003,0.07214127170360977
TFT,Day 1,Invierno,Norte Chico,Invierno,norte_chico_i,0.1280921330702963,0.09743323409929872,139.1781915098701,150.59569717456702,0.125,0.027756099569766473,0.07326613782206551
TFT,Day 1,Otoño,Norte Chico,Invierno,norte_chico_i,1.0774000399594683,0.7222149126561513,176.54053686239283,149.72356641333994,0.041666666666666664,0.055628900058703336,0.6715624919573505
TFT,Day 1,Primavera,Norte Chico,Invierno,norte_chico_i,0.3027767879566437,0.20643649897480523,170.78733824800878,158.09679802433544,0.0,0.03441788917973553,0.17203017613847651
TFT,Day 1,Verano,Norte Chico,Invierno,norte_chico_i,1.1952519292571984,0.8354668712127022,172.27115110555528,142.26330760627107,0.041666666666666664,0.059739903627390366,0.7847683975870798
TFT,7-Day Rollout,Raw,Norte Chico,Invierno,norte_chico_i,0.21024194248671013,0.15939658039377688,132.7682908601808,120.41923432491836,0.10344827586206896,0.022963721188531554,0.14425279537121677
TFT,7-Day Rollout,Invierno,Norte Chico,Invierno,norte_chico_i,0.2186551812472265,0.16819933218417696,126.86811342582045,115.22389593958933,0.11009174311926606,0.021625536586331665,0.15689321424338604
TFT,7-Day Rollout,Otoño,Norte Chico,Invierno,norte_chico_i,1.0391617111287048,0.6866554438561469,177.2402574351287,152.5545863032101,0.03571428571428571,0.06214487897732396,0.6251690509455416
TFT,7-Day Rollout,Primavera,Norte Chico,Invierno,norte_chico_i,0.3108354533057104,0.22396415955768811,166.1837883251474,146.66324409975303,0.005952380952380952,0.04469124255412641,0.17985630741614778
TFT,7-Day Rollout,Verano,Norte Chico,Invierno,norte_chico_i,1.1449893044727144,0.7961503148232753,169.00664315284496,142.5243936172193,0.041666666666666664,0.06421941349070126,0.7371790788636383
TFT,Day 1,Raw,Norte Chico,Invierno,parque_solar_fotovoltaico_maranon,0.49036288114475884,0.4309721882455051,155.0292311138883,126.81520239553466,0.041666666666666664,0.135451816713127,0.3290648487163707
TFT,Day 1,Invierno,Norte Chico,Invierno,parque_solar_fotovoltaico_maranon,0.4942930810468011,0.44117665694405633,152.90631113985543,127.70978264678587,0.041666666666666664,0.1374053919222206,0.3278492967753361
TFT,Day 1,Otoño,Norte Chico,Invierno,parque_solar_fotovoltaico_maranon,3.8321854668313593,2.676573816939102,178.50160595704983,144.0095687717943,0.041666666666666664,0.2272490407563358,2.474233266040877
TFT,Day 1,Primavera,Norte Chico,Invierno,parque_solar_fotovoltaico_maranon,0.5266640408466354,0.4691871731095792,145.5463049840349,117.29442603267842,0.041666666666666664,0.11894411919590009,0.37349971660344944
TFT,Day 1,Verano,Norte Chico,Invierno,parque_solar_fotovoltaico_maranon,0.5365292219967306,0.48440580853881937,142.93865156868281,108.0147895826118,0.0,0.11618527550793563,0.40814156296740595
TFT,7-Day Rollout,Raw,Norte Chico,Invierno,parque_solar_fotovoltaico_maranon,0.4746257010286155,0.4413024233518536,150.16914510125443,125.14910335470917,0.023809523809523808,0.1790288672365389,0.2786208435176699
TFT,7-Day Rollout,Invierno,Norte Chico,Invierno,parque_solar_fotovoltaico_maranon,0.475159320003953,0.44360283676597995,149.61771202096617,125.29250636819044,0.023809523809523808,0.18115235579774483,0.2778547387519014
TFT,7-Day Rollout,Otoño,Norte Chico,Invierno,parque_solar_fotovoltaico_maranon,3.587208037607372,2.4957977690548128,180.08905282632227,144.89020390405807,0.005952380952380952,0.2628034265271481,2.2460649333527956
TFT,7-Day Rollout,Primavera,Norte Chico,Invierno,parque_solar_fotovoltaico_maranon,0.49539113268943896,0.46067459049906273,141.27399987534187,112.92169476235125,0.02976190476190476,0.16074119102053197,0.3160635843441317
TFT,7-Day Rollout,Verano,Norte Chico,Invierno,parque_solar_fotovoltaico_maranon,0.518237055740203,0.48772175617272123,132.94235884636066,99.47700839403873,0.017857142857142856,0.14531330945652113,0.3682978763436299
TFT,Day 1,Raw,Norte Chico,Invierno,pfv_malgarida,5.566170086641968,4.906032721201579,158.33333333333331,0.0,0.20833333333333334,3.5845898439486823,0.1162329450249673
TFT,Day 1,Invierno,Norte Chico,Invierno,pfv_malgarida,91.01480639120503,59.9266823468109,183.61932847957289,152.74037452174844,0.041666666666666664,4.541719545486073,54.872776796109974
TFT,Day 1,Operational,Norte Chico,Invierno,pfv_malgarida,91.01480639120503,59.9266823468109,183.61932847957289,152.74037452174844,0.041666666666666664,4.541719545486073,54.872776796109974
TFT,Day 1,Otoño,Norte Chico,Invierno,pfv_malgarida,118.32782982903667,82.36528672200318,174.7026981701846,144.06724361663555,0.08333333333333333,5.9709136580505096,76.95141989858045
TFT,Day 1,Primavera,Norte Chico,Invierno,pfv_malgarida,111.12079422768771,75.55778569355607,167.56879392177504,147.23348903724366,0.08333333333333333,5.723758678200344,70.49609302847335
TFT,Day 1,Verano,Norte Chico,Invierno,pfv_malgarida,123.19182562690028,90.02815023126702,185.7437027522253,136.58766164961756,0.0,6.583190584772577,84.3124827564073
TFT,7-Day Rollout,Raw,Norte Chico,Invierno,pfv_malgarida,72.76996712171027,41.82218682038642,166.3574540312415,181.9704085093044,0.1130952380952381,5.083788689021909,36.738472106263394
TFT,7-Day Rollout,Invierno,Norte Chico,Invierno,pfv_malgarida,95.4254339641175,63.4060251441385,179.16858885558523,151.83360767787235,0.03571428571428571,5.907841720298997,57.90852577891201
TFT,7-Day Rollout,Operational,Norte Chico,Invierno,pfv_malgarida,95.4254339641175,63.4060251441385,179.16858885558523,151.83360767787235,0.03571428571428571,5.907841720298997,57.90852577891201
TFT,7-Day Rollout,Otoño,Norte Chico,Invierno,pfv_malgarida,117.04571559021703,81.48697572356711,182.75347968039196,144.01395787141814,0.023809523809523808,6.816597227683468,74.98264199018789
TFT,7-Day Rollout,Primavera,Norte Chico,Invierno,pfv_malgarida,113.31526751386926,77.215283307646,169.97340299796596,146.8375906001212,0.06547619047619048,6.48856267118383,71.1195343268237
TFT,7-Day Rollout,Verano,Norte Chico,Invierno,pfv_malgarida,126.63598421348067,91.82831528133136,179.8872484555894,137.05908301424364,0.011904761904761904,7.311027531681716,85.0891621772322
TFT,Day 1,Raw,Norte Chico,Otoño,cachiyuyo_solar_2,3.3723936296688057,2.3289044805290664,156.23723922762107,144.602716415981,0.125,0.21023140273628085,2.1501902007891354
TFT,Day 1,Invierno,Norte Chico,Otoño,cachiyuyo_solar_2,2.975162999693806,1.9795612143352628,174.71507138340232,155.29041486887687,0.041666666666666664,0.23635030694616335,1.771707056571419
TFT,Day 1,Otoño,Norte Chico,Otoño,cachiyuyo_solar_2,3.3746938735374856,2.360671599062092,172.75572070546977,144.6961079307587,0.041666666666666664,0.23264443335107596,2.1516797187105716
TFT,Day 1,Primavera,Norte Chico,Otoño,cachiyuyo_solar_2,3.7026420272262057,2.4183764672870893,182.85639055222828,157.04838939749848,0.0,0.25880673364581525,2.1855909645760825
TFT,Day 1,Verano,Norte Chico,Otoño,cachiyuyo_solar_2,5.78796989804386,4.204655061669958,176.97012226211282,137.03785875203508,0.041666666666666664,0.31595513682307985,3.941965809831163
TFT,7-Day Rollout,Raw,Norte Chico,Otoño,cachiyuyo_solar_2,2.8230497876342513,1.9402352096888837,173.3784284027419,149.03404950570481,0.02976190476190476,0.26542189625736123,1.6904702918644987
TFT,7-Day Rollout,Invierno,Norte Chico,Otoño,cachiyuyo_solar_2,2.5108066449519595,1.4795890531413967,178.0762863679542,192.3989872248956,0.041666666666666664,0.3050770844765273,1.181255115414526
TFT,7-Day Rollout,Otoño,Norte Chico,Otoño,cachiyuyo_solar_2,2.811079421524761,1.943118627566513,172.31905257768872,148.39974637992336,0.02976190476190476,0.27423609471934474,1.683003491690215
TFT,7-Day Rollout,Primavera,Norte Chico,Otoño,cachiyuyo_solar_2,3.9171036653079963,2.3164322133191795,183.61371555223707,180.24755291303663,0.005952380952380952,0.3436490609327761,1.975763380465265
TFT,7-Day Rollout,Verano,Norte Chico,Otoño,cachiyuyo_solar_2,5.683526531917707,4.148875912396415,173.69213655086787,135.82428235151514,0.041666666666666664,0.3479221205332405,3.8340108928852707
TFT,Day 1,Raw,Norte Chico,Verano,amparo_del_sol,1.4411584448934158,1.0320825218126022,156.7250427652618,137.54296747601876,0.08333333333333333,0.08928595083464945,0.9619303095770495
TFT,Day 1,Invierno,Norte Chico,Verano,amparo_del_sol,0.850247676356858,0.5831801353488117,168.7379921924509,153.94653492226544,0.041666666666666664,0.09292257494525984,0.5044406533357687
TFT,Day 1,Otoño,Norte Chico,Verano,amparo_del_sol,1.0679839229842298,0.7326354337856174,164.8667369750541,148.05869012984823,0.041666666666666664,0.08652260936796664,0.6563942158129066
TFT,Day 1,Primavera,Norte Chico,Verano,amparo_del_sol,1.161425792023957,0.7970261997628162,178.84331830974668,150.47088918008322,0.0,0.09946969282688467,0.7082793158405668
TFT,Day 1,Verano,Norte Chico,Verano,amparo_del_sol,1.440367459998316,1.0173714409356762,140.16746752591817,137.46887077013963,0.16666666666666666,0.08052866487638918,0.9619089801722415
TFT,7-Day Rollout,Raw,Norte Chico,Verano,amparo_del_sol,1.4578681021836786,1.0565091560001856,159.8093924078112,135.37186893524373,0.05952380952380952,0.10545912043679231,0.9662472592599405
TFT,7-Day Rollout,Invierno,Norte Chico,Verano,amparo_del_sol,0.5673605337399985,0.3645170394433773,168.14940212803683,201.89829516663016,0.041666666666666664,0.12098347203649437,0.24024480174834717
TFT,7-Day Rollout,Otoño,Norte Chico,Verano,amparo_del_sol,1.2144335529115498,0.8151659512758145,163.39369738727504,151.0034741878849,0.02976190476190476,0.11285347195441893,0.7085547197922738
TFT,7-Day Rollout,Primavera,Norte Chico,Verano,amparo_del_sol,0.9529178464610242,0.6034835036941001,177.8393212084963,178.24181877077342,0.005952380952380952,0.13414026555040914,0.4700770636049647
TFT,7-Day Rollout,Verano,Norte Chico,Verano,amparo_del_sol,1.4613969723623685,1.0584613704179988,161.52542038302414,135.70000722344707,0.05357142857142857,0.10437125417815987,0.968494821804685
TFT,Day 1,Raw,Norte Chico,Verano,luna_del_norte,1.23920802164811,0.8362176240577052,157.7539537049747,149.02475911974196,0.08333333333333333,0.08393119077275818,0.7606830355517255
TFT,Day 1,Invierno,Norte Chico,Verano,luna_del_norte,1.0822679911768598,0.6724933954986531,167.86515785015933,169.1175911126141,0.041666666666666664,0.09874023504568563,0.5883564129988978
TFT,Day 1,Otoño,Norte Chico,Verano,luna_del_norte,1.3011037430593198,0.8677967408827195,165.3009210331051,151.30533143585942,0.041666666666666664,0.09439654983968164,0.788363169277242
TFT,Day 1,Primavera,Norte Chico,Verano,luna_del_norte,1.2565561605755728,0.8093085905020416,174.78520287127714,160.79733868236582,0.0,0.10331649680526123,0.7182580820196866
TFT,Day 1,Verano,Norte Chico,Verano,luna_del_norte,1.2382917262330844,0.8216597186401486,141.40999306917914,148.93709543669092,0.16666666666666666,0.07530700233764946,0.760587536303016
TFT,7-Day Rollout,Raw,Norte Chico,Verano,luna_del_norte,1.2096471003649014,0.8235823495224828,159.18929809223656,146.95449997901642,0.05952380952380952,0.10019277423908492,0.7315875368514321
TFT,7-Day Rollout,Invierno,Norte Chico,Verano,luna_del_norte,0.7570976550738431,0.43217437984016477,169.65612392233774,217.07380991704363,0.041666666666666664,0.1258911681048024,0.30634765231584643
TFT,7-Day Rollout,Otoño,Norte Chico,Verano,luna_del_norte,1.2678855052001623,0.8570033316794149,164.24986241074643,149.45924843623416,0.02976190476190476,0.11530232772005199,0.7495597858872489
TFT,7-Day Rollout,Primavera,Norte Chico,Verano,luna_del_norte,1.0179029326438815,0.6021730087453304,180.22197782379888,195.98094013933922,0.005952380952380952,0.13627367320611944,0.4575463809499813
TFT,7-Day Rollout,Verano,Norte Chico,Verano,luna_del_norte,1.2129639181308505,0.8251110098236019,161.14809509409628,147.36722080958634,0.05357142857142857,0.0987902386867929,0.7337642330044348
TFT,Day 1,Raw,Norte Grande,Invierno,pfv_andes_solar_ii,3.4874568759437388,3.1710864463821054,174.845328713518,11788.586360650042,0.125,2.2812561970359337,0.098424433466668
TFT,Day 1,Invierno,Norte Grande,Invierno,pfv_andes_solar_ii,3.6416714523682936,3.4065520499522486,183.17428106038648,6511.030532531327,0.08333333333333333,2.3039375364935646,0.1259115635572623
TFT,Day 1,Otoño,Norte Grande,Invierno,pfv_andes_solar_ii,19.64810946144147,14.272542366292328,170.60235341625912,141.96183844883237,0.0,2.0372331420192498,12.503898022766224
TFT,Day 1,Primavera,Norte Grande,Invierno,pfv_andes_solar_ii,18.739106063287302,14.083681073971093,167.43690459745366,137.96507283062292,0.041666666666666664,2.0408384092928222,12.326950888941063
TFT,Day 1,Verano,Norte Grande,Invierno,pfv_andes_solar_ii,37.36071710801089,27.322253140000004,181.27436530920937,137.9366521209817,0.0,2.636453491030261,25.084184718240675
TFT,7-Day Rollout,Raw,Norte Grande,Invierno,pfv_andes_solar_ii,13.26887707786672,8.946935587119134,151.60195696079438,163.26524890753134,0.09523809523809523,2.1923616557803363,6.8401640033149835
TFT,7-Day Rollout,Invierno,Norte Grande,Invierno,pfv_andes_solar_ii,13.25672667984907,8.983453924235489,152.06264616241677,163.03979813110604,0.08928571428571429,2.2179324585434403,6.823510639181006
TFT,7-Day Rollout,Otoño,Norte Grande,Invierno,pfv_andes_solar_ii,26.11713396144369,18.619772456564185,165.78881493879746,141.56907063617348,0.023809523809523808,2.729194878038418,16.086006773066973
TFT,7-Day Rollout,Primavera,Norte Grande,Invierno,pfv_andes_solar_ii,20.37070150167314,14.848692667537502,163.07224096144412,141.00914497826673,0.041666666666666664,2.525542615021446,12.519103134490019
TFT,7-Day Rollout,Verano,Norte Grande,Invierno,pfv_andes_solar_ii,35.26919260378429,25.584611272195442,165.01195405147402,136.4369401639831,0.06547619047619048,2.768269654331241,23.197516646432423
TFT,Day 1,Raw,Norte Grande,Otoño,andes_solar,9.383746864769135,6.714807750657201,169.35563131613546,140.17142621296327,0.0,0.6622762590336303,6.15404223287478
TFT,Day 1,Invierno,Norte Grande,Otoño,andes_solar,7.460380844333301,5.155689266820748,176.48030939817386,150.36038049688383,0.0,0.694379508246978,4.578975952168306
TFT,Day 1,Otoño,Norte Grande,Otoño,andes_solar,9.38673535208721,6.718946702157457,169.74428540150905,140.23989630698006,0.0,0.660209800520291,6.156010502235343
TFT,Day 1,Primavera,Norte Grande,Otoño,andes_solar,12.109504388383673,8.66938453167677,176.72287794120479,140.11575903274098,0.0,0.7945554011811812,8.026382087978224
TFT,Day 1,Verano,Norte Grande,Otoño,andes_solar,12.720290551577426,9.472047368064523,184.51901249187486,134.36335240808387,0.0,0.8199015482949714,8.802808964221427
TFT,7-Day Rollout,Raw,Norte Grande,Otoño,andes_solar,7.780779324408877,5.598146131894152,169.96233559468516,140.68338561260032,0.0,0.808718239145154,4.847736877425286
TFT,7-Day Rollout,Invierno,Norte Grande,Otoño,andes_solar,6.326162418807929,4.4755769439396405,170.5109623896639,149.22289237783895,0.0,0.8438038580917887,3.6950481620927653
TFT,7-Day Rollout,Otoño,Norte Grande,Otoño,andes_solar,7.7858434112970905,5.598997344939216,170.23953677818326,140.7841762389933,0.0,0.8035017031572005,4.850513860681427
TFT,7-Day Rollout,Primavera,Norte Grande,Otoño,andes_solar,12.161291770002675,8.822037481481122,174.34272608164102,137.55265028688189,0.0,0.9506997929619894,7.971416438628166
TFT,7-Day Rollout,Verano,Norte Grande,Otoño,andes_solar,9.643037091104341,6.215033379316862,182.79323890099366,165.949298319556,0.0,0.9956401634041131,5.279134601867936
TFT,Day 1,Raw,Norte Grande,Otoño,fv_bolero,6.859876564361372,6.754813534518083,195.32798516784771,9516.5919885467,0.0,4.627503344292442,0.14753219299018397
TFT,Day 1,Invierno,Norte Grande,Otoño,fv_bolero,6.910101060288564,6.824698825677236,200.0,0.0,0.0,4.667213627199332,0.1513507634401323
TFT,Day 1,Operational,Norte Grande,Otoño,fv_bolero,21.58514623261468,16.807436768586438,162.2957944614791,137.45582297712312,0.0,3.350493823643774,13.864813028493275
TFT,Day 1,Otoño,Norte Grande,Otoño,fv_bolero,21.58514623261468,16.807436768586438,162.2957944614791,137.45582297712312,0.0,3.350493823643774,13.864813028493275
TFT,Day 1,Primavera,Norte Grande,Otoño,fv_bolero,67.8954892359323,48.81202566623688,175.1421236051957,140.2908062795077,0.0,4.736988471448421,44.78609873205423
TFT,Day 1,Verano,Norte Grande,Otoño,fv_bolero,58.210951752434546,43.80358695696729,179.7520602920714,133.18424997896463,0.0,4.436989596241619,40.30858193075207
TFT,7-Day Rollout,Raw,Norte Grande,Otoño,fv_bolero,10.901524793117844,9.574569625602592,149.00671565548862,157.6517514870477,0.0,4.592704915587923,4.521652841501471
TFT,7-Day Rollout,Invierno,Norte Grande,Otoño,fv_bolero,8.69519643247833,8.614887203489031,200.0,0.0,0.0,6.950566473532289,0.3014346912503245
TFT,7-Day Rollout,Operational,Norte Grande,Otoño,fv_bolero,23.41160729030745,17.609797197549295,164.45328741729597,151.96938367757465,0.0,4.905316454667731,12.667439652807523
TFT,7-Day Rollout,Otoño,Norte Grande,Otoño,fv_bolero,23.41160729030745,17.609797197549295,164.45328741729597,151.96938367757465,0.0,4.905316454667731,12.667439652807523
TFT,7-Day Rollout,Primavera,Norte Grande,Otoño,fv_bolero,61.094209200646546,43.30232351734524,168.27063936885486,141.4660280576296,0.0,5.44220588065329,38.316671101536066
TFT,7-Day Rollout,Verano,Norte Grande,Otoño,fv_bolero,54.536293870219374,41.66842437395826,173.42996928531932,130.02393206232313,0.0,5.269839505712679,37.04250656942992
TFT,Day 1,Raw,Norte Grande,Otoño,parque_solar_pampa_camarones,0.2861895096250634,0.26198005334784585,137.0544504024957,208.13782114052205,0.0,0.13478330158007643,0.09164488546860715
TFT,Day 1,Invierno,Norte Grande,Otoño,parque_solar_pampa_camarones,2.536610030202317,1.6941267893804859,176.54567817320492,154.16217149350828,0.0,0.20967252077922846,1.524075021916845
TFT,Day 1,Operational,Norte Grande,Otoño,parque_solar_pampa_camarones,1.70486164218457,1.226311483963703,181.69667482531463,148.57182018212453,0.0,0.19007603706559165,1.0549826245560932
TFT,Day 1,Otoño,Norte Grande,Otoño,parque_solar_pampa_camarones,1.70486164218457,1.226311483963703,181.69667482531463,148.57182018212453,0.0,0.19007603706559165,1.0549826245560932
TFT,Day 1,Primavera,Norte Grande,Otoño,parque_solar_pampa_camarones,3.5209180394129365,2.5260617112119994,179.9732996498042,140.60238525945073,0.0,0.22617147400354345,2.326096997394537
TFT,Day 1,Verano,Norte Grande,Otoño,parque_solar_pampa_camarones,3.4117062980320605,2.4812047477656356,180.26363866646167,137.68446474293103,0.0,0.22460526281114046,2.3002914520407405
TFT,7-Day Rollout,Raw,Norte Grande,Otoño,parque_solar_pampa_camarones,1.0544494320741082,0.7549783939916995,168.9643537309178,175.2200831974269,0.0,0.23540045513516472,0.4916882834901722
TFT,7-Day Rollout,Invierno,Norte Grande,Otoño,parque_solar_pampa_camarones,2.409259059774102,1.700297853787474,176.34245742934485,146.79415375026937,0.0,0.25909118621022487,1.4582906797356412
TFT,7-Day Rollout,Operational,Norte Grande,Otoño,parque_solar_pampa_camarones,1.9004699558181968,1.3624255967747776,178.21435401049104,149.09126814260668,0.0,0.25222879306446494,1.1204595417543757
TFT,7-Day Rollout,Otoño,Norte Grande,Otoño,parque_solar_pampa_camarones,1.9004699558181968,1.3624255967747776,178.21435401049104,149.09126814260668,0.0,0.25222879306446494,1.1204595417543757
TFT,7-Day Rollout,Primavera,Norte Grande,Otoño,parque_solar_pampa_camarones,3.3829278026599194,2.4532011198766885,175.17440178689387,138.24998723415598,0.0,0.26979243549340887,2.201806952657976
TFT,7-Day Rollout,Verano,Norte Grande,Otoño,parque_solar_pampa_camarones,3.3142418558473095,2.437403962880905,176.26471091935875,135.49573692045558,0.0,0.2670465159994949,2.1990957491266143
TFT,Day 1,Raw,Norte Grande,Verano,conejo_solar,54.18151319264586,38.51057407259941,171.54734333923437,141.51227657017319,0.0,3.919685689111551,35.12899785389502
TFT,Day 1,Invierno,Norte Grande,Verano,conejo_solar,37.60808825380408,25.706013177831966,161.75840672696603,152.82663711202088,0.08333333333333333,3.440339799473683,22.58944598113497
TFT,Day 1,Otoño,Norte Grande,Verano,conejo_solar,58.019688244107364,41.323640159641705,181.19709211703398,142.9349741176675,0.0,4.237931532940517,37.52181315133348
TFT,Day 1,Primavera,Norte Grande,Verano,conejo_solar,25.343201761030294,18.072670650358003,167.9837325802519,150.40475918225715,0.0,3.316574199280391,15.11638140985742
TFT,Day 1,Verano,Norte Grande,Verano,conejo_solar,54.18544873881845,38.512499779462814,171.534399483872,141.52255550233312,0.0,3.9007147853573163,35.14519587059815
TFT,7-Day Rollout,Raw,Norte Grande,Verano,conejo_solar,57.270782714753864,42.46378936654045,170.76544866092266,134.20967357565206,0.0,5.0051159762910435,37.8351690324999
TFT,7-Day Rollout,Invierno,Norte Grande,Verano,conejo_solar,31.425686745953826,21.789139286393212,159.5230698849519,153.4653618076264,0.05357142857142857,4.419440932642846,17.68295944389843
TFT,7-Day Rollout,Otoño,Norte Grande,Verano,conejo_solar,56.52076890046701,40.81375784072138,176.14703381972365,140.1879288795431,0.0,5.181530740945822,35.9320565443486
TFT,7-Day Rollout,Primavera,Norte Grande,Verano,conejo_solar,46.530792268523726,33.28864026530867,172.47092636434886,143.6056395184018,0.017857142857142856,4.903252544910425,28.65584382714615
TFT,7-Day Rollout,Verano,Norte Grande,Verano,conejo_solar,57.293498905716966,42.46316784904117,170.81102182236202,134.26290722166706,0.0,4.977723056077957,37.85085952863807
TFT,Day 1,Raw,Norte Grande,Verano,lalackama,30.410467259096553,22.67657098174095,174.9742495867846,133.90536792900886,0.0,2.2413728016118206,20.92343760554989
TFT,Day 1,Invierno,Norte Grande,Verano,lalackama,19.88172795253676,13.941501120726267,161.01372213032388,147.5635426049918,0.08333333333333333,1.8344281002879141,12.354573797931272
TFT,Day 1,Otoño,Norte Grande,Verano,lalackama,28.241658793438525,20.753359094262123,182.71643116095208,138.67743082298745,0.0,2.211607894549767,18.783151408533254
TFT,Day 1,Primavera,Norte Grande,Verano,lalackama,11.73365332327362,8.723909326751405,165.0601068760518,146.92319105211453,0.0,1.8229641007298294,7.117572227783966
TFT,Day 1,Verano,Norte Grande,Verano,lalackama,30.4155054473154,22.684757749239605,175.09620006522005,133.9275524104702,0.0,2.2310620899001754,20.93207017108798
TFT,7-Day Rollout,Raw,Norte Grande,Verano,lalackama,29.642673052272315,22.390101156064443,171.50541022053324,131.5690918131636,0.0,2.7046394994925884,19.972606559949263
TFT,7-Day Rollout,Invierno,Norte Grande,Verano,lalackama,17.019158095415133,12.18857059982561,161.331396085714,147.45993002116714,0.05357142857142857,2.3719784661595305,9.985367882624267
TFT,7-Day Rollout,Otoño,Norte Grande,Verano,lalackama,27.646198229304638,20.576070152600074,177.76547188943428,136.09359181403053,0.0,2.725412636838987,18.015589203012528
TFT,7-Day Rollout,Primavera,Norte Grande,Verano,lalackama,22.838812961065457,16.65783439885958,170.4365129009479,140.80752626267244,0.017857142857142856,2.571480626926114,14.237707507623073
TFT,7-Day Rollout,Verano,Norte Grande,Verano,lalackama,29.653172292097068,22.390664527813595,171.54670743215777,131.6156927201073,0.0,2.6924969030632857,19.979409049309435
TFT,Day 1,Raw,Norte Grande,Verano,lalackama_2,9.516438566818431,7.041660005847613,175.6206780239473,134.89724524366324,0.0,0.6825648104151091,6.508080690726637
TFT,Day 1,Invierno,Norte Grande,Verano,lalackama_2,6.0286917542962914,4.196663183470567,159.3130336986499,147.5962487740324,0.08333333333333333,0.550186098801593,3.7481005697200693
TFT,Day 1,Otoño,Norte Grande,Verano,lalackama_2,8.786378411036702,6.392763829169174,182.53064352602973,139.92905269625984,0.0,0.6700784356178096,5.797691193393741
TFT,Day 1,Primavera,Norte Grande,Verano,lalackama_2,3.0190966116529645,2.3386503203461566,161.73144281833098,141.49251974934003,0.0,0.5234233639823893,1.8803422501621148
TFT,Day 1,Verano,Norte Grande,Verano,lalackama_2,9.517934944996586,7.0441112245122595,175.74178442215756,134.91845667613964,0.0,0.6795940125981966,6.510677993297577
TFT,7-Day Rollout,Raw,Norte Grande,Verano,lalackama_2,9.249117173936522,6.919526180518525,171.25615088052564,132.5789389117535,0.0,0.8200470111199787,6.197091737770963
TFT,7-Day Rollout,Invierno,Norte Grande,Verano,lalackama_2,5.166393217664015,3.6719109013321853,159.7750090130938,147.7041785035071,0.05357142857142857,0.7061762014758728,3.0262069823397773
TFT,7-Day Rollout,Otoño,Norte Grande,Verano,lalackama_2,8.558151356778971,6.308323663060686,177.508237323978,137.35556992007892,0.0,0.824600901894848,5.535171206897523
TFT,7-Day Rollout,Primavera,Norte Grande,Verano,lalackama_2,6.769041221483898,4.923745657838437,169.82997190343926,141.08992797202419,0.017857142857142856,0.765129065620602,4.204992867897021
TFT,7-Day Rollout,Verano,Norte Grande,Verano,lalackama_2,9.252862949552153,6.920050980966716,171.31682890095286,132.63263170720444,0.0,0.8161246723717167,6.199929462630479
TFT,Day 1,Raw,Norte Grande,Verano,pampa_solar_norte,41.04259902022758,29.72546096642812,173.39835750789317,138.25651612505615,0.0,2.731774904330571,27.379267624765635
TFT,Day 1,Invierno,Norte Grande,Verano,pampa_solar_norte,26.25537848622349,18.132070899009705,166.0111677686985,150.76661853323367,0.08333333333333333,2.300316526244084,16.043689109633366
TFT,Day 1,Otoño,Norte Grande,Verano,pampa_solar_norte,39.875748197532786,28.6211914003361,183.76205759437704,141.66500948910087,0.0,2.8321415242001726,26.073963913472834
TFT,Day 1,Primavera,Norte Grande,Verano,pampa_solar_norte,14.166023393642417,9.51674133228759,161.2684169065765,161.92825580958558,0.0,2.0311102037938933,7.73925864805157
TFT,Day 1,Verano,Norte Grande,Verano,pampa_solar_norte,41.04621805840798,29.726777066787083,173.37073437577823,138.26870725384651,0.0,2.719785979638497,27.389520470798015
TFT,7-Day Rollout,Raw,Norte Grande,Verano,pampa_solar_norte,40.73363775036299,30.224574768117495,172.30853265609755,134.26616667336927,0.0,3.363486565862383,27.080835365787856
TFT,7-Day Rollout,Invierno,Norte Grande,Verano,pampa_solar_norte,22.048678066972396,15.273539600095578,162.56952382322228,152.61744100828582,0.05357142857142857,2.8776828815805766,12.57989680367034
TFT,7-Day Rollout,Otoño,Norte Grande,Verano,pampa_solar_norte,38.57412132865305,28.020967295360087,178.8490083894227,139.24807833517565,0.0,3.4231565097163963,24.792865761185972
TFT,7-Day Rollout,Primavera,Norte Grande,Verano,pampa_solar_norte,30.649883282463882,21.633846502263275,169.29079075337557,144.68297847024837,0.017857142857142856,3.111697286054758,18.7008007814509
TFT,7-Day Rollout,Verano,Norte Grande,Verano,pampa_solar_norte,40.74631981686688,30.223243586364248,172.32529258654782,134.3079692853876,0.0,3.347124759994802,27.08852316957144
TFT,Day 1,Raw,Norte Grande,Verano,parque_solar_finis_terrae,8.137217222208408,7.851812436555822,169.01646230791204,995.3782524832595,0.0,5.17857623413826,0.3623663278607032
TFT,Day 1,Invierno,Norte Grande,Verano,parque_solar_finis_terrae,46.1439681314503,32.8462145725886,176.14628749312936,149.4965136956704,0.0,5.184511272609234,28.22664949049552
TFT,Day 1,Operational,Norte Grande,Verano,parque_solar_finis_terrae,8.069552127690473,7.6308014417688055,128.08601977358782,137.30538971568149,0.0,3.4807082150131463,4.188690023248394
TFT,Day 1,Otoño,Norte Grande,Verano,parque_solar_finis_terrae,24.261632627582635,19.86337540919582,160.13471311795584,129.13936274182993,0.0,4.037023556294541,16.433669597096742
TFT,Day 1,Primavera,Norte Grande,Verano,parque_solar_finis_terrae,52.97977529793363,38.756364385286965,176.7916024785836,141.64610553546163,0.0,5.09988873998324,34.190846140682694
TFT,Day 1,Verano,Norte Grande,Verano,parque_solar_finis_terrae,8.069552127690473,7.6308014417688055,128.08601977358782,137.30538971568149,0.0,3.4807082150131463,4.188690023248394
TFT,7-Day Rollout,Raw,Norte Grande,Verano,parque_solar_finis_terrae,9.889287809843818,9.499842033533024,158.63244002067043,654.5842753806368,0.0,7.452367348645791,0.338998716432668
TFT,7-Day Rollout,Invierno,Norte Grande,Verano,parque_solar_finis_terrae,37.41272637273663,27.650608803267545,166.23166270367963,146.05312964649696,0.0,6.436798252398703,21.641164952573654
TFT,7-Day Rollout,Operational,Norte Grande,Verano,parque_solar_finis_terrae,9.454255640152207,8.805066763467732,124.82278309925807,136.53410984859175,0.0,5.0915238632421405,3.632169756887569
TFT,7-Day Rollout,Otoño,Norte Grande,Verano,parque_solar_finis_terrae,25.29061254897728,21.184258604738197,156.30525757397916,126.56364386343995,0.0,5.578831093397734,15.921570577031455
TFT,7-Day Rollout,Primavera,Norte Grande,Verano,parque_solar_finis_terrae,47.53465211423187,35.99006926445734,166.3831247593634,134.9448713213289,0.0,6.117953716573261,30.178507916629314
TFT,7-Day Rollout,Verano,Norte Grande,Verano,parque_solar_finis_terrae,9.454255640152207,8.805066763467732,124.82278309925807,136.53410984859175,0.0,5.0915238632421405,3.632169756887569
TFT,Day 1,Raw,Zona Central,Invierno,altos_de_til_til,0.5500882522411142,0.4049255734619995,161.82476076936055,185.6677542092174,0.041666666666666664,0.12751309178614367,0.2633522407384589
TFT,Day 1,Invierno,Zona Central,Invierno,altos_de_til_til,0.5499250982683908,0.40426005283370614,161.77893851850726,185.6126858968467,0.041666666666666664,0.12653326582318794,0.26379761223215614
TFT,Day 1,Otoño,Zona Central,Invierno,altos_de_til_til,0.8014837891324026,0.5928690594746513,168.43414729398762,152.71201299806515,0.0,0.12082088566180572,0.46902673463244654
TFT,Day 1,Primavera,Zona Central,Invierno,altos_de_til_til,0.836468469509598,0.5994959122811755,166.43167961832114,156.76112645557563,0.0,0.12201810949482023,0.475632814814647
TFT,Day 1,Verano,Zona Central,Invierno,altos_de_til_til,0.9517279812418821,0.6988297322144111,167.61376752446074,146.41747887649436,0.0,0.12338582207448778,0.5853656515789528
TFT,7-Day Rollout,Raw,Zona Central,Invierno,altos_de_til_til,0.5110614984572116,0.38607222650767326,148.29961063636037,190.15366105593824,0.09774436090225563,0.15666132873419628,0.21883767883694216
TFT,7-Day Rollout,Invierno,Zona Central,Invierno,altos_de_til_til,0.5213946171830467,0.38999265363253655,145.04695002214908,182.3292907759423,0.104,0.14770670995628457,0.23318972115041683
TFT,7-Day Rollout,Otoño,Zona Central,Invierno,altos_de_til_til,0.7214536051439505,0.5667186561903301,161.6762578491827,147.14102469415764,0.0,0.1689321110079618,0.3950978170447169
TFT,7-Day Rollout,Primavera,Zona Central,Invierno,altos_de_til_til,0.8117271159224678,0.6194033513643912,164.22343965579284,150.946932732853,0.0,0.17404764925484503,0.4417455275786952
TFT,7-Day Rollout,Verano,Zona Central,Invierno,altos_de_til_til,0.807888090532922,0.6258754057926126,160.95573031792603,142.23203392167807,0.0,0.1652216098475037,0.463125729614209
TFT,Day 1,Raw,Zona Central,Invierno,las_perdices,0.5493517137495322,0.49644192796161707,145.15299996849737,143.87383530542465,0.0,0.1623397967569569,0.3364315491436476
TFT,Day 1,Invierno,Zona Central,Invierno,las_perdices,0.5874899525509586,0.5103425785588721,148.96498224523958,168.77343305603523,0.041666666666666664,0.20405637169412025,0.29238108578914157
TFT,Day 1,Operational,Zona Central,Invierno,las_perdices,0.6135129849142207,0.5512496761123961,150.6761391996129,145.76609853239916,0.0,0.20256985721449985,0.34684750785624296
TFT,Day 1,Otoño,Zona Central,Invierno,las_perdices,1.1638474553341662,0.9542923835979309,157.7143312261125,128.33544767264144,0.0,0.1924315261319862,0.793945715635103
TFT,Day 1,Primavera,Zona Central,Invierno,las_perdices,0.6135129849142207,0.5512496761123961,150.6761391996129,145.76609853239916,0.0,0.20256985721449985,0.34684750785624296
TFT,Day 1,Verano,Zona Central,Invierno,las_perdices,1.4401987626271329,1.1955084633082151,159.75970163229152,119.87258078413068,0.0,0.19299475842465955,1.0633226508585116
TFT,7-Day Rollout,Raw,Zona Central,Invierno,las_perdices,0.6112294567723474,0.55639165950491,143.2969873357017,193.4536224981533,0.0,0.33190818480482387,0.19160324343044527
TFT,7-Day Rollout,Invierno,Zona Central,Invierno,las_perdices,0.5746050634533006,0.5185811227977302,147.8033988363706,201.4976147258164,0.047619047619047616,0.2975753224554821,0.19591429247988174
TFT,7-Day Rollout,Operational,Zona Central,Invierno,las_perdices,0.8038199195526168,0.6950114861270842,151.86026342289784,154.22942301627035,0.0,0.2982890039797769,0.38079091605667376
TFT,7-Day Rollout,Otoño,Zona Central,Invierno,las_perdices,0.9710693051430337,0.8291440950022315,153.21464324615874,135.92817485377319,0.0,0.28266148519232953,0.5412261253077736
TFT,7-Day Rollout,Primavera,Zona Central,Invierno,las_perdices,0.8038199195526168,0.6950114861270842,151.86026342289784,154.22942301627035,0.0,0.2982890039797769,0.38079091605667376
TFT,7-Day Rollout,Verano,Zona Central,Invierno,las_perdices,1.2467605516375635,1.0323470562690913,146.58335063855174,120.24558034194834,0.0,0.25604506945362243,0.8153362865408693
TFT,Day 1,Raw,Zona Central,Invierno,laurel,1.8840894516021074,1.6406346328246098,162.94809844373532,145.30097038353892,0.0,0.5692998561464871,1.1298314434398586
TFT,Day 1,Invierno,Zona Central,Invierno,laurel,1.8849090824920465,1.6394799470629853,162.9121115930602,145.3654953103703,0.0,0.5667076447348033,1.1325662032749582
TFT,Day 1,Otoño,Zona Central,Invierno,laurel,2.726077574676272,2.256210217768588,158.61455525799977,129.4928848663486,0.0,0.49151726373772436,1.8310203909200746
TFT,Day 1,Primavera,Zona Central,Invierno,laurel,1.660664633250685,1.384230420536672,148.12894182512022,156.31657839852397,0.0,0.46639608128073934,0.8643732415162958
TFT,Day 1,Verano,Zona Central,Invierno,laurel,3.5548050751305027,2.8988523825149364,159.01299711499163,122.64198847331795,0.0,0.48524334362979665,2.564736226420306
TFT,7-Day Rollout,Raw,Zona Central,Invierno,laurel,1.4712219743466375,1.3305442303922212,159.00003955660526,248.9324387115525,0.02976190476190476,0.8432207416386952,0.4395743773335389
TFT,7-Day Rollout,Invierno,Zona Central,Invierno,laurel,1.4692501300891172,1.327733256924661,158.97737759032876,248.60533652768547,0.02976190476190476,0.840040029719317,0.44108258965514596
TFT,7-Day Rollout,Otoño,Zona Central,Invierno,laurel,2.5054476836478146,2.14862912062133,151.6585665421062,129.33753344635252,0.0,0.6784380537393672,1.4845742328548908
TFT,7-Day Rollout,Primavera,Zona Central,Invierno,laurel,1.8180811954127245,1.5907037720947603,161.93055876936992,182.8003623769264,0.0,0.8028715449859669,0.7103126857153603
TFT,7-Day Rollout,Verano,Zona Central,Invierno,laurel,3.1229509585256525,2.572553986106955,148.5310650067947,122.92132508207898,0.0,0.6317052642836989,1.9970328934601551
TFT,Day 1,Raw,Zona Central,Invierno,la_lajuela,3.335531997488982,2.850237204820256,129.88758908258382,93.7311043320952,0.0,0.23453083948697895,3.1371854830681425
TFT,Day 1,Raw,Zona Central,Invierno,lipangue,0.8894984907757941,0.6492195384032206,155.77867047716535,157.69333879129402,0.08333333333333333,0.1538155779625318,0.4390753793223534
TFT,Day 1,Invierno,Zona Central,Invierno,lipangue,1.0258911393126906,0.750218186348494,138.614962265084,129.08216783913977,0.11764705882352941,0.12768442161249943,0.6138155675129765
TFT,Day 1,Otoño,Zona Central,Invierno,lipangue,0.3837160411894701,0.34942010471907753,130.89714583186236,185.0070243948246,0.0,0.19316152196455125,0.14272310028706367
TFT,Day 1,Primavera,Zona Central,Invierno,lipangue,1.0850548677925118,0.8686372111551464,164.02355517506854,145.6763980167589,0.0,0.21281122291305413,0.6516478562184299
TFT,Day 1,Verano,Zona Central,Invierno,lipangue,1.0865029612594974,0.8914291728870012,154.6388205554431,129.41509075221873,0.0,0.19234329743873482,0.7279509022240139
TFT,7-Day Rollout,Raw,Zona Central,Invierno,lipangue,0.7563633949294075,0.552983732735394,123.45336175634213,124.787371563187,0.029411764705882353,0.15089410457036198,0.4171679918567992
TFT,7-Day Rollout,Invierno,Zona Central,Invierno,lipangue,0.7691321502976991,0.5595765588615408,121.51340175217193,122.28645047547244,0.030612244897959183,0.1503734289828148,0.4352892296742669
TFT,7-Day Rollout,Otoño,Zona Central,Invierno,lipangue,0.49797876604335034,0.46618350159094135,157.7628837196283,440.6071154334372,0.0,0.3558066428006333,0.0507660434440671
TFT,7-Day Rollout,Primavera,Zona Central,Invierno,lipangue,0.9600650092398236,0.7864730057330278,152.09473924540984,148.28281834633972,0.0,0.2948725379500426,0.4872914195764841
TFT,7-Day Rollout,Verano,Zona Central,Invierno,lipangue,0.8461594157002841,0.7066976839587802,155.8886309578042,168.9459360651714,0.0,0.3250998177210845,0.38575837333198815
TFT,Day 1,Raw,Zona Central,Invierno,luna,0.693861870770996,0.6113552587047996,108.78411081326207,90.29584877551511,0.0,0.08112776967815306,0.6292860093464334
TFT,Day 1,Invierno,Zona Central,Invierno,luna,0.7224718160052278,0.6299905054271221,97.62624775495105,81.15499720945485,0.0,0.07493500385433435,0.7357920667901635
TFT,Day 1,Otoño,Zona Central,Invierno,luna,0.8696584174824391,0.7510344069632993,154.90634379470578,129.4726093717999,0.0,0.18696741146832208,0.5727376948740736
TFT,Day 1,Primavera,Zona Central,Invierno,luna,0.7720537184402332,0.6133760107428922,151.36811575819766,160.67828137772767,0.0,0.19037790718575706,0.40272568622167454
TFT,Day 1,Verano,Zona Central,Invierno,luna,1.3132338550240925,1.0572409841867436,157.24111784013434,128.45989840134013,0.0,0.18642395188083657,0.8962881669449416
TFT,7-Day Rollout,Raw,Zona Central,Invierno,luna,0.5767611124581299,0.5020703414042467,102.7677351188379,97.10205062718701,0.0,0.18150901147291237,0.37686178855166874
TFT,7-Day Rollout,Invierno,Zona Central,Invierno,luna,0.5694840310402649,0.4930729496194736,101.48400139713804,98.9462065218723,0.0,0.19071742140794207,0.35410320223595027
TFT,7-Day Rollout,Otoño,Zona Central,Invierno,luna,0.8143117443206728,0.7389390872695423,148.44197736243356,126.02944079037728,0.0,0.26451160212022495,0.47401038243564714
TFT,7-Day Rollout,Primavera,Zona Central,Invierno,luna,0.7805017053788992,0.6622400557285412,149.86338922813178,157.97777048404015,0.0,0.29101953420913634,0.35570709127187805
TFT,7-Day Rollout,Verano,Zona Central,Invierno,luna,1.1365847675039187,0.9450121431965228,146.20057659438933,123.2527365643294,0.0,0.24870976789911117,0.708582118328966
TFT,Day 1,Raw,Zona Central,Invierno,pfv_santa_adriana,0.4762968272555649,0.4586463300511241,178.71480875410768,1001.7074998263203,0.0,0.20862945412906506,0.0359291463624686
TFT,Day 1,Invierno,Zona Central,Invierno,pfv_santa_adriana,0.40871876518362477,0.3667817469419485,135.4707500878,211.62305333830975,0.041666666666666664,0.20450056403824415,0.14408185634007775
TFT,Day 1,Operational,Zona Central,Invierno,pfv_santa_adriana,0.8797353770679195,0.7040374561523398,156.33442038980877,156.15438145563132,0.0,0.19570210121261575,0.47790258435222005
TFT,Day 1,Otoño,Zona Central,Invierno,pfv_santa_adriana,0.9611017092435727,0.8217851952261602,155.51140937230699,126.3454181846885,0.0,0.19304765155732942,0.6543952950800304
TFT,Day 1,Primavera,Zona Central,Invierno,pfv_santa_adriana,0.8797353770679195,0.7040374561523398,156.33442038980877,156.15438145563132,0.0,0.19570210121261575,0.47790258435222005
TFT,Day 1,Verano,Zona Central,Invierno,pfv_santa_adriana,1.1823558205969222,1.001791746666034,157.80840082088974,121.24984317743845,0.0,0.18632723040257892,0.8508695673507948
TFT,7-Day Rollout,Raw,Zona Central,Invierno,pfv_santa_adriana,0.6390835080356765,0.5738298462220736,147.21765424120264,197.9595998512976,0.0,0.32983528192116374,0.18806159805147807
TFT,7-Day Rollout,Invierno,Zona Central,Invierno,pfv_santa_adriana,0.5382733205480378,0.49506088002159404,145.45063681222007,195.7705164084338,0.047619047619047616,0.29795415124353897,0.18515220692457834
TFT,7-Day Rollout,Operational,Zona Central,Invierno,pfv_santa_adriana,0.8239631938279327,0.7150217778887183,149.61111408603128,142.78857947636556,0.0,0.2845421759234124,0.41618581489568723
TFT,7-Day Rollout,Otoño,Zona Central,Invierno,pfv_santa_adriana,0.892898684248473,0.7982145602422644,149.94270919069226,127.2504569412839,0.0,0.27535475461720904,0.5244171751064728
TFT,7-Day Rollout,Primavera,Zona Central,Invierno,pfv_santa_adriana,0.8239631938279327,0.7150217778887183,149.61111408603128,142.78857947636556,0.0,0.2845421759234124,0.41618581489568723
TFT,7-Day Rollout,Verano,Zona Central,Invierno,pfv_santa_adriana,1.0228502655317082,0.87902885810971,144.17236047514055,119.801504256088,0.0,0.2504977445532512,0.6421440551247326
TFT,Day 1,Raw,Zona Central,Otoño,crucero,0.4026983263816163,0.39812879636883736,200.0,0.0,0.0,0.2643711556680501,0.008642575082679597
TFT,Day 1,Invierno,Zona Central,Otoño,crucero,0.480819143260243,0.42077970582370955,165.96388466097355,330.28128412809565,0.0,0.2076416616871332,0.10763436550429713
TFT,Day 1,Operational,Zona Central,Otoño,crucero,0.480819143260243,0.42077970582370955,165.96388466097355,330.28128412809565,0.0,0.2076416616871332,0.10763436550429713
TFT,Day 1,Otoño,Zona Central,Otoño,crucero,1.0060278081248166,0.8370984222080248,158.65116981875093,128.8597563411352,0.0,0.18007472746636874,0.6799602471010683
TFT,Day 1,Primavera,Zona Central,Otoño,crucero,0.6456993670946214,0.5575050114033123,165.206243787353,161.11593001698768,0.0,0.20686994680048276,0.34786152991000563
TFT,Day 1,Verano,Zona Central,Otoño,crucero,1.3712020419737765,1.0704063364925485,161.21937425233392,134.4115792808912,0.0,0.1791480430945133,0.9021889239006363
TFT,7-Day Rollout,Raw,Zona Central,Otoño,crucero,0.5026953601756702,0.4936152696609497,196.42857142857142,0.0,0.017857142857142856,0.391304203912261,0.017005542027098808
TFT,7-Day Rollout,Invierno,Zona Central,Otoño,crucero,0.5718387711946183,0.5045416273213631,149.98274546745952,203.21204780538267,0.047619047619047616,0.27569419945719575,0.18708782619416034
TFT,7-Day Rollout,Operational,Zona Central,Otoño,crucero,0.5718387711946183,0.5045416273213631,149.98274546745952,203.21204780538267,0.047619047619047616,0.27569419945719575,0.18708782619416034
TFT,7-Day Rollout,Otoño,Zona Central,Otoño,crucero,0.940416222897154,0.8210953859187222,153.2757499069529,125.05919137800585,0.0,0.24827457505940576,0.5792897804960462
TFT,7-Day Rollout,Primavera,Zona Central,Otoño,crucero,0.8917064435990869,0.7242392907727706,156.2659441959695,155.12541466942267,0.0,0.27267735411466587,0.433915437023606
TFT,7-Day Rollout,Verano,Zona Central,Otoño,crucero,1.2766550371086083,1.027667490222181,151.19321153247822,127.18461914147696,0.0,0.23775039805110454,0.7991488736826882
TFT,Day 1,Raw,Zona Central,Otoño,fotovolt_solar_i,0.19029887055263425,0.18377519073934914,154.81551590162252,236.85281673577805,0.0,0.09907011275014761,0.06153018303108789
TFT,Day 1,Invierno,Zona Central,Otoño,fotovolt_solar_i,0.27948026233273326,0.24989444714932083,163.21388726863896,173.94673132648967,0.0,0.10147383068542694,0.13760562709018512
TFT,Day 1,Operational,Zona Central,Otoño,fotovolt_solar_i,0.2830357076267631,0.2541632470620243,158.8490343501179,153.4358775146062,0.0,0.09705294640992483,0.15874297361948872
TFT,Day 1,Otoño,Zona Central,Otoño,fotovolt_solar_i,0.2830357076267631,0.2541632470620243,158.8490343501179,153.4358775146062,0.0,0.09705294640992483,0.15874297361948872
TFT,Day 1,Primavera,Zona Central,Otoño,fotovolt_solar_i,0.311656478996331,0.26989657195372274,159.17784786479146,158.41866036730414,0.0,0.08909929480517652,0.16490265858022515
TFT,Day 1,Verano,Zona Central,Otoño,fotovolt_solar_i,0.32030051293182266,0.2805977161042392,149.96861032380338,134.81390987790434,0.0,0.08288774196213732,0.19949932668823744
TFT,7-Day Rollout,Raw,Zona Central,Otoño,fotovolt_solar_i,0.2609575068085056,0.24595717733781103,156.74698280873395,201.2684409936965,0.011904761904761904,0.14260159883474413,0.08453297551551134
TFT,7-Day Rollout,Invierno,Zona Central,Otoño,fotovolt_solar_i,0.24377521678276992,0.22240811371959118,152.99245618694079,277.4171374532889,0.03571428571428571,0.14889373592449534,0.06117234735761003
TFT,7-Day Rollout,Operational,Zona Central,Otoño,fotovolt_solar_i,0.267020300363323,0.24849556006108606,155.0061505678203,189.08002262270494,0.011904761904761904,0.14478299739158787,0.10037518349483639
TFT,7-Day Rollout,Otoño,Zona Central,Otoño,fotovolt_solar_i,0.267020300363323,0.24849556006108606,155.0061505678203,189.08002262270494,0.011904761904761904,0.14478299739158787,0.10037518349483639
TFT,7-Day Rollout,Primavera,Zona Central,Otoño,fotovolt_solar_i,0.290019832627106,0.2639263452282773,157.4910426509419,193.29096923876733,0.0,0.14154243392403856,0.1034647273118571
TFT,7-Day Rollout,Verano,Zona Central,Otoño,fotovolt_solar_i,0.29191541773802765,0.2655676965507555,140.9998333261812,141.49066968268602,0.0,0.12374047145173137,0.13966185501485626
TFT,Day 1,Raw,Zona Central,Otoño,gr_santa_rosa,1.264895763760582,1.1981923923076465,157.6361194166004,230.73184166340832,0.0,0.6534524609443755,0.4334166964276695
TFT,Day 1,Invierno,Zona Central,Otoño,gr_santa_rosa,2.7506536064366505,2.24951959370325,166.57447171196378,145.3576108435562,0.0,0.6524510997192313,1.6792361689576254
TFT,Day 1,Operational,Zona Central,Otoño,gr_santa_rosa,2.4792483817651214,2.1226732923423697,165.50600491834004,139.33227600588373,0.0,0.6395581414693273,1.566080026360032
TFT,Day 1,Otoño,Zona Central,Otoño,gr_santa_rosa,2.4792483817651214,2.1226732923423697,165.50600491834004,139.33227600588373,0.0,0.6395581414693273,1.566080026360032
TFT,Day 1,Primavera,Zona Central,Otoño,gr_santa_rosa,2.7623339291056097,2.0761300991289318,159.39450284239916,167.69497009421823,0.0,0.5562744439812377,1.4092127830178167
TFT,Day 1,Verano,Zona Central,Otoño,gr_santa_rosa,5.011073623733827,3.9424040795614324,164.07817222644346,128.1917331367618,0.0,0.5808335791962843,3.503794524973879
TFT,7-Day Rollout,Raw,Zona Central,Otoño,gr_santa_rosa,2.5851170844327567,2.154496423045246,158.78750408971112,156.52788557819454,0.011904761904761904,0.8728167322902209,1.2872524301404478
TFT,7-Day Rollout,Invierno,Zona Central,Otoño,gr_santa_rosa,1.9764088309339147,1.6717294028821925,151.72531190856265,198.88721687702932,0.03571428571428571,0.904126685014654,0.7557612358370447
TFT,7-Day Rollout,Operational,Zona Central,Otoño,gr_santa_rosa,2.553738945761526,2.3059494798147906,157.60676712817724,206.24500546649998,0.005952380952380952,0.8776341272313273,0.8893938457652569
TFT,7-Day Rollout,Otoño,Zona Central,Otoño,gr_santa_rosa,2.553738945761526,2.3059494798147906,157.60676712817724,206.24500546649998,0.005952380952380952,0.8776341272313273,0.8893938457652569
TFT,7-Day Rollout,Primavera,Zona Central,Otoño,gr_santa_rosa,3.243208927131635,2.535306993672185,155.52378897360543,148.4812157792152,0.0,0.8097041950747942,1.7115255259764515
TFT,7-Day Rollout,Verano,Zona Central,Otoño,gr_santa_rosa,4.514711976807035,3.6300706508502896,156.1634292817058,125.65834460176524,0.0,0.7444412636154863,2.944563103785982
TFT,Day 1,Raw,Zona Central,Primavera,donihue,1.4703891032932501,1.2044961737752284,160.45091865537373,145.6264622969645,0.0,0.3182245392706651,0.8663558104773983
TFT,Day 1,Invierno,Zona Central,Primavera,donihue,1.098860860893346,0.854768794728443,145.1214241679296,174.62129924222262,0.041666666666666664,0.3326125563238747,0.5311064403853379
TFT,Day 1,Otoño,Zona Central,Primavera,donihue,3.026836107926951,2.1839042933812984,169.42343139765546,147.30754813752358,0.0,0.3559035640015888,1.847001475751555
TFT,Day 1,Primavera,Zona Central,Primavera,donihue,1.4472351470402989,1.1844698128794942,162.0876618991202,149.56519120712497,0.0,0.32822659495577683,0.8323226286108062
TFT,Day 1,Verano,Zona Central,Primavera,donihue,4.476395111872451,3.4676865387397506,172.80195705977383,128.75666304544382,0.0,0.39243721537447224,3.174390852878181
TFT,7-Day Rollout,Raw,Zona Central,Primavera,donihue,1.2697687923922354,1.086545722726398,159.0252876027191,175.87632343011956,0.0,0.5230220513842152,0.5403146608225153
TFT,7-Day Rollout,Invierno,Zona Central,Primavera,donihue,1.5963721052100392,1.219065661308594,150.8576497846841,167.05464138027213,0.047619047619047616,0.465475491895181,0.7515917442092837
TFT,7-Day Rollout,Otoño,Zona Central,Primavera,donihue,3.408438984785709,2.5869743980154105,165.21515575120932,135.54031424464517,0.0,0.47678529702167166,2.1350653091979828
TFT,7-Day Rollout,Primavera,Zona Central,Primavera,donihue,1.2666655063708645,1.082881062136342,159.32385120174632,176.49706345829264,0.0,0.5203413315261493,0.538358611789798
TFT,7-Day Rollout,Verano,Zona Central,Primavera,donihue,3.7814874862655317,2.7940681462157166,161.69600936154237,137.19211768255897,0.0,0.4877639460321668,2.3641612922277324
TFT,Day 1,Raw,Zona Central,Primavera,pfv_jose_soler_mallafre,0.28351207500881054,0.20227813024235808,152.0006954251636,170.70477097720905,0.0,0.053258944318994236,0.14158219717766926
TFT,Day 1,Invierno,Zona Central,Primavera,pfv_jose_soler_mallafre,0.3246479980632626,0.2407490673273666,156.85164383085984,155.73250289640416,0.041666666666666664,0.05938128685684205,0.18586454815285833
TFT,Day 1,Otoño,Zona Central,Primavera,pfv_jose_soler_mallafre,0.42158093340945757,0.28084743324143346,179.53603711662817,190.374730548177,0.0,0.06138422724883033,0.19684620731980731
TFT,Day 1,Primavera,Zona Central,Primavera,pfv_jose_soler_mallafre,0.27875064127285953,0.19910065659011403,153.93463462536462,175.1351745457813,0.0,0.05491121845164646,0.13604347625902544
TFT,Day 1,Verano,Zona Central,Primavera,pfv_jose_soler_mallafre,0.4950100573881397,0.31298282866676647,181.31220012555795,194.64172480849635,0.0,0.06788476830503593,0.22952687088400126
TFT,7-Day Rollout,Raw,Zona Central,Primavera,pfv_jose_soler_mallafre,0.4626098717042416,0.31804800537675565,157.33018259982234,164.25018991992278,0.0,0.0853334495671753,0.2307973453786027
TFT,7-Day Rollout,Invierno,Zona Central,Primavera,pfv_jose_soler_mallafre,0.3059029126395975,0.22800307694123625,158.6818737917608,183.7238496517276,0.047619047619047616,0.08625561067145293,0.13560052203426082
TFT,7-Day Rollout,Otoño,Zona Central,Primavera,pfv_jose_soler_mallafre,0.5930332333433801,0.435521204713685,166.04897134566824,143.08160035154418,0.0,0.08332802198570015,0.35149767807183463
TFT,7-Day Rollout,Primavera,Zona Central,Primavera,pfv_jose_soler_mallafre,0.4615348514322322,0.31679187604147174,157.63585681603013,164.84975120175255,0.0,0.08492162788386937,0.22967472763375552
TFT,7-Day Rollout,Verano,Zona Central,Primavera,pfv_jose_soler_mallafre,0.4773773749338664,0.3264583979478283,168.85934411759297,172.10454251386332,0.0,0.0886738862551283,0.22909093841915903
TFT,Day 1,Raw,Zona Central,Primavera,pfv_villa_seca,1.3132210986018542,0.9853103197334955,163.94632792727694,135.01149200324548,0.0,0.13727456758497283,0.8751290482740538
TFT,Day 1,Invierno,Zona Central,Primavera,pfv_villa_seca,0.5008067380001568,0.4078379742601707,154.7773227563763,159.1543845677621,0.041666666666666664,0.1345289345144465,0.2728948582140068
TFT,Day 1,Otoño,Zona Central,Primavera,pfv_villa_seca,1.2512092619992712,0.9512678897978427,168.11531571394713,135.805146486308,0.0,0.1399739003109668,0.831260512758551
TFT,Day 1,Primavera,Zona Central,Primavera,pfv_villa_seca,1.3130956598831014,0.9847999871320402,163.84811956962147,134.99032154081036,0.0,0.13712327598477714,0.8758995937862588
TFT,Day 1,Verano,Zona Central,Primavera,pfv_villa_seca,1.3098443563326614,0.9505985081195831,173.1771410161561,147.17666807297798,0.0,0.14325310195175311,0.800058540996785
TFT,7-Day Rollout,Raw,Zona Central,Primavera,pfv_villa_seca,1.2784903943139188,0.9816823001684887,161.4312762344412,132.43085440404022,0.0,0.18565756191410834,0.8097301736762303
TFT,7-Day Rollout,Invierno,Zona Central,Primavera,pfv_villa_seca,0.53582289045556,0.43290838918805785,153.12085041161947,178.89446831480896,0.047619047619047616,0.19291157137585108,0.23162568888535479
TFT,7-Day Rollout,Otoño,Zona Central,Primavera,pfv_villa_seca,1.1462620967526644,0.8861747917516845,160.50011519776496,134.47553301347784,0.0,0.185523348738553,0.7106187091493796
TFT,7-Day Rollout,Primavera,Zona Central,Primavera,pfv_villa_seca,1.278942840333608,0.9816535584174008,161.50642952415194,132.4769293132803,0.0,0.18503270523118165,0.810108269561204
TFT,7-Day Rollout,Verano,Zona Central,Primavera,pfv_villa_seca,1.1587797969422957,0.8667582845411873,153.69492480781705,135.46236780608288,0.0,0.17681724913803204,0.7038544130791371
TFT,Day 1,Raw,Zona Central,Verano,alto_solar,0.488481528518795,0.4783316192527612,200.0,0.0,0.0,0.20955771924927832,0.006872896260271475
TFT,Day 1,Invierno,Zona Central,Verano,alto_solar,1.1336531258613183,0.7859960355272051,174.6361412379991,164.0558590900919,0.0,0.15878805139558003,0.6293953395065425
TFT,Day 1,Operational,Zona Central,Verano,alto_solar,1.3098770351000137,0.943492464692099,167.2408264397689,145.72268719259375,0.0,0.13955771522936022,0.8109585129641346
TFT,Day 1,Otoño,Zona Central,Verano,alto_solar,1.2973598421114565,0.9191885587351862,167.03149219301477,149.1723409371196,0.0,0.140714191403337,0.7832653698661791
TFT,Day 1,Primavera,Zona Central,Verano,alto_solar,0.9847944583866377,0.7428468253844281,171.07419016775356,146.10247279972387,0.0,0.13754156833717088,0.6035212695245112
TFT,Day 1,Verano,Zona Central,Verano,alto_solar,1.3098770351000137,0.943492464692099,167.2408264397689,145.72268719259375,0.0,0.13955771522936022,0.8109585129641346
TFT,7-Day Rollout,Raw,Zona Central,Verano,alto_solar,0.5116988042543251,0.5084586916934877,200.0,0.0,0.0,0.39239175041161833,0.017519328188860712
TFT,7-Day Rollout,Invierno,Zona Central,Verano,alto_solar,0.693302366079775,0.4835145231164851,168.40202751245593,237.36629389040993,0.02976190476190476,0.2217307860798731,0.2460606814399268
TFT,7-Day Rollout,Operational,Zona Central,Verano,alto_solar,1.1791393072931315,0.8485826719912611,159.28093306914928,148.37705068855652,0.0,0.18656915163585272,0.6628095878261818
TFT,7-Day Rollout,Otoño,Zona Central,Verano,alto_solar,1.1798651574792849,0.8465904263153096,159.05689587485375,148.69272018984285,0.0,0.18638956328934345,0.6614230767583994
TFT,7-Day Rollout,Primavera,Zona Central,Verano,alto_solar,0.8709120042827507,0.6061502902321947,169.1698785809127,188.29604228758893,0.0,0.21196863893766846,0.37684697005740986
TFT,7-Day Rollout,Verano,Zona Central,Verano,alto_solar,1.1791393072931315,0.8485826719912611,159.28093306914928,148.37705068855652,0.0,0.18656915163585272,0.6628095878261818
TFT,Day 1,Raw,Zona Central,Verano,chancon,1.173901881210122,0.8972060404072787,158.73645835473013,129.96765054963086,0.0,0.1291755538255529,0.8059597838203141
TFT,Day 1,Invierno,Zona Central,Verano,chancon,0.7173785569091369,0.5579975546182444,169.06119276337748,152.3915279912629,0.0,0.15153047794398541,0.4225494870178712
TFT,Day 1,Otoño,Zona Central,Verano,chancon,1.043598955028929,0.7987514482083498,164.19570047144305,135.73738685051828,0.0,0.13168456030616651,0.6867286274483679
TFT,Day 1,Primavera,Zona Central,Verano,chancon,0.6549974250644787,0.4989611457567662,156.9639339437674,152.6284189803446,0.0,0.12635863539374745,0.3706415284929487
TFT,Day 1,Verano,Zona Central,Verano,chancon,1.17371969395567,0.8970722900703549,158.77896911258364,129.9524435317665,0.0,0.12897231442232926,0.8072612699276457
TFT,7-Day Rollout,Raw,Zona Central,Verano,chancon,1.187810622731853,0.9142552369625524,155.20865768685067,129.36543249396476,0.0,0.17196613730763297,0.7600033767798388
TFT,7-Day Rollout,Invierno,Zona Central,Verano,chancon,0.47414819331312325,0.3844868414387184,165.36061197256248,260.8898878793781,0.02976190476190476,0.2224023578768505,0.1439111195530467
TFT,7-Day Rollout,Otoño,Zona Central,Verano,chancon,1.0631694384543966,0.8330671996201263,160.62623296595066,132.53914182925385,0.0,0.1813016858094681,0.6634842119315559
TFT,7-Day Rollout,Primavera,Zona Central,Verano,chancon,0.7026314055613769,0.5157018174670936,168.88934055793078,204.21846337172101,0.0,0.21556125275871765,0.26947232944197214
TFT,7-Day Rollout,Verano,Zona Central,Verano,chancon,1.187745904111113,0.9141615233439508,155.19129069268348,129.35806602886043,0.0,0.17168935734662227,0.7604087386449377
TFT,Day 1,Raw,Zona Central,Verano,chimbarongo,0.4507949967264279,0.36005625283966464,141.03198838757748,149.84622030402912,0.0,0.12176759454111258,0.24331671629721918
TFT,Day 1,Invierno,Zona Central,Verano,chimbarongo,0.5257567845521098,0.39371633974224096,155.84446643106727,180.50488830757894,0.0,0.1421699279622165,0.25028644847249476
TFT,Day 1,Otoño,Zona Central,Verano,chimbarongo,1.2248415354224202,0.9371542018683007,168.9236997672164,135.0131417526327,0.0,0.13830912744548793,0.8181490970348628
TFT,Day 1,Primavera,Zona Central,Verano,chimbarongo,0.29010120339409207,0.2788716764112375,143.6856196687124,153.89684910391549,0.0,0.11679123155817972,0.1438284500265373
TFT,Day 1,Verano,Zona Central,Verano,chimbarongo,0.45151378090182664,0.3611391365217666,142.10826122520228,150.72779101876418,0.0,0.12282473604039601,0.24439998609789956
TFT,7-Day Rollout,Raw,Zona Central,Verano,chimbarongo,1.0348071690520348,0.7754520727668845,150.03450691203608,134.37850611616142,0.0,0.16707163233327915,0.619618144850431
TFT,7-Day Rollout,Invierno,Zona Central,Verano,chimbarongo,0.40981727801955103,0.355005525452292,170.35741917782155,391.9726587821004,0.03571428571428571,0.23635279447385724,0.08660832352806254
TFT,7-Day Rollout,Otoño,Zona Central,Verano,chimbarongo,1.1126736039708232,0.8787767862895689,162.58932741552775,131.5202984655376,0.0,0.18383298802404294,0.7060062144137648
TFT,7-Day Rollout,Primavera,Zona Central,Verano,chimbarongo,0.6396887137756553,0.47109996522321684,167.73466797013086,223.02778978541335,0.0,0.21540707613674182,0.21999471247428445
TFT,7-Day Rollout,Verano,Zona Central,Verano,chimbarongo,1.035491145366652,0.7757561805872337,150.41636554040397,134.5486679362504,0.0,0.16744352845847799,0.6206814297802727
TFT,Day 1,Raw,Zona Central,Verano,don_eugenio,1.2067081013271452,0.8756155056714002,159.9971282276935,140.73207474581554,0.0,0.12879746387698107,0.7663488204831083
TFT,Day 1,Invierno,Zona Central,Verano,don_eugenio,0.8828638203966569,0.662112074055282,170.51653001090716,151.79546846552736,0.0,0.1524905050180678,0.5258674171484017
TFT,Day 1,Otoño,Zona Central,Verano,don_eugenio,1.4142049413832745,1.0645749645579297,172.91149881213832,136.65710919038906,0.0,0.1431574143944696,0.9403297829238001
TFT,Day 1,Primavera,Zona Central,Verano,don_eugenio,0.811823242551145,0.5763460025191307,161.08241933518664,161.5321241820072,0.0,0.12981222726715105,0.442490193930765
TFT,Day 1,Verano,Zona Central,Verano,don_eugenio,1.2064494723368688,0.8753062932131191,159.98015615905496,140.70406057147017,0.0,0.1284410963843887,0.7676449584386621
TFT,7-Day Rollout,Raw,Zona Central,Verano,don_eugenio,1.2862792951219186,0.973955972073764,155.90161051125608,131.13105324591012,0.0,0.17125387235260878,0.8199102600503219
TFT,7-Day Rollout,Invierno,Zona Central,Verano,don_eugenio,0.547188083221185,0.4271423275624026,169.4745840784153,247.77570694343956,0.03571428571428571,0.22424824254427506,0.1852578971313083
TFT,7-Day Rollout,Otoño,Zona Central,Verano,don_eugenio,1.233695916845985,0.9382713582713006,162.29245471376333,135.74378501563734,0.0,0.18151540176197073,0.7647512299815389
TFT,7-Day Rollout,Primavera,Zona Central,Verano,don_eugenio,0.9623975792131081,0.6948073031704726,166.16495989601052,162.98497882036273,0.0,0.19780576382293344,0.48464984213430096
TFT,7-Day Rollout,Verano,Zona Central,Verano,don_eugenio,1.2862168862305623,0.9738784284612498,155.88936260452147,131.12399650799065,0.0,0.17096272739352067,0.8202826818733675
TFT,Day 1,Raw,Zona Central,Verano,el_pilpen,1.609890127623242,1.152219446445694,162.39330086262086,141.25486782831888,0.0,0.1409755482224682,1.0304796040869102
TFT,Day 1,Invierno,Zona Central,Verano,el_pilpen,0.8730902608721385,0.6683325138680326,172.9575135600915,148.83418360188008,0.0,0.15418176747722706,0.530620005330032
TFT,Day 1,Otoño,Zona Central,Verano,el_pilpen,1.368765509503932,1.0356661716408173,172.38477204992597,136.12357239196996,0.0,0.14265598007453564,0.9121398612170499
TFT,Day 1,Primavera,Zona Central,Verano,el_pilpen,0.9121543705125497,0.6660462542361832,163.31194532886056,149.0836247688763,0.0,0.1336743276075746,0.5443902968689144
TFT,Day 1,Verano,Zona Central,Verano,el_pilpen,1.6097003732307007,1.1519197045078424,162.30379332650963,141.23014947678774,0.0,0.14045607412432826,1.0313531098555055
TFT,7-Day Rollout,Raw,Zona Central,Verano,el_pilpen,1.5309057608866703,1.1641967000382272,160.32948739508137,130.01068625535126,0.0,0.18051947529857212,1.003639138155285
TFT,7-Day Rollout,Invierno,Zona Central,Verano,el_pilpen,0.5506263927852619,0.4224956629012966,163.27235537366147,227.304934750443,0.02976190476190476,0.21607944449437602,0.19525920782921274
TFT,7-Day Rollout,Otoño,Zona Central,Verano,el_pilpen,1.2777325979742855,0.9657581985418455,162.85714868468997,137.08462399335124,0.0,0.18550368791460467,0.7871191124954011
TFT,7-Day Rollout,Primavera,Zona Central,Verano,el_pilpen,0.9671252530934743,0.6889652218024345,171.81016360726892,172.95624346398037,0.0,0.2145267523943879,0.46672345857655917
TFT,7-Day Rollout,Verano,Zona Central,Verano,el_pilpen,1.5309274205594543,1.1641464820104832,160.3262588824675,130.0115511580026,0.0,0.18018089094653952,1.004067256081981
TFT,Day 1,Raw,Zona Central,Verano,el_roble,2.9053286959166282,2.010371425499519,178.1133578354017,181.4587934527263,0.0,0.4172324328993757,1.4141155075902738
TFT,Day 1,Invierno,Zona Central,Verano,el_roble,2.6274616015136134,1.9955648672766984,175.76752731731983,151.10496521019002,0.0,0.47462151783984147,1.5771780090639365
TFT,Day 1,Otoño,Zona Central,Verano,el_roble,3.9289790359894776,2.953350628436359,170.58750713135169,137.8796296312442,0.0,0.43358296008876396,2.5767688672999913
TFT,Day 1,Primavera,Zona Central,Verano,el_roble,2.7435761146365807,1.9388689793801557,164.4095878271716,159.83919237793833,0.0,0.40877047438407316,1.5235403170692734
TFT,Day 1,Verano,Zona Central,Verano,el_roble,2.9047713921029583,2.009473310162624,178.10409445786794,181.42398579817169,0.0,0.41568408987174427,1.4145449856917065
TFT,7-Day Rollout,Raw,Zona Central,Verano,el_roble,3.7943045940122833,2.8024575305406914,161.2306414211639,140.2639697999859,0.0,0.5494790153879356,2.2687792343908635
TFT,7-Day Rollout,Invierno,Zona Central,Verano,el_roble,1.6999418897869514,1.303403312868124,164.9377572843646,221.5097068598427,0.02976190476190476,0.6567230928803676,0.6267426426762747
TFT,7-Day Rollout,Otoño,Zona Central,Verano,el_roble,3.413263523607272,2.616380860057824,166.21607955484538,140.4317901147091,0.0,0.5820157549075992,2.0526958365172963
TFT,7-Day Rollout,Primavera,Zona Central,Verano,el_roble,2.7685192186798915,1.94915889336941,170.38546117384408,179.81623486986027,0.0,0.6439713928748373,1.275972012825306
TFT,7-Day Rollout,Verano,Zona Central,Verano,el_roble,3.794328118479788,2.8021685399993053,161.23486260912634,140.26460096084054,0.0,0.5481814483145474,2.2698945244622983
TFT,Day 1,Raw,Zona Central,Verano,el_sauce,1.0172729681387094,0.6929179147506753,181.67669587638667,183.79174623604519,0.0,0.13873538340752323,0.49337960020639
TFT,Day 1,Invierno,Zona Central,Verano,el_sauce,0.8402588985597564,0.6256638988852501,175.23976317250762,160.5997067237328,0.0,0.1517016092004875,0.4728609291060517
TFT,Day 1,Otoño,Zona Central,Verano,el_sauce,1.297580448406725,0.9800286274342701,172.92530460791883,138.25464502603387,0.0,0.14460403983836537,0.8509876715326755
TFT,Day 1,Primavera,Zona Central,Verano,el_sauce,0.7583882897110473,0.5392543408815982,159.70605920825213,163.51036511068176,0.0,0.12811584062801556,0.40662130334312674
TFT,Day 1,Verano,Zona Central,Verano,el_sauce,1.0170096453611142,0.6925983233377337,181.65751971692748,183.74417144084885,0.0,0.13830693871714173,0.4934988306059192
TFT,7-Day Rollout,Raw,Zona Central,Verano,el_sauce,1.1944116368321833,0.9000157540216432,161.98287700996818,137.65720777390905,0.0,0.17956006062931487,0.7251173280498603
TFT,7-Day Rollout,Invierno,Zona Central,Verano,el_sauce,0.5233581535752725,0.4073246071695172,168.79044457550913,257.26625647696955,0.02976190476190476,0.21739381574057232,0.16332930788913363
TFT,7-Day Rollout,Otoño,Zona Central,Verano,el_sauce,1.1721921348902806,0.8948553399127702,166.7634961461732,139.75622862443262,0.0,0.19078378606130206,0.7098704403327859
TFT,7-Day Rollout,Primavera,Zona Central,Verano,el_sauce,0.8634738053770558,0.5973672510763641,173.62225858685807,200.1978001857045,0.0,0.21526802091875222,0.35367559707266905
TFT,7-Day Rollout,Verano,Zona Central,Verano,el_sauce,1.1943464039889538,0.8999518306414497,161.97499916600486,137.64912755255702,0.0,0.17925332795272142,0.725351928855352
TFT,Day 1,Raw,Zona Central,Verano,la_acacia,0.7895441569701714,0.7800348276893297,200.0,0.0,0.0,0.5278721734260519,0.017248657469948147
TFT,Day 1,Invierno,Zona Central,Verano,la_acacia,0.7135479669722695,0.6450292607909583,137.7129383087846,196.078149903567,0.041666666666666664,0.3871955336359974,0.2892908283361104
TFT,Day 1,Operational,Zona Central,Verano,la_acacia,3.6806498988111516,2.931596097225944,167.91756937551276,131.93728551200877,0.0,0.40732128685340285,2.5059572556056082
TFT,Day 1,Otoño,Zona Central,Verano,la_acacia,3.022538613753402,2.2870962162075252,163.25558938344128,137.8176179767314,0.0,0.3844332322274568,1.9583196057094028
TFT,Day 1,Primavera,Zona Central,Verano,la_acacia,0.682865081387139,0.611086116693817,134.06120577993684,238.65205078879487,0.0,0.3897767830781958,0.19230650503001623
TFT,Day 1,Verano,Zona Central,Verano,la_acacia,3.6806498988111516,2.931596097225944,167.91756937551276,131.93728551200877,0.0,0.40732128685340285,2.5059572556056082
TFT,7-Day Rollout,Raw,Zona Central,Verano,la_acacia,0.9957102180698033,0.9864150977560452,200.0,0.0,0.0,0.7919907622216711,0.03437531161166376
TFT,7-Day Rollout,Invierno,Zona Central,Verano,la_acacia,0.6764158945001066,0.5936860558919693,115.96491708678862,150.3390040910338,0.010638297872340425,0.3941422779723707,0.23043561270556212
TFT,7-Day Rollout,Operational,Zona Central,Verano,la_acacia,3.1453907700625665,2.8020210827359864,141.35483933553695,122.85396355032752,0.0,0.6959844192780328,1.9716046933296074
TFT,7-Day Rollout,Otoño,Zona Central,Verano,la_acacia,2.626271646813217,2.0486454160021648,165.25613493672498,145.99563901484848,0.0,0.5635780034259802,1.4989226259021873
TFT,7-Day Rollout,Primavera,Zona Central,Verano,la_acacia,1.7878479221127563,1.4354363494461548,150.5077150368936,147.85939342828436,0.0,0.5351377981581772,0.9221769244141667
TFT,7-Day Rollout,Verano,Zona Central,Verano,la_acacia,3.1453907700625665,2.8020210827359864,141.35483933553695,122.85396355032752,0.0,0.6959844192780328,1.9716046933296074
TFT,Day 1,Raw,Zona Central,Verano,la_blanquina,0.8362756218294322,0.8242337614647113,196.41040971344754,9686.954061027573,0.0,0.5535128845357878,0.017679852298654944
TFT,Day 1,Invierno,Zona Central,Verano,la_blanquina,2.4781161102940885,1.8864566535921767,170.82465055439798,151.4163099791078,0.0,0.4685594004753511,1.4745849213310673
TFT,Day 1,Operational,Zona Central,Verano,la_blanquina,2.9735154580067986,2.240378689370118,161.99376798975652,140.3995985570721,0.0,0.40010567290980054,1.8796534045463584
TFT,Day 1,Otoño,Zona Central,Verano,la_blanquina,2.9735154580067986,2.240378689370118,161.99376798975652,140.3995985570721,0.0,0.40010567290980054,1.8796534045463584
TFT,Day 1,Primavera,Zona Central,Verano,la_blanquina,3.152223009215002,2.354997267379076,169.96004393870717,145.08596814969155,0.0,0.4279311953619375,1.9516617775610936
TFT,Day 1,Verano,Zona Central,Verano,la_blanquina,4.762159261780998,3.660161785936604,169.1306407213739,129.69858650989542,0.0,0.44186683777564517,3.3354975548340007
TFT,7-Day Rollout,Raw,Zona Central,Verano,la_blanquina,2.084828265866798,1.5946966357677455,166.04544210545967,177.9179807797267,0.0,0.624200105808926,0.9212785385521004
TFT,7-Day Rollout,Invierno,Zona Central,Verano,la_blanquina,1.5657132610952222,1.2266879136921143,167.28085686443396,255.79730366459583,0.02976190476190476,0.6818605910788391,0.5001262655527864
TFT,7-Day Rollout,Operational,Zona Central,Verano,la_blanquina,2.041968813005264,1.5511051801451166,165.44093909885353,184.6866722001345,0.0,0.6288627363045157,0.8757176021030663
TFT,7-Day Rollout,Otoño,Zona Central,Verano,la_blanquina,2.041968813005264,1.5511051801451166,165.44093909885353,184.6866722001345,0.0,0.6288627363045157,0.8757176021030663
TFT,7-Day Rollout,Primavera,Zona Central,Verano,la_blanquina,2.555485801017378,1.8111461065404693,171.3539384713857,190.7673125486957,0.0,0.6589417634153505,1.0998443329868937
TFT,7-Day Rollout,Verano,Zona Central,Verano,la_blanquina,3.960819666608718,2.8996016918903305,157.30234067575626,139.3256031552092,0.0,0.5625207078953585,2.4051688382490757
TFT,Day 1,Raw,Zona Central,Verano,la_frontera,1.1608111985921037,0.9069899607105375,149.1989388601188,133.88222854386703,0.0,0.1917812163862739,0.7446909343247777
TFT,Day 1,Invierno,Zona Central,Verano,la_frontera,1.741561821800199,1.1963743841721832,170.35811326121504,163.39205646162233,0.0,0.25717105866303125,0.9682187515364301
TFT,Day 1,Otoño,Zona Central,Verano,la_frontera,2.1604196391870727,1.5478717729371663,165.99162742411684,144.93039264751113,0.0,0.231166649099517,1.3455659283383283
TFT,Day 1,Primavera,Zona Central,Verano,la_frontera,1.5391541720882647,1.1474421479964565,168.8793631856928,150.26543733789887,0.0,0.230691258464614,0.9145788664118166
TFT,Day 1,Verano,Zona Central,Verano,la_frontera,1.1624981785724111,0.911198184342437,151.84844348105975,134.68965299471918,0.0,0.19519906850277424,0.7466013119780149
TFT,7-Day Rollout,Raw,Zona Central,Verano,la_frontera,1.4804265583170964,1.1136831177633728,151.07146157433237,139.7499879071917,0.0,0.27977151158903285,0.8442951299399365
TFT,7-Day Rollout,Invierno,Zona Central,Verano,la_frontera,1.0521053088232781,0.7310204039356016,166.18257727218443,257.99816118442413,0.03571428571428571,0.3603165218857357,0.3356683302847306
TFT,7-Day Rollout,Otoño,Zona Central,Verano,la_frontera,2.040723854698747,1.5027653381538195,161.8933653170605,142.0859962502182,0.0,0.30409638002264333,1.2101517396932433
TFT,7-Day Rollout,Primavera,Zona Central,Verano,la_frontera,1.3958504283740076,0.9665248161645702,166.34911036284527,190.00392253126205,0.0,0.3442447620552085,0.5961155122235728
TFT,7-Day Rollout,Verano,Zona Central,Verano,la_frontera,1.4806584589296403,1.113119802070624,150.98968228626455,139.7257711275523,0.0,0.2784368448130755,0.8453777150045247
TFT,Day 1,Raw,Zona Central,Verano,la_manga_i,0.913369004600233,0.6764143395024197,152.6452462665877,139.83410927849854,0.0,0.11968021337864532,0.5715176520873987
TFT,Day 1,Invierno,Zona Central,Verano,la_manga_i,0.8433409918713644,0.6150828517565969,167.96237865198336,158.25033310104834,0.0,0.1515767394860935,0.4799225211992355
TFT,Day 1,Otoño,Zona Central,Verano,la_manga_i,0.9757072080346207,0.7181266306724865,162.61677190695136,146.38045347001446,0.0,0.13173963565738328,0.5914831301794038
TFT,Day 1,Primavera,Zona Central,Verano,la_manga_i,0.8263944713762149,0.6171405580438053,164.9675582597209,151.160296141405,0.0,0.1319100646166286,0.4831810599716846
TFT,Day 1,Verano,Zona Central,Verano,la_manga_i,0.9136108045426207,0.6772159688359048,153.50153687520555,140.09930058884905,0.0,0.12047081799755688,0.5726216922492312
TFT,7-Day Rollout,Raw,Zona Central,Verano,la_manga_i,0.8674733517183024,0.67785827186715,148.44372878485268,132.34616338541173,0.0,0.1678083820978101,0.518475065912986
TFT,7-Day Rollout,Invierno,Zona Central,Verano,la_manga_i,0.5401423568626429,0.41741846469005306,166.58997387137558,244.14948903511043,0.02976190476190476,0.2224070697515095,0.18274691055191852
TFT,7-Day Rollout,Otoño,Zona Central,Verano,la_manga_i,0.8852279729808172,0.687938245465505,156.43192180678332,139.927730322655,0.0,0.17832816759991624,0.5086404455807843
TFT,7-Day Rollout,Primavera,Zona Central,Verano,la_manga_i,0.697429581273543,0.5251573556664003,167.3447402072883,187.1939994512497,0.0,0.2077567464941285,0.29255726605335647
TFT,7-Day Rollout,Verano,Zona Central,Verano,la_manga_i,0.8676955729179011,0.6776739303594134,148.52502074751465,132.3940196499092,0.0,0.16730043875781914,0.5190592831095784
TFT,Day 1,Raw,Zona Central,Verano,los_libertadores,3.436615295811974,2.485468538788458,162.6448289997973,142.17803447060692,0.0,0.36998879675132534,2.169417199787373
TFT,Day 1,Invierno,Zona Central,Verano,los_libertadores,0.7453742246692705,0.7365560357769331,200.0,0.0,0.0,0.49951150609801215,0.016313535844286298
TFT,Day 1,Operational,Zona Central,Verano,los_libertadores,3.6122983907737436,2.6778596341609955,163.90379021072766,143.21784729762396,0.0,0.39030687020470695,2.2698054451495406
TFT,Day 1,Otoño,Zona Central,Verano,los_libertadores,3.24275932491339,2.3338114749640226,164.23770845476778,145.356834078361,0.0,0.37850290260588126,2.001289048573623
TFT,Day 1,Primavera,Zona Central,Verano,los_libertadores,2.870138457169851,1.951169115335991,164.82796904546257,163.35314127178117,0.0,0.37743857980240136,1.5712997811303164
TFT,Day 1,Verano,Zona Central,Verano,los_libertadores,3.6122983907737436,2.6778596341609955,163.90379021072766,143.21784729762396,0.0,0.39030687020470695,2.2698054451495406
TFT,7-Day Rollout,Raw,Zona Central,Verano,los_libertadores,3.352662327792267,2.537054280218269,155.800133628379,136.0691937183174,0.0,0.4846770728117831,2.0507601043542047
TFT,7-Day Rollout,Invierno,Zona Central,Verano,los_libertadores,1.2579375342345906,1.016511418208392,181.53525267811835,422.862982190013,0.03571428571428571,0.6492397383326806,0.24541555923006636
TFT,7-Day Rollout,Operational,Zona Central,Verano,los_libertadores,3.275449040549068,2.8478103036814857,145.71075151492005,130.81077665282143,0.0,0.6895463641610972,1.9592878471516693
TFT,7-Day Rollout,Otoño,Zona Central,Verano,los_libertadores,2.999554498983551,2.2335040794902334,159.90872497430374,141.82557368479826,0.0,0.49815292865102295,1.755556343923121
TFT,7-Day Rollout,Primavera,Zona Central,Verano,los_libertadores,2.6502656260774287,1.824831050115522,156.35349901696512,165.87749882727226,0.0,0.5152778023874023,1.29647980895847
TFT,7-Day Rollout,Verano,Zona Central,Verano,los_libertadores,3.275449040549068,2.8478103036814857,145.71075151492005,130.81077665282143,0.0,0.6895463641610972,1.9592878471516693
TFT,Day 1,Raw,Zona Central,Verano,los_patos,0.27782562917928755,0.2747448080529769,200.0,0.0,0.0,0.1831406264876326,0.0060234675959994445
TFT,Day 1,Invierno,Zona Central,Verano,los_patos,0.7016591816713967,0.5162682994268835,169.3155729198652,175.36908931207773,0.0,0.1497724301725005,0.35698293858052543
TFT,Day 1,Operational,Zona Central,Verano,los_patos,1.784663957038393,1.3565524655083816,172.9220986245196,132.8209759714533,0.0,0.15097663725415866,1.2251962727867067
TFT,Day 1,Otoño,Zona Central,Verano,los_patos,1.4803330903672423,1.1010436056531034,171.58491861254745,138.173159317442,0.0,0.14576513382198755,0.9744189314903148
TFT,Day 1,Primavera,Zona Central,Verano,los_patos,0.8021368241332102,0.5919246985577047,160.79279584790874,153.06328502692827,0.0,0.13427575265523048,0.4612258388272797
TFT,Day 1,Verano,Zona Central,Verano,los_patos,1.784663957038393,1.3565524655083816,172.9220986245196,132.8209759714533,0.0,0.15097663725415866,1.2251962727867067
TFT,7-Day Rollout,Raw,Zona Central,Verano,los_patos,0.35076936383128665,0.3476293822306962,200.0,0.0,0.0,0.27666890389241633,0.012116344248698592
TFT,7-Day Rollout,Invierno,Zona Central,Verano,los_patos,0.40774056267883174,0.3409653515340151,165.21672860764164,379.56895086771493,0.03571428571428571,0.22634484717865627,0.08057241137808195
TFT,7-Day Rollout,Operational,Zona Central,Verano,los_patos,1.6302683849858994,1.2564189956257386,168.17713573485395,130.67853500824717,0.0,0.19146455953540725,1.0783211377837385
TFT,7-Day Rollout,Otoño,Zona Central,Verano,los_patos,1.410339894661826,1.0698095160687877,164.809282136264,134.5739620371591,0.0,0.18732341497423993,0.8948438581111207
TFT,7-Day Rollout,Primavera,Zona Central,Verano,los_patos,0.8725119572562393,0.5990638121552582,168.9675644444055,199.68250129068863,0.0,0.2167290545845585,0.3592787810124004
TFT,7-Day Rollout,Verano,Zona Central,Verano,los_patos,1.6302683849858994,1.2564189956257386,168.17713573485395,130.67853500824717,0.0,0.19146455953540725,1.0783211377837385
TFT,Day 1,Raw,Zona Central,Verano,peralillo,0.5709342237781998,0.47787281538175347,145.843115534297,125.69967853026984,0.0,0.11241413763719758,0.38222189887557273
TFT,Day 1,Invierno,Zona Central,Verano,peralillo,0.7814302337721174,0.6026689314221585,174.77455490597063,156.34757175353406,0.0,0.1516686420347772,0.4496688731027158
TFT,Day 1,Otoño,Zona Central,Verano,peralillo,1.4991617216267732,1.1136262582149357,172.44884545320673,138.22362004394017,0.0,0.14557618780915316,0.9870704190689139
TFT,Day 1,Primavera,Zona Central,Verano,peralillo,0.9340021208474377,0.6794619462376232,165.83053429330317,153.24743376029411,0.0,0.13656459037883836,0.5422832649585375
TFT,Day 1,Verano,Zona Central,Verano,peralillo,0.570699458346264,0.47760458388161925,145.8252713330849,125.65281897563926,0.0,0.11205606734884933,0.38351968016387633
TFT,7-Day Rollout,Raw,Zona Central,Verano,peralillo,1.320891979097279,0.9775271079691961,154.92301287942976,134.3160539971712,0.0,0.17342251594931316,0.8221445068435967
TFT,7-Day Rollout,Invierno,Zona Central,Verano,peralillo,0.4698786451738374,0.3776191154560652,163.16365147350038,265.7365092083319,0.03571428571428571,0.21804321585005274,0.13914841815063883
TFT,7-Day Rollout,Otoño,Zona Central,Verano,peralillo,1.3749893726144973,1.0362460458861842,164.54388167252893,135.7905126049693,0.0,0.1856128137594732,0.8626601894472039
TFT,7-Day Rollout,Primavera,Zona Central,Verano,peralillo,0.9067157993146402,0.6210862487811086,170.93335399605277,196.2869620514636,0.0,0.2182419408831004,0.3820258955430826
TFT,7-Day Rollout,Verano,Zona Central,Verano,peralillo,1.3208536220494738,0.9774282132641758,154.90457155882476,134.31079155151238,0.0,0.17312044398015528,0.8225224137379967
TFT,Day 1,Raw,Zona Central,Verano,pfv_marchigue_ii,4.992318951149543,3.7388492623964944,168.11847582030754,134.21710134806236,0.0,0.4360231551652154,3.3720196882883706
TFT,Day 1,Invierno,Zona Central,Verano,pfv_marchigue_ii,3.068242995546334,2.2628370746970177,172.9341336897068,151.06399254082544,0.0,0.47793281382570657,1.8412856654574474
TFT,Day 1,Otoño,Zona Central,Verano,pfv_marchigue_ii,4.998918455173924,3.7391079629499777,177.0184518166421,137.07743732473082,0.0,0.46530002590637504,3.3327703630677807
TFT,Day 1,Primavera,Zona Central,Verano,pfv_marchigue_ii,3.785165930163729,2.741851427437117,174.07947753341764,148.7989361369987,0.0,0.4427903931510324,2.3035276354989036
TFT,Day 1,Verano,Zona Central,Verano,pfv_marchigue_ii,4.992820389318639,3.7390341783563295,168.0889992312686,134.23058237325722,0.0,0.43398609999567267,3.3738194684187572
TFT,7-Day Rollout,Raw,Zona Central,Verano,pfv_marchigue_ii,4.532971090842641,3.403860917314887,165.5505648741583,136.47925780893834,0.0,0.551493560669571,2.897255027710646
TFT,7-Day Rollout,Invierno,Zona Central,Verano,pfv_marchigue_ii,1.9512480780197214,1.4227121965737926,164.38624285435546,217.44502493971035,0.03571428571428571,0.6577856937367913,0.7413689213505547
TFT,7-Day Rollout,Otoño,Zona Central,Verano,pfv_marchigue_ii,4.4995301192341906,3.4012526905038007,168.51278218325203,135.51706365997865,0.0,0.5773450884763969,2.856086992613252
TFT,7-Day Rollout,Primavera,Zona Central,Verano,pfv_marchigue_ii,3.0543781852469443,2.0809701437449,170.41869650832706,182.39018124222784,0.0,0.650331645529545,1.3991539478801325
TFT,7-Day Rollout,Verano,Zona Central,Verano,pfv_marchigue_ii,4.65827344126623,3.538583251616081,163.51054683057274,132.39777148350942,0.0,0.5238685881158621,3.068165651518631
TFT,Day 1,Raw,Zona Sur,Invierno,las_codornices,1.0052889204797133,0.7129011270202076,179.01061519699556,150.11632084864527,0.0,0.11877433679571064,0.6126692252291832
TFT,Day 1,Invierno,Zona Sur,Invierno,las_codornices,1.0069701122032892,0.7227102448232472,178.46684933767202,150.40511851140735,0.0,0.12136853302363305,0.6125643948791548
TFT,Day 1,Otoño,Zona Sur,Invierno,las_codornices,1.5400146929898992,1.135264119191561,179.78400978598413,138.3347575206277,0.0,0.1260345006293695,1.0247672832444854
TFT,Day 1,Primavera,Zona Sur,Invierno,las_codornices,0.6261877243261539,0.428713541351802,156.33206736040697,167.31292860629458,0.0,0.10442568298555367,0.329192978789312
TFT,Day 1,Verano,Zona Sur,Invierno,las_codornices,1.911843327137768,1.463595831611504,174.00571472612,129.00582393222578,0.0,0.1311306303444629,1.3658384655059004
TFT,7-Day Rollout,Raw,Zona Sur,Invierno,las_codornices,0.8700750992141992,0.6004700527541683,157.90254277254147,156.98706071932406,0.041666666666666664,0.13936052113051461,0.4700640150694761
TFT,7-Day Rollout,Invierno,Zona Sur,Invierno,las_codornices,0.8692369026125172,0.6024952013720482,157.5851962718986,156.8535406840232,0.041666666666666664,0.1420608000375588,0.46924428140416796
TFT,7-Day Rollout,Otoño,Zona Sur,Invierno,las_codornices,1.4110226569895552,1.0380297134335186,170.541486629583,138.38600304016586,0.0,0.15524941115917976,0.8920432507486977
TFT,7-Day Rollout,Primavera,Zona Sur,Invierno,las_codornices,0.6019393158334668,0.44395589050763345,152.14301419796692,157.32298956283373,0.0,0.14237182156101896,0.3008525208229319
TFT,7-Day Rollout,Verano,Zona Sur,Invierno,las_codornices,1.6119179707033555,1.1886362187797637,163.74961591583045,133.40872274369525,0.0,0.15053395572250075,1.0587146483009724
XGB_GLOBAL,Day 1,Raw,Norte Chico,Invierno,canesa_solar_i,1.1212520732639633,0.7989675402641296,158.33333333333331,0.0,,,
XGB_GLOBAL,Day 1,Invierno,Norte Chico,Invierno,canesa_solar_i,0.3520872811115646,0.2161927487953411,74.02796127100731,84.16367887659118,,,
XGB_GLOBAL,Day 1,Operational,Norte Chico,Invierno,canesa_solar_i,0.605059906704338,0.48190320779879886,123.2446728916097,62.60107240400171,,,
XGB_GLOBAL,Day 1,Otoño,Norte Chico,Invierno,canesa_solar_i,0.43586812837258904,0.32113683508941904,82.68398981413473,43.994013480331446,,,
XGB_GLOBAL,Day 1,Primavera,Norte Chico,Invierno,canesa_solar_i,0.605059906704338,0.48190320779879886,123.2446728916097,62.60107240400171,,,
XGB_GLOBAL,Day 1,Verano,Norte Chico,Invierno,canesa_solar_i,0.6606224047485318,0.5471141547313891,98.67347995121497,56.849350433919085,,,
XGB_GLOBAL,7-Day Rollout,Raw,Norte Chico,Invierno,canesa_solar_i,0.7840103954327743,0.5348351940684508,122.97097724063202,160.20071983342604,,,
XGB_GLOBAL,7-Day Rollout,Invierno,Norte Chico,Invierno,canesa_solar_i,0.45316013545105766,0.28342139544803924,63.70330383496563,87.75531687948292,,,
XGB_GLOBAL,7-Day Rollout,Operational,Norte Chico,Invierno,canesa_solar_i,0.6181652554447998,0.4714712975245285,111.40221548526182,68.15993503948845,,,
XGB_GLOBAL,7-Day Rollout,Otoño,Norte Chico,Invierno,canesa_solar_i,0.5588652391189124,0.4058120799008975,84.35723031640721,57.4142088933491,,,
XGB_GLOBAL,7-Day Rollout,Primavera,Norte Chico,Invierno,canesa_solar_i,0.6181652554447998,0.4714712975245285,111.40221548526182,68.15993503948845,,,
XGB_GLOBAL,7-Day Rollout,Verano,Norte Chico,Invierno,canesa_solar_i,0.7251374983826443,0.5733769431992967,100.31733294872231,62.044863813953555,,,
XGB_GLOBAL,Day 1,Raw,Norte Chico,Invierno,chalinga_solar,0.2985320144118606,0.19305716216331348,109.7813002816721,56.57728810975748,,,
XGB_GLOBAL,Day 1,Invierno,Norte Chico,Invierno,chalinga_solar,0.2971299537954589,0.1880473363174436,92.45952293255584,55.87709401800407,,,
XGB_GLOBAL,Day 1,Otoño,Norte Chico,Invierno,chalinga_solar,0.23307974592980268,0.15868504976000017,79.83531957881786,34.53974896993744,,,
XGB_GLOBAL,Day 1,Primavera,Norte Chico,Invierno,chalinga_solar,0.36183799464494154,0.29621977522037923,114.41739666066577,45.622974401600366,,,
XGB_GLOBAL,Day 1,Verano,Norte Chico,Invierno,chalinga_solar,0.5357386199733887,0.45814200562502566,96.24080399487727,48.83095865012328,,,
XGB_GLOBAL,7-Day Rollout,Raw,Norte Chico,Invierno,chalinga_solar,0.36472824995841063,0.22898414801221362,96.60434275978201,60.87277808595035,,,
XGB_GLOBAL,7-Day Rollout,Invierno,Norte Chico,Invierno,chalinga_solar,0.36716588012068585,0.2303450529088011,94.79400685776834,61.48039911855165,,,
XGB_GLOBAL,7-Day Rollout,Otoño,Norte Chico,Invierno,chalinga_solar,0.29491950743388556,0.1984244911974226,95.01166448011415,45.02408667674266,,,
XGB_GLOBAL,7-Day Rollout,Primavera,Norte Chico,Invierno,chalinga_solar,0.3899753325407857,0.30718339950629214,110.35086604677626,51.31474015902131,,,
XGB_GLOBAL,7-Day Rollout,Verano,Norte Chico,Invierno,chalinga_solar,0.5337375772341182,0.4374078438510575,94.47509613399987,52.16127152198862,,,
XGB_GLOBAL,Day 1,Raw,Norte Chico,Invierno,illapel_5x,0.4165200758111818,0.2888477409336095,115.0478568411574,77.909865696285,,,
XGB_GLOBAL,Day 1,Invierno,Norte Chico,Invierno,illapel_5x,0.4178550726509415,0.28486946135914576,98.45510002777361,78.17151804479643,,,
XGB_GLOBAL,Day 1,Otoño,Norte Chico,Invierno,illapel_5x,0.1763648916699337,0.10922476095341456,75.6026597115398,25.10396652675689,,,
XGB_GLOBAL,Day 1,Primavera,Norte Chico,Invierno,illapel_5x,0.4468948353949459,0.37890290554302436,125.34454368496273,50.09392743727988,,,
XGB_GLOBAL,Day 1,Verano,Norte Chico,Invierno,illapel_5x,0.8157114451745817,0.7033067306037614,129.58144423249271,71.98425547462092,,,
XGB_GLOBAL,7-Day Rollout,Raw,Norte Chico,Invierno,illapel_5x,0.43330798863232306,0.304383014535049,111.7559316715343,62.14857240801416,,,
XGB_GLOBAL,7-Day Rollout,Invierno,Norte Chico,Invierno,illapel_5x,0.43334063787010607,0.30365110179954646,111.83704812691121,62.160981172589494,,,
XGB_GLOBAL,7-Day Rollout,Otoño,Norte Chico,Invierno,illapel_5x,0.37643580129865245,0.22531230867089644,101.80777113515266,61.103125790368296,,,
XGB_GLOBAL,7-Day Rollout,Primavera,Norte Chico,Invierno,illapel_5x,0.4939290320491427,0.3765771532289147,110.98178709092414,61.86301644468958,,,
XGB_GLOBAL,7-Day Rollout,Verano,Norte Chico,Invierno,illapel_5x,0.8507951143747202,0.6777873384456866,140.66663595139906,97.36976572787619,,,
XGB_GLOBAL,Day 1,Raw,Norte Chico,Invierno,norte_chico_i,0.1823992051815849,0.11296308671929485,78.44319217169077,220.7494070509993,,,
XGB_GLOBAL,Day 1,Invierno,Norte Chico,Invierno,norte_chico_i,0.211245051566458,0.1410077940672636,56.63980101159053,248.3571399179489,,,
XGB_GLOBAL,Day 1,Otoño,Norte Chico,Invierno,norte_chico_i,0.6101880828425014,0.4322721167797378,103.23712041996886,84.79629901399926,,,
XGB_GLOBAL,Day 1,Primavera,Norte Chico,Invierno,norte_chico_i,0.43832101639680027,0.4038822995803457,147.41108436582914,227.27586804908418,,,
XGB_GLOBAL,Day 1,Verano,Norte Chico,Invierno,norte_chico_i,0.6372044080955576,0.5621751452369305,113.9027494274228,75.84242660315643,,,
XGB_GLOBAL,7-Day Rollout,Raw,Norte Chico,Invierno,norte_chico_i,0.2975973000977434,0.2356960016348759,79.7062306526059,139.86144665271405,,,
XGB_GLOBAL,7-Day Rollout,Invierno,Norte Chico,Invierno,norte_chico_i,0.3224353916614854,0.26360207932326113,80.34597805722092,140.77717173763605,,,
XGB_GLOBAL,7-Day Rollout,Otoño,Norte Chico,Invierno,norte_chico_i,0.6452544162021061,0.45146834542789466,119.95751665284882,94.72685480021487,,,
XGB_GLOBAL,7-Day Rollout,Primavera,Norte Chico,Invierno,norte_chico_i,0.3708348845331358,0.3085120847327227,117.08526371962844,174.7923457952939,,,
XGB_GLOBAL,7-Day Rollout,Verano,Norte Chico,Invierno,norte_chico_i,0.6076528834470263,0.5243520823195078,114.75511032248949,75.63857444321314,,,
XGB_GLOBAL,Day 1,Raw,Norte Chico,Invierno,parque_solar_fotovoltaico_maranon,1.4793278214709915,0.9971941797994077,110.51050918031298,382.5763823135051,,,
XGB_GLOBAL,Day 1,Invierno,Norte Chico,Invierno,parque_solar_fotovoltaico_maranon,1.50250524550279,1.0665838510418932,118.16006060890538,388.20008955506455,,,
XGB_GLOBAL,Day 1,Otoño,Norte Chico,Invierno,parque_solar_fotovoltaico_maranon,0.7815723306163816,0.5850444084693057,91.31099949297766,29.37068032594375,,,
XGB_GLOBAL,Day 1,Primavera,Norte Chico,Invierno,parque_solar_fotovoltaico_maranon,2.528302339226976,1.7225535155448597,116.49285799680105,577.6203240802196,,,
XGB_GLOBAL,Day 1,Verano,Norte Chico,Invierno,parque_solar_fotovoltaico_maranon,3.358638967145729,2.572865557313586,161.26816185487976,676.1657453998231,,,
XGB_GLOBAL,7-Day Rollout,Raw,Norte Chico,Invierno,parque_solar_fotovoltaico_maranon,1.7583886260274972,1.192664899317558,121.22736717323524,463.6511664234396,,,
XGB_GLOBAL,7-Day Rollout,Invierno,Norte Chico,Invierno,parque_solar_fotovoltaico_maranon,1.7616579024260535,1.2047045894629822,123.52526391285421,464.52321288037257,,,
XGB_GLOBAL,7-Day Rollout,Otoño,Norte Chico,Invierno,parque_solar_fotovoltaico_maranon,1.1625804982866508,0.821406470100837,101.73088501489485,46.95755687590013,,,
XGB_GLOBAL,7-Day Rollout,Primavera,Norte Chico,Invierno,parque_solar_fotovoltaico_maranon,2.636673800330343,1.829333487123395,127.53686460422134,600.0858585652725,,,
XGB_GLOBAL,7-Day Rollout,Verano,Norte Chico,Invierno,parque_solar_fotovoltaico_maranon,3.2936040739827432,2.526880384361859,142.0161821568918,632.2162348006034,,,
XGB_GLOBAL,Day 1,Raw,Norte Chico,Invierno,pfv_malgarida,53.59744257120813,31.334279129902523,133.33333333333331,0.0,,,
XGB_GLOBAL,Day 1,Invierno,Norte Chico,Invierno,pfv_malgarida,31.8601085390988,20.821011546999216,123.33680187841303,53.467398366467876,,,
XGB_GLOBAL,Day 1,Operational,Norte Chico,Invierno,pfv_malgarida,31.8601085390988,20.821011546999216,123.33680187841303,53.467398366467876,,,
XGB_GLOBAL,Day 1,Otoño,Norte Chico,Invierno,pfv_malgarida,63.72868479253454,43.259707853974156,56.640174543888975,77.59134914110338,,,
XGB_GLOBAL,Day 1,Primavera,Norte Chico,Invierno,pfv_malgarida,48.557359914230844,32.4451381576558,110.06170433678608,64.3349773213558,,,
XGB_GLOBAL,Day 1,Verano,Norte Chico,Invierno,pfv_malgarida,53.65003131887549,38.488977601751685,110.05403940891955,59.48391695620604,,,
XGB_GLOBAL,7-Day Rollout,Raw,Norte Chico,Invierno,pfv_malgarida,44.56606140179409,25.490431869136437,122.82121700941883,111.44301309593084,,,
XGB_GLOBAL,7-Day Rollout,Invierno,Norte Chico,Invierno,pfv_malgarida,39.08002726946576,24.379726439537038,121.60327984759508,62.18113224094775,,,
XGB_GLOBAL,7-Day Rollout,Operational,Norte Chico,Invierno,pfv_malgarida,39.08002726946576,24.379726439537038,121.60327984759508,62.18113224094775,,,
XGB_GLOBAL,7-Day Rollout,Otoño,Norte Chico,Invierno,pfv_malgarida,63.54509511470753,42.443389516722945,50.14480734252038,78.18637875498318,,,
XGB_GLOBAL,7-Day Rollout,Primavera,Norte Chico,Invierno,pfv_malgarida,51.15330211416435,33.400082947065435,114.5036547449013,66.28037834979732,,,
XGB_GLOBAL,7-Day Rollout,Verano,Norte Chico,Invierno,pfv_malgarida,60.31929078958694,42.88976701160538,91.0262960302611,65.28402440299608,,,
XGB_GLOBAL,Day 1,Raw,Norte Chico,Otoño,cachiyuyo_solar_2,0.7924132148861511,0.5483081410748127,64.48471338715679,33.97738104721514,,,
XGB_GLOBAL,Day 1,Invierno,Norte Chico,Otoño,cachiyuyo_solar_2,1.4234229639047447,0.9431603436047832,86.85988358315751,74.29641422046565,,,
XGB_GLOBAL,Day 1,Otoño,Norte Chico,Otoño,cachiyuyo_solar_2,0.9377444506620524,0.7104124060291118,97.78968374264761,40.207490613728744,,,
XGB_GLOBAL,Day 1,Primavera,Norte Chico,Otoño,cachiyuyo_solar_2,1.6152082643960823,1.2280400474264752,127.59130069281915,68.50947850556022,,,
XGB_GLOBAL,Day 1,Verano,Norte Chico,Otoño,cachiyuyo_solar_2,2.5765683360384832,2.172405340902818,108.85434870958066,61.003670357432135,,,
XGB_GLOBAL,7-Day Rollout,Raw,Norte Chico,Otoño,cachiyuyo_solar_2,1.525613373863839,1.0081587353032817,101.81857347530166,80.5399678329889,,,
XGB_GLOBAL,7-Day Rollout,Invierno,Norte Chico,Otoño,cachiyuyo_solar_2,1.669567782921571,1.0374051526942778,89.2707471049189,127.93623562501392,,,
XGB_GLOBAL,7-Day Rollout,Otoño,Norte Chico,Otoño,cachiyuyo_solar_2,1.531156558844588,1.021655234004616,105.37929214877526,80.83131456927836,,,
XGB_GLOBAL,7-Day Rollout,Primavera,Norte Chico,Otoño,cachiyuyo_solar_2,2.59611222128653,1.9316516362166676,148.56248904024318,119.45883607575016,,,
XGB_GLOBAL,7-Day Rollout,Verano,Norte Chico,Otoño,cachiyuyo_solar_2,2.732534089292724,2.2456904251594096,111.4411629326453,65.30179450996695,,,
XGB_GLOBAL,Day 1,Raw,Norte Chico,Verano,amparo_del_sol,0.6208408822931356,0.38680737573304214,69.25920045948386,59.252539221905565,,,
XGB_GLOBAL,Day 1,Invierno,Norte Chico,Verano,amparo_del_sol,0.4081644171842909,0.22596965815561512,48.170145370156824,73.90258092009748,,,
XGB_GLOBAL,Day 1,Otoño,Norte Chico,Verano,amparo_del_sol,0.4163604829725384,0.27503693910936516,62.62853474590383,57.72164393494834,,,
XGB_GLOBAL,Day 1,Primavera,Norte Chico,Verano,amparo_del_sol,0.3566944819823183,0.3019340829147647,112.91582293462572,46.21323394222095,,,
XGB_GLOBAL,Day 1,Verano,Norte Chico,Verano,amparo_del_sol,0.6093628119451188,0.37662842963739723,60.90684118454659,58.15767154828002,,,
XGB_GLOBAL,7-Day Rollout,Raw,Norte Chico,Verano,amparo_del_sol,0.5946339042610392,0.42479233669751876,76.90789404013871,55.21535372884906,,,
XGB_GLOBAL,7-Day Rollout,Invierno,Norte Chico,Verano,amparo_del_sol,0.6047753483615672,0.3569362856727648,76.49616317787347,215.21255803273914,,,
XGB_GLOBAL,7-Day Rollout,Otoño,Norte Chico,Verano,amparo_del_sol,0.5204145679656422,0.35926983181757943,78.19268022214044,64.70869286540754,,,
XGB_GLOBAL,7-Day Rollout,Primavera,Norte Chico,Verano,amparo_del_sol,0.6816032210929938,0.46350849938036054,131.8752846017186,127.48892063802725,,,
XGB_GLOBAL,7-Day Rollout,Verano,Norte Chico,Verano,amparo_del_sol,0.5933979723310079,0.42521872839887737,76.90968246019614,55.10077730729678,,,
XGB_GLOBAL,Day 1,Raw,Norte Chico,Verano,luna_del_norte,0.4653306585747535,0.34306682700601715,88.54952896333698,55.959764699477724,,,
XGB_GLOBAL,Day 1,Invierno,Norte Chico,Verano,luna_del_norte,0.577728490522666,0.3725463519282736,57.94966908115641,90.27713230997108,,,
XGB_GLOBAL,Day 1,Otoño,Norte Chico,Verano,luna_del_norte,0.44143481056126704,0.33136855787597597,96.42864396727336,51.33444636954917,,,
XGB_GLOBAL,Day 1,Primavera,Norte Chico,Verano,luna_del_norte,0.4587951144282336,0.37110179241547786,106.62889992317741,59.20770802003459,,,
XGB_GLOBAL,Day 1,Verano,Norte Chico,Verano,luna_del_norte,0.43187087456183854,0.32181148665646714,80.08590184387985,51.94381283367828,,,
XGB_GLOBAL,7-Day Rollout,Raw,Norte Chico,Verano,luna_del_norte,0.4659706202961474,0.3514322272191445,90.49131976322664,56.60864188396424,,,
XGB_GLOBAL,7-Day Rollout,Invierno,Norte Chico,Verano,luna_del_norte,0.649556593451465,0.40777504123962854,77.92666065698016,186.23981140648652,,,
XGB_GLOBAL,7-Day Rollout,Otoño,Norte Chico,Verano,luna_del_norte,0.4204656010719175,0.31200266665655635,98.00097142274721,49.5647852047786,,,
XGB_GLOBAL,7-Day Rollout,Primavera,Norte Chico,Verano,luna_del_norte,0.7868510309509815,0.5356619120464332,118.28732518410929,151.3006945196375,,,
XGB_GLOBAL,7-Day Rollout,Verano,Norte Chico,Verano,luna_del_norte,0.4616193835651857,0.3500256577196221,91.64973174318108,56.08375039932331,,,
XGB_GLOBAL,Day 1,Raw,Norte Grande,Invierno,pfv_andes_solar_ii,23.123575056684068,14.455371475157639,108.30218955561087,78164.19563580316,,,
XGB_GLOBAL,Day 1,Invierno,Norte Grande,Invierno,pfv_andes_solar_ii,23.12469869083888,14.481718940970799,108.30218955561087,41345.19579840778,,,
XGB_GLOBAL,Day 1,Otoño,Norte Grande,Invierno,pfv_andes_solar_ii,13.334919213648021,8.655622352069864,124.35222448848815,96.34767410325944,,,
XGB_GLOBAL,Day 1,Primavera,Norte Grande,Invierno,pfv_andes_solar_ii,7.5994169988642195,5.163274792023003,110.22102218111615,55.68528300316821,,,
XGB_GLOBAL,Day 1,Verano,Norte Grande,Invierno,pfv_andes_solar_ii,9.195026954386568,5.270606708712876,106.8725125756418,33.9482572184974,,,
XGB_GLOBAL,7-Day Rollout,Raw,Norte Grande,Invierno,pfv_andes_solar_ii,12.217033664816988,6.476112499256574,53.31467710448583,150.32297235801332,,,
XGB_GLOBAL,7-Day Rollout,Invierno,Norte Grande,Invierno,pfv_andes_solar_ii,12.21764936642379,6.482393549089985,52.59773275759988,150.2605533360102,,,
XGB_GLOBAL,7-Day Rollout,Otoño,Norte Grande,Invierno,pfv_andes_solar_ii,9.898792540777698,5.989804891935949,110.1864714575365,53.656839318088835,,,
XGB_GLOBAL,7-Day Rollout,Primavera,Norte Grande,Invierno,pfv_andes_solar_ii,9.1543968228187,5.571442701188581,112.38855469029889,63.206422166677214,,,
XGB_GLOBAL,7-Day Rollout,Verano,Norte Grande,Invierno,pfv_andes_solar_ii,7.228478220161093,4.383534270760027,91.47563038737523,27.96297214626212,,,
XGB_GLOBAL,Day 1,Raw,Norte Grande,Otoño,andes_solar,1.9353392618588392,1.5808979316304128,97.45809527235575,28.909482368839583,,,
XGB_GLOBAL,Day 1,Invierno,Norte Grande,Otoño,andes_solar,2.15444525678023,1.4718340237935383,66.78088686688112,43.42180584724977,,,
XGB_GLOBAL,Day 1,Otoño,Norte Grande,Otoño,andes_solar,2.0754836621740904,1.7503524515777826,106.69078116766919,31.008183639203708,,,
XGB_GLOBAL,Day 1,Primavera,Norte Grande,Otoño,andes_solar,4.685316273416108,3.59772752225399,118.56134015973674,54.21251150360056,,,
XGB_GLOBAL,Day 1,Verano,Norte Grande,Otoño,andes_solar,4.7674714982012825,3.730989977096518,107.41502375196626,50.35839790065785,,,
XGB_GLOBAL,7-Day Rollout,Raw,Norte Grande,Otoño,andes_solar,2.4160507873503256,1.8161484253304523,107.31276596835914,43.68433937075516,,,
XGB_GLOBAL,7-Day Rollout,Invierno,Norte Grande,Otoño,andes_solar,1.9848400938249888,1.2486267966173945,64.36174385547531,46.81883898957458,,,
XGB_GLOBAL,7-Day Rollout,Otoño,Norte Grande,Otoño,andes_solar,2.42081734961927,1.825077591563708,107.42220689193849,43.7733920896354,,,
XGB_GLOBAL,7-Day Rollout,Primavera,Norte Grande,Otoño,andes_solar,4.911951655156246,3.794153382026014,115.60279240147888,55.55758228861482,,,
XGB_GLOBAL,7-Day Rollout,Verano,Norte Grande,Otoño,andes_solar,6.143784742464574,4.343775738185893,134.69237248978618,105.7298398218261,,,
XGB_GLOBAL,Day 1,Raw,Norte Grande,Otoño,fv_bolero,51.16281655767605,34.74630985905727,174.38271276015092,70977.3194307604,,,
XGB_GLOBAL,Day 1,Invierno,Norte Grande,Otoño,fv_bolero,36.64753761389233,22.733655393123627,133.33333333333331,0.0,,,
XGB_GLOBAL,Day 1,Operational,Norte Grande,Otoño,fv_bolero,26.960022246456983,18.347797725970548,139.5230377638511,171.68343477649884,,,
XGB_GLOBAL,Day 1,Otoño,Norte Grande,Otoño,fv_bolero,26.960022246456983,18.347797725970548,139.5230377638511,171.68343477649884,,,
XGB_GLOBAL,Day 1,Primavera,Norte Grande,Otoño,fv_bolero,20.684472996589484,14.165749569733938,108.88597611272475,42.739825970979275,,,
XGB_GLOBAL,Day 1,Verano,Norte Grande,Otoño,fv_bolero,8.141953556201557,5.884175039439772,98.116587343298,18.628452981803655,,,
XGB_GLOBAL,7-Day Rollout,Raw,Norte Grande,Otoño,fv_bolero,41.4784058197235,28.044645853074535,144.84234964163917,599.8374952555387,,,
XGB_GLOBAL,7-Day Rollout,Invierno,Norte Grande,Otoño,fv_bolero,38.02541436749427,23.490368810437975,114.28571428571428,0.0,,,
XGB_GLOBAL,7-Day Rollout,Operational,Norte Grande,Otoño,fv_bolero,29.61741331949216,18.86810664276016,142.88625481629145,192.25250075635049,,,
XGB_GLOBAL,7-Day Rollout,Otoño,Norte Grande,Otoño,fv_bolero,29.61741331949216,18.86810664276016,142.88625481629145,192.25250075635049,,,
XGB_GLOBAL,7-Day Rollout,Primavera,Norte Grande,Otoño,fv_bolero,21.138927983425656,14.04312360002881,110.39845008938327,48.94801354069835,,,
XGB_GLOBAL,7-Day Rollout,Verano,Norte Grande,Otoño,fv_bolero,8.016618053209932,5.561806491820053,96.63109220575751,19.11300030032584,,,
XGB_GLOBAL,Day 1,Raw,Norte Grande,Otoño,parque_solar_pampa_camarones,0.9094794630903059,0.5817492060984174,125.48510351219706,661.4395966772717,,,
XGB_GLOBAL,Day 1,Invierno,Norte Grande,Otoño,parque_solar_pampa_camarones,1.5658128568219474,1.0685623855485271,105.78295113112428,95.16208927900213,,,
XGB_GLOBAL,Day 1,Operational,Norte Grande,Otoño,parque_solar_pampa_camarones,0.8327145232143031,0.5543884482079496,109.83045062430017,72.56771420319465,,,
XGB_GLOBAL,Day 1,Otoño,Norte Grande,Otoño,parque_solar_pampa_camarones,0.8327145232143031,0.5543884482079496,109.83045062430017,72.56771420319465,,,
XGB_GLOBAL,Day 1,Primavera,Norte Grande,Otoño,parque_solar_pampa_camarones,1.982058585412948,1.740961018949747,130.55792386896326,79.15042659712113,,,
XGB_GLOBAL,Day 1,Verano,Norte Grande,Otoño,parque_solar_pampa_camarones,1.6637402194056696,1.420813279459253,118.41821330846753,67.14270267411032,,,
XGB_GLOBAL,7-Day Rollout,Raw,Norte Grande,Otoño,parque_solar_pampa_camarones,0.9070661628539527,0.6538525570871397,131.1102538073728,150.72909490615584,,,
XGB_GLOBAL,7-Day Rollout,Invierno,Norte Grande,Otoño,parque_solar_pampa_camarones,1.5317505447095727,1.0662858569661953,115.11540911908264,93.32828865163158,,,
XGB_GLOBAL,7-Day Rollout,Operational,Norte Grande,Otoño,parque_solar_pampa_camarones,0.994796580045085,0.7019930442107752,120.21301060059812,78.04147769281442,,,
XGB_GLOBAL,7-Day Rollout,Otoño,Norte Grande,Otoño,parque_solar_pampa_camarones,0.994796580045085,0.7019930442107752,120.21301060059812,78.04147769281442,,,
XGB_GLOBAL,7-Day Rollout,Primavera,Norte Grande,Otoño,parque_solar_pampa_camarones,1.892463744385821,1.6909611732033747,127.98770508534854,77.33924687861403,,,
XGB_GLOBAL,7-Day Rollout,Verano,Norte Grande,Otoño,parque_solar_pampa_camarones,1.7032647129580332,1.4698165223845059,121.3074531529124,69.63435907541971,,,
XGB_GLOBAL,Day 1,Raw,Norte Grande,Verano,conejo_solar,17.707148023291616,12.298590272665024,92.27849081283713,46.24785615402767,,,
XGB_GLOBAL,Day 1,Invierno,Norte Grande,Verano,conejo_solar,11.468867782209731,6.719911689559619,25.62397726055477,46.60562597090329,,,
XGB_GLOBAL,Day 1,Otoño,Norte Grande,Verano,conejo_solar,18.348694317387086,11.697254788751403,72.36572565635875,45.20310650954043,,,
XGB_GLOBAL,Day 1,Primavera,Norte Grande,Verano,conejo_solar,17.056030534310626,11.464947930847606,134.23493962930013,101.22273378507505,,,
XGB_GLOBAL,Day 1,Verano,Norte Grande,Verano,conejo_solar,17.705936381651693,12.215795308351517,83.94515747950383,46.244691566020634,,,
XGB_GLOBAL,7-Day Rollout,Raw,Norte Grande,Verano,conejo_solar,18.19979978968203,12.55527171918324,77.51676040577034,42.64983073622628,,,
XGB_GLOBAL,7-Day Rollout,Invierno,Norte Grande,Verano,conejo_solar,10.330600862195995,5.776118890160606,32.78317110888271,50.448838614838245,,,
XGB_GLOBAL,7-Day Rollout,Otoño,Norte Grande,Verano,conejo_solar,18.428571802231144,11.902325551779498,63.865516372241906,45.70821245748103,,,
XGB_GLOBAL,7-Day Rollout,Primavera,Norte Grande,Verano,conejo_solar,16.765238377142662,10.674584854837684,116.36162381948365,51.73980943680361,,,
XGB_GLOBAL,7-Day Rollout,Verano,Norte Grande,Verano,conejo_solar,18.199827082368966,12.552205383777618,76.32628421529414,42.649894694538546,,,
XGB_GLOBAL,Day 1,Raw,Norte Grande,Verano,lalackama,4.203523956820015,3.1150653858979545,92.93864043704157,18.509232930908585,,,
XGB_GLOBAL,Day 1,Invierno,Norte Grande,Verano,lalackama,3.196789130024646,1.6464298367500305,25.975388061675492,23.72678723467682,,,
XGB_GLOBAL,Day 1,Otoño,Norte Grande,Verano,lalackama,2.4820639981242523,1.8753857066233952,104.28108486078497,12.187890977497192,,,
XGB_GLOBAL,Day 1,Primavera,Norte Grande,Verano,lalackama,12.913536672798754,8.947332092483217,143.30975894878992,161.69712564907823,,,
XGB_GLOBAL,Day 1,Verano,Norte Grande,Verano,lalackama,4.20144311301144,3.0865170657634735,92.93864043704157,18.50007042270323,,,
XGB_GLOBAL,7-Day Rollout,Raw,Norte Grande,Verano,lalackama,4.1897950152286425,3.0960034983498708,93.610031431863,18.596417538488335,,,
XGB_GLOBAL,7-Day Rollout,Invierno,Norte Grande,Verano,lalackama,5.008427331934601,2.634165974954764,39.025074871984245,43.39476369763181,,,
XGB_GLOBAL,7-Day Rollout,Otoño,Norte Grande,Verano,lalackama,2.8564000579194473,2.104901872952247,105.5617627752677,14.061164588193003,,,
XGB_GLOBAL,7-Day Rollout,Primavera,Norte Grande,Verano,lalackama,6.284523250892331,3.6509991306368086,111.15393094307773,38.744382249157624,,,
XGB_GLOBAL,7-Day Rollout,Verano,Norte Grande,Verano,lalackama,4.190291229815679,3.097251219408853,93.61003143186302,18.598619988397143,,,
XGB_GLOBAL,Day 1,Raw,Norte Grande,Verano,lalackama_2,6.567305202147177,4.801729130248229,137.22005455699608,93.09274412099884,,,
XGB_GLOBAL,Day 1,Invierno,Norte Grande,Verano,lalackama_2,4.247035779981707,2.707735384504,90.59982923514802,103.97721016133896,,,
XGB_GLOBAL,Day 1,Otoño,Norte Grande,Verano,lalackama_2,5.465552892794526,3.919218121406933,130.6857291288414,87.04264749050381,,,
XGB_GLOBAL,Day 1,Primavera,Norte Grande,Verano,lalackama_2,1.1871354844239723,0.9269676922510067,123.82121117105594,55.63610992992925,,,
XGB_GLOBAL,Day 1,Verano,Norte Grande,Verano,lalackama_2,6.610311054839707,5.079752432803313,137.22005455699608,93.7023598944674,,,
XGB_GLOBAL,7-Day Rollout,Raw,Norte Grande,Verano,lalackama_2,6.442592194741607,4.8534059551145345,135.03962380053872,92.34957466285958,,,
XGB_GLOBAL,7-Day Rollout,Invierno,Norte Grande,Verano,lalackama_2,3.7001480860484084,2.2824917856071676,99.23143873549675,105.78508262253735,,,
XGB_GLOBAL,7-Day Rollout,Otoño,Norte Grande,Verano,lalackama_2,5.6771945098981895,4.083893823636962,139.60237297667834,91.11714141822561,,,
XGB_GLOBAL,7-Day Rollout,Primavera,Norte Grande,Verano,lalackama_2,4.603632554725969,3.0897103383848887,136.06463232582755,95.95065708044048,,,
XGB_GLOBAL,7-Day Rollout,Verano,Norte Grande,Verano,lalackama_2,6.443239796760414,4.861674842202947,133.84914761006254,92.35885753676807,,,
XGB_GLOBAL,Day 1,Raw,Norte Grande,Verano,pampa_solar_norte,16.312650237447816,11.583668539921442,96.63296291453837,54.95095935529278,,,
XGB_GLOBAL,Day 1,Invierno,Norte Grande,Verano,pampa_solar_norte,8.440609990834812,5.169713209072749,36.3102476602152,48.468630050171306,,,
XGB_GLOBAL,Day 1,Otoño,Norte Grande,Verano,pampa_solar_norte,14.834320403915084,10.3613753200043,105.86444042535106,52.70130933656109,,,
XGB_GLOBAL,Day 1,Primavera,Norte Grande,Verano,pampa_solar_norte,14.471994167738297,9.744738466416797,143.86678841272882,165.42573088789797,,,
XGB_GLOBAL,Day 1,Verano,Norte Grande,Verano,pampa_solar_norte,16.312136802277855,11.56174855430921,88.29962958120502,54.94922979236184,,,
XGB_GLOBAL,7-Day Rollout,Raw,Norte Grande,Verano,pampa_solar_norte,16.57589263293892,11.690843333091054,83.61163030158177,54.637436917703674,,,
XGB_GLOBAL,7-Day Rollout,Invierno,Norte Grande,Verano,pampa_solar_norte,7.490360791720816,4.450810479443698,43.73434337430569,51.847085471015774,,,
XGB_GLOBAL,7-Day Rollout,Otoño,Norte Grande,Verano,pampa_solar_norte,14.689705579332394,10.27697692941209,111.3840455971862,53.02812359103891,,,
XGB_GLOBAL,7-Day Rollout,Primavera,Norte Grande,Verano,pampa_solar_norte,12.187898584527636,8.100710926189398,119.23575136270628,57.53257159237525,,,
XGB_GLOBAL,7-Day Rollout,Verano,Norte Grande,Verano,pampa_solar_norte,16.575761291514013,11.684684703037853,82.42115411110557,54.63700399026037,,,
XGB_GLOBAL,Day 1,Raw,Norte Grande,Verano,parque_solar_finis_terrae,67.11454249064526,47.435239627336465,138.57015183644836,8209.729960044195,,,
XGB_GLOBAL,Day 1,Invierno,Norte Grande,Verano,parque_solar_finis_terrae,10.879588327772323,6.880485733350118,19.91714375772021,35.2475218605555,,,
XGB_GLOBAL,Day 1,Operational,Norte Grande,Verano,parque_solar_finis_terrae,60.471088600367665,42.23182915896177,117.72691642052963,1028.9302622277412,,,
XGB_GLOBAL,Day 1,Otoño,Norte Grande,Verano,parque_solar_finis_terrae,37.84509216041728,26.392622971286375,57.763417300630636,201.44114617191232,,,
XGB_GLOBAL,Day 1,Primavera,Norte Grande,Verano,parque_solar_finis_terrae,14.167196808232267,9.295480330785116,112.59833990851521,37.87725113886602,,,
XGB_GLOBAL,Day 1,Verano,Norte Grande,Verano,parque_solar_finis_terrae,60.471088600367665,42.23182915896177,117.72691642052963,1028.9302622277412,,,
XGB_GLOBAL,7-Day Rollout,Raw,Norte Grande,Verano,parque_solar_finis_terrae,66.3725031291436,46.592904923960475,125.48993069900567,4393.278636581177,,,
XGB_GLOBAL,7-Day Rollout,Invierno,Norte Grande,Verano,parque_solar_finis_terrae,10.575336745561067,6.036245031293393,23.59004707365606,41.28437509115467,,,
XGB_GLOBAL,7-Day Rollout,Operational,Norte Grande,Verano,parque_solar_finis_terrae,58.45178165994122,41.045701647620824,110.74421152458338,844.1343540691303,,,
XGB_GLOBAL,7-Day Rollout,Otoño,Norte Grande,Verano,parque_solar_finis_terrae,35.37833423262257,24.488024487509392,57.03424834612305,177.04636001315268,,,
XGB_GLOBAL,7-Day Rollout,Primavera,Norte Grande,Verano,parque_solar_finis_terrae,17.82383075068003,11.62435207480476,111.01674260798961,50.599603449785945,,,
XGB_GLOBAL,7-Day Rollout,Verano,Norte Grande,Verano,parque_solar_finis_terrae,58.45178165994122,41.045701647620824,110.74421152458338,844.1343540691303,,,
XGB_GLOBAL,Day 1,Raw,Zona Central,Invierno,altos_de_til_til,2.271779543468364,2.159150725696236,161.34334986471956,766.7791562095222,,,
XGB_GLOBAL,Day 1,Invierno,Zona Central,Invierno,altos_de_til_til,1.9724275747817333,1.729553665810575,161.34334986471956,665.7408091484529,,,
XGB_GLOBAL,Day 1,Otoño,Zona Central,Invierno,altos_de_til_til,2.3538779255066213,2.2820718580051107,156.2534116090226,448.4999462620987,,,
XGB_GLOBAL,Day 1,Primavera,Zona Central,Invierno,altos_de_til_til,0.5048145852344899,0.3887166514371832,133.90615060030066,89.24280123332768,,,
XGB_GLOBAL,Day 1,Verano,Zona Central,Invierno,altos_de_til_til,0.9238390734839871,0.7015079433719317,136.91140870808454,142.12694245956382,,,
XGB_GLOBAL,7-Day Rollout,Raw,Zona Central,Invierno,altos_de_til_til,2.2428266263828447,1.9783816308166327,157.46856368076823,895.4638396547135,,,
XGB_GLOBAL,7-Day Rollout,Invierno,Zona Central,Invierno,altos_de_til_til,2.2264320897957552,1.9590413759180505,152.89827806199412,733.4109207139971,,,
XGB_GLOBAL,7-Day Rollout,Otoño,Zona Central,Invierno,altos_de_til_til,2.3817585458074864,2.329740575357088,157.35711237736527,485.76151051910637,,,
XGB_GLOBAL,7-Day Rollout,Primavera,Zona Central,Invierno,altos_de_til_til,0.5022443099629216,0.41274162603630904,138.1951985284546,92.39288496948194,,,
XGB_GLOBAL,7-Day Rollout,Verano,Zona Central,Invierno,altos_de_til_til,1.5181680145719043,1.226949511009956,137.63801650221143,267.27974713051964,,,
XGB_GLOBAL,Day 1,Raw,Zona Central,Invierno,las_perdices,0.3808301890904167,0.2600975457947546,55.5743660092065,99.73847087971335,,,
XGB_GLOBAL,Day 1,Invierno,Zona Central,Invierno,las_perdices,0.43885077819948454,0.2729731479970117,84.26459904185286,126.0725432229672,,,
XGB_GLOBAL,Day 1,Operational,Zona Central,Invierno,las_perdices,0.3353361093783122,0.21708540350664407,66.94810827808911,80.2623265049413,,,
XGB_GLOBAL,Day 1,Otoño,Zona Central,Invierno,las_perdices,0.26771945332126035,0.22002123475734456,109.14349812043002,29.520961475826635,,,
XGB_GLOBAL,Day 1,Primavera,Zona Central,Invierno,las_perdices,0.3353361093783122,0.21708540350664407,66.94810827808911,80.2623265049413,,,
XGB_GLOBAL,Day 1,Verano,Zona Central,Invierno,las_perdices,0.4588138985431426,0.393738666549325,77.09156274198465,38.18862197719724,,,
XGB_GLOBAL,7-Day Rollout,Raw,Zona Central,Invierno,las_perdices,0.510829414591077,0.33202102237611963,67.34935243915152,162.64521766667647,,,
XGB_GLOBAL,7-Day Rollout,Invierno,Zona Central,Invierno,las_perdices,0.49807126806790186,0.31637788379391296,73.2660023605263,174.65939453438418,,,
XGB_GLOBAL,7-Day Rollout,Operational,Zona Central,Invierno,las_perdices,0.5247848461827603,0.3284972402362937,64.28182269814255,100.42769986244568,,,
XGB_GLOBAL,7-Day Rollout,Otoño,Zona Central,Invierno,las_perdices,0.5193315579231735,0.30498035231946796,105.4385902444241,72.69490492449017,,,
XGB_GLOBAL,7-Day Rollout,Primavera,Zona Central,Invierno,las_perdices,0.5247848461827603,0.3284972402362937,64.28182269814255,100.42769986244568,,,
XGB_GLOBAL,7-Day Rollout,Verano,Zona Central,Invierno,las_perdices,0.5180898761892068,0.4254705930389242,95.06585256718994,49.96790903420364,,,
XGB_GLOBAL,Day 1,Raw,Zona Central,Invierno,laurel,0.8316375565046026,0.598411459941417,95.19163254697403,64.13588477169243,,,
XGB_GLOBAL,Day 1,Invierno,Zona Central,Invierno,laurel,0.8321611522227429,0.5986754963523708,95.19800709160941,64.17684502372698,,,
XGB_GLOBAL,Day 1,Otoño,Zona Central,Invierno,laurel,0.7604495141091386,0.5720818662590167,85.72964464630687,36.12252354517068,,,
XGB_GLOBAL,Day 1,Primavera,Zona Central,Invierno,laurel,1.1139458913281315,0.7775983791022251,96.55493134499852,104.85453038923247,,,
XGB_GLOBAL,Day 1,Verano,Zona Central,Invierno,laurel,1.2474812354173772,1.016373139534456,77.18659432680806,43.03852843158264,,,
XGB_GLOBAL,7-Day Rollout,Raw,Zona Central,Invierno,laurel,1.0785599686906826,0.7420946497086266,112.8377831069947,182.49357879667465,,,
XGB_GLOBAL,7-Day Rollout,Invierno,Zona Central,Invierno,laurel,1.0789801617344517,0.7425646933855874,112.84406191346407,182.56947589885172,,,
XGB_GLOBAL,7-Day Rollout,Otoño,Zona Central,Invierno,laurel,0.904242307212755,0.6544746559904763,85.11771094554463,46.67927030208803,,,
XGB_GLOBAL,7-Day Rollout,Primavera,Zona Central,Invierno,laurel,1.4391206599695037,0.9218138804901519,112.22522603463649,144.69743169603305,,,
XGB_GLOBAL,7-Day Rollout,Verano,Zona Central,Invierno,laurel,1.4222020160168538,1.0686242039803238,96.19023940764068,55.97877093328675,,,
XGB_GLOBAL,Day 1,Raw,Zona Central,Invierno,la_lajuela,1.4412020419342233,1.1103964407132783,61.10597249682047,58.47130638524818,,,
XGB_GLOBAL,Day 1,Invierno,Zona Central,Invierno,la_lajuela,1.5616061558590255,1.2466565616923617,67.18292599824777,61.623489021345264,,,
XGB_GLOBAL,Day 1,Otoño,Zona Central,Invierno,la_lajuela,1.952389351564539,1.4688412407413125,127.10287581043156,69.11874554137808,,,
XGB_GLOBAL,Day 1,Primavera,Zona Central,Invierno,la_lajuela,1.6527913456021315,1.0873177777199696,113.41307226087058,118.95305762273074,,,
XGB_GLOBAL,Day 1,Verano,Zona Central,Invierno,la_lajuela,2.3060191977965543,1.7671677000665416,96.7574942645524,72.86245721263779,,,
XGB_GLOBAL,7-Day Rollout,Raw,Zona Central,Invierno,la_lajuela,1.2997379319924125,0.9437374088690073,83.29528338818587,86.8962878919892,,,
XGB_GLOBAL,7-Day Rollout,Invierno,Zona Central,Invierno,la_lajuela,1.2797651259060163,0.9104556894308189,83.03995690299844,93.57284310273364,,,
XGB_GLOBAL,7-Day Rollout,Otoño,Zona Central,Invierno,la_lajuela,1.969350621298414,1.4244468623787507,123.92850423943801,72.40535502573667,,,
XGB_GLOBAL,7-Day Rollout,Primavera,Zona Central,Invierno,la_lajuela,1.8461236943488757,1.2064425767111104,99.73925428672361,106.0023188117514,,,
XGB_GLOBAL,7-Day Rollout,Verano,Zona Central,Invierno,la_lajuela,2.168109248710425,1.6300360560250868,109.9932362188234,73.92874593357898,,,
XGB_GLOBAL,Day 1,Raw,Zona Central,Invierno,lipangue,0.40940022951462646,0.2950643903341567,89.68934459372872,72.57987479863678,,,
XGB_GLOBAL,Day 1,Invierno,Zona Central,Invierno,lipangue,0.5063766939059705,0.44262210903427973,82.63970020684145,46.15846088515478,,,
XGB_GLOBAL,Day 1,Otoño,Zona Central,Invierno,lipangue,0.9456868701131134,0.7660127299992988,163.9108988539617,455.9588212849603,,,
XGB_GLOBAL,Day 1,Primavera,Zona Central,Invierno,lipangue,0.5483218239106057,0.3679312263217677,69.64841278887486,73.62033242982267,,,
XGB_GLOBAL,Day 1,Verano,Zona Central,Invierno,lipangue,0.3499372871657633,0.27586109755793586,83.94805503877487,41.68158522425437,,,
XGB_GLOBAL,7-Day Rollout,Raw,Zona Central,Invierno,lipangue,0.537859389601672,0.4251376845802673,78.21806551783203,76.97334940114789,,,
XGB_GLOBAL,7-Day Rollout,Invierno,Zona Central,Invierno,lipangue,0.5497893558830786,0.44265169345817545,77.61307520151652,73.69670337380357,,,
XGB_GLOBAL,7-Day Rollout,Otoño,Zona Central,Invierno,lipangue,1.0877577507463425,0.8466749271846354,179.41197925577544,962.4382353784692,,,
XGB_GLOBAL,7-Day Rollout,Primavera,Zona Central,Invierno,lipangue,0.5011604585668689,0.3328914033095316,58.94333129654105,77.39454308963829,,,
XGB_GLOBAL,7-Day Rollout,Verano,Zona Central,Invierno,lipangue,0.8276893350894844,0.5659651069768837,128.2527670380009,165.25816163390985,,,
XGB_GLOBAL,Day 1,Raw,Zona Central,Invierno,luna,0.6382675122647709,0.5225739347333445,80.21790765669971,84.88648409421299,,,
XGB_GLOBAL,Day 1,Invierno,Zona Central,Invierno,luna,0.7193920301921384,0.5855648053499559,85.63441366837128,91.26899429392576,,,
XGB_GLOBAL,Day 1,Otoño,Zona Central,Invierno,luna,0.44313354564482116,0.3802965736819412,120.66111100745312,65.97263396921142,,,
XGB_GLOBAL,Day 1,Primavera,Zona Central,Invierno,luna,0.594351491743492,0.40985713455787237,96.2459246585948,123.69524807233456,,,
XGB_GLOBAL,Day 1,Verano,Zona Central,Invierno,luna,0.4618715300352848,0.37130855778377736,98.78095087639046,45.18004892716972,,,
XGB_GLOBAL,7-Day Rollout,Raw,Zona Central,Invierno,luna,0.6400148473493801,0.490602006486686,100.25458791270442,138.1929150604552,,,
XGB_GLOBAL,7-Day Rollout,Invierno,Zona Central,Invierno,luna,0.6384174867494522,0.4786502101582733,99.28375317885838,135.42524252920595,,,
XGB_GLOBAL,7-Day Rollout,Otoño,Zona Central,Invierno,luna,0.43514866035500627,0.36158175053268155,107.7130882022632,67.34710963916403,,,
XGB_GLOBAL,7-Day Rollout,Primavera,Zona Central,Invierno,luna,0.5515361990779539,0.35372094351622385,77.38428556568897,111.63391248361063,,,
XGB_GLOBAL,7-Day Rollout,Verano,Zona Central,Invierno,luna,0.4679146729868559,0.3640731800656968,97.8373224155841,50.7412782338159,,,
XGB_GLOBAL,Day 1,Raw,Zona Central,Invierno,pfv_santa_adriana,0.9281461788558487,0.6339469542726874,137.97368918669756,1951.9991213298222,,,
XGB_GLOBAL,Day 1,Invierno,Zona Central,Invierno,pfv_santa_adriana,0.6036806175833402,0.3963407159826602,103.28379001055276,312.568803824673,,,
XGB_GLOBAL,Day 1,Operational,Zona Central,Invierno,pfv_santa_adriana,0.6148072009569223,0.4120193716759483,100.5704560983128,109.129223039628,,,
XGB_GLOBAL,Day 1,Otoño,Zona Central,Invierno,pfv_santa_adriana,0.3228554007794965,0.2852327834116295,113.38997090949063,42.44223086105543,,,
XGB_GLOBAL,Day 1,Primavera,Zona Central,Invierno,pfv_santa_adriana,0.6148072009569223,0.4120193716759483,100.5704560983128,109.129223039628,,,
XGB_GLOBAL,Day 1,Verano,Zona Central,Invierno,pfv_santa_adriana,0.3014831707576964,0.2619786784052849,84.77376503632014,30.91690888496882,,,
XGB_GLOBAL,7-Day Rollout,Raw,Zona Central,Invierno,pfv_santa_adriana,0.6124912930595077,0.39171801039559623,99.41903895929035,190.85857929720603,,,
XGB_GLOBAL,7-Day Rollout,Invierno,Zona Central,Invierno,pfv_santa_adriana,0.5863685501034844,0.38749409885695923,102.11036514557212,213.26279694216993,,,
XGB_GLOBAL,7-Day Rollout,Operational,Zona Central,Invierno,pfv_santa_adriana,0.49749403500199313,0.3081026903219892,77.12263620359171,86.21257456052864,,,
XGB_GLOBAL,7-Day Rollout,Otoño,Zona Central,Invierno,pfv_santa_adriana,0.40717033834098293,0.2997367574973309,108.17920605422043,58.02742519487127,,,
XGB_GLOBAL,7-Day Rollout,Primavera,Zona Central,Invierno,pfv_santa_adriana,0.49749403500199313,0.3081026903219892,77.12263620359171,86.21257456052864,,,
XGB_GLOBAL,7-Day Rollout,Verano,Zona Central,Invierno,pfv_santa_adriana,0.45903860929982054,0.3431773025437169,97.74146679468694,53.76497201880657,,,
XGB_GLOBAL,Day 1,Raw,Zona Central,Otoño,crucero,0.8003653163177392,0.5425726572672526,116.66666666666667,0.0,,,
XGB_GLOBAL,Day 1,Invierno,Zona Central,Otoño,crucero,0.6949100212037649,0.4625383213472863,90.9926975346187,477.34325343289515,,,
XGB_GLOBAL,Day 1,Operational,Zona Central,Otoño,crucero,0.6949100212037649,0.4625383213472863,90.9926975346187,477.34325343289515,,,
XGB_GLOBAL,Day 1,Otoño,Zona Central,Otoño,crucero,0.2250268581839196,0.17857202520826831,110.10908989969647,28.82316560398046,,,
XGB_GLOBAL,Day 1,Primavera,Zona Central,Otoño,crucero,0.426486865784187,0.2995618567802012,86.93814490287268,106.41767906639453,,,
XGB_GLOBAL,Day 1,Verano,Zona Central,Otoño,crucero,0.5371955846167443,0.43698240459586185,90.07528847333911,52.658400950980436,,,
XGB_GLOBAL,7-Day Rollout,Raw,Zona Central,Otoño,crucero,0.7861566611734004,0.5255330801010132,117.85714285714286,0.0,,,
XGB_GLOBAL,7-Day Rollout,Invierno,Zona Central,Otoño,crucero,0.525175278595393,0.33611208019881644,69.82279583374732,186.62942982544052,,,
XGB_GLOBAL,7-Day Rollout,Operational,Zona Central,Otoño,crucero,0.525175278595393,0.33611208019881644,69.82279583374732,186.62942982544052,,,
XGB_GLOBAL,7-Day Rollout,Otoño,Zona Central,Otoño,crucero,0.2733185326873219,0.19964053998219675,101.7953372690425,36.34666635290239,,,
XGB_GLOBAL,7-Day Rollout,Primavera,Zona Central,Otoño,crucero,0.5635350674224477,0.3730760125890378,72.91454992245176,98.03514920646305,,,
XGB_GLOBAL,7-Day Rollout,Verano,Zona Central,Otoño,crucero,0.5600361608729941,0.4528010568160209,100.77798140363443,55.79266423246575,,,
XGB_GLOBAL,Day 1,Raw,Zona Central,Otoño,fotovolt_solar_i,1.2927084312904764,1.0964492440010265,165.30980246953214,1608.9513946145696,,,
XGB_GLOBAL,Day 1,Invierno,Zona Central,Otoño,fotovolt_solar_i,1.4974913619548833,1.405745967126374,166.03661263072325,932.029065049281,,,
XGB_GLOBAL,Day 1,Operational,Zona Central,Otoño,fotovolt_solar_i,1.3198167635474443,0.9536975932672552,103.58383039917626,715.4830214583183,,,
XGB_GLOBAL,Day 1,Otoño,Zona Central,Otoño,fotovolt_solar_i,1.3198167635474443,0.9536975932672552,103.58383039917626,715.4830214583183,,,
XGB_GLOBAL,Day 1,Primavera,Zona Central,Otoño,fotovolt_solar_i,0.18640857469960376,0.10559198240662226,46.085868397541184,94.7536748794413,,,
XGB_GLOBAL,Day 1,Verano,Zona Central,Otoño,fotovolt_solar_i,0.46874353236235705,0.25205784927432734,48.765975418472266,197.29330980247374,,,
XGB_GLOBAL,7-Day Rollout,Raw,Zona Central,Otoño,fotovolt_solar_i,1.1389764163199727,0.7412448019101974,105.44578957364112,878.4572264078532,,,
XGB_GLOBAL,7-Day Rollout,Invierno,Zona Central,Otoño,fotovolt_solar_i,2.274128802190987,2.0682332471213143,178.30627460551628,2587.967352998335,,,
XGB_GLOBAL,7-Day Rollout,Operational,Zona Central,Otoño,fotovolt_solar_i,1.0209856775095512,0.6583739749787251,111.25982413634435,722.9712300461484,,,
XGB_GLOBAL,7-Day Rollout,Otoño,Zona Central,Otoño,fotovolt_solar_i,1.0209856775095512,0.6583739749787251,111.25982413634435,722.9712300461484,,,
XGB_GLOBAL,7-Day Rollout,Primavera,Zona Central,Otoño,fotovolt_solar_i,0.18899976193195628,0.10800583030085352,54.40993526342485,125.96254209731772,,,
XGB_GLOBAL,7-Day Rollout,Verano,Zona Central,Otoño,fotovolt_solar_i,0.8478744656664443,0.6396898390764114,105.89702657525513,410.96262363797325,,,
XGB_GLOBAL,Day 1,Raw,Zona Central,Otoño,gr_santa_rosa,1.1899928035389333,0.8307789012969806,116.09623657788799,217.06866209310093,,,
XGB_GLOBAL,Day 1,Invierno,Zona Central,Otoño,gr_santa_rosa,1.4515961612759445,1.0146460430696607,99.1257771844675,76.70924082152627,,,
XGB_GLOBAL,Day 1,Operational,Zona Central,Otoño,gr_santa_rosa,0.9940662636463098,0.688632724398,131.09593836288033,55.865929381345424,,,
XGB_GLOBAL,Day 1,Otoño,Zona Central,Otoño,gr_santa_rosa,0.9940662636463098,0.688632724398,131.09593836288033,55.865929381345424,,,
XGB_GLOBAL,Day 1,Primavera,Zona Central,Otoño,gr_santa_rosa,2.025432011010928,1.3891775230877101,115.97011232941344,122.95934135100151,,,
XGB_GLOBAL,Day 1,Verano,Zona Central,Otoño,gr_santa_rosa,2.335738189495599,1.8512207226206858,88.0872075682493,59.75213081025515,,,
XGB_GLOBAL,7-Day Rollout,Raw,Zona Central,Otoño,gr_santa_rosa,1.4803437145654181,0.9947410473945898,109.59918652893946,89.63426568384608,,,
XGB_GLOBAL,7-Day Rollout,Invierno,Zona Central,Otoño,gr_santa_rosa,1.2978649226073429,0.9144053185974328,105.18608559190898,130.60493269387064,,,
XGB_GLOBAL,7-Day Rollout,Operational,Zona Central,Otoño,gr_santa_rosa,1.4038290063172745,0.8964150142225359,107.35353619658763,113.37600562597785,,,
XGB_GLOBAL,7-Day Rollout,Otoño,Zona Central,Otoño,gr_santa_rosa,1.4038290063172745,0.8964150142225359,107.35353619658763,113.37600562597785,,,
XGB_GLOBAL,7-Day Rollout,Primavera,Zona Central,Otoño,gr_santa_rosa,2.104149518601114,1.4350208204613453,111.3235713686523,96.33257854265368,,,
XGB_GLOBAL,7-Day Rollout,Verano,Zona Central,Otoño,gr_santa_rosa,2.3996126360826695,1.8719254629132116,109.47939492647369,66.7886131130075,,,
XGB_GLOBAL,Day 1,Raw,Zona Central,Primavera,donihue,0.7728787687486856,0.5482364297107173,90.58276446635158,79.8735167980312,,,
XGB_GLOBAL,Day 1,Invierno,Zona Central,Primavera,donihue,0.8029489237259536,0.5395681802959492,92.7626711501207,127.59757788823379,,,
XGB_GLOBAL,Day 1,Otoño,Zona Central,Primavera,donihue,1.6203359876314087,1.095818809621657,125.00730325423442,78.85716734773933,,,
XGB_GLOBAL,Day 1,Primavera,Zona Central,Primavera,donihue,0.7614199449711907,0.5478469841376258,98.02187212325192,78.37483421440305,,,
XGB_GLOBAL,Day 1,Verano,Zona Central,Primavera,donihue,2.0855424804297664,1.7059851734278102,98.67401080415848,59.98744161511941,,,
XGB_GLOBAL,7-Day Rollout,Raw,Zona Central,Primavera,donihue,1.3172928755525355,0.8677779001272505,111.54386131052836,183.55147675544256,,,
XGB_GLOBAL,7-Day Rollout,Invierno,Zona Central,Primavera,donihue,0.9802690842737576,0.6621835966964552,98.13468668583964,102.58165987432746,,,
XGB_GLOBAL,7-Day Rollout,Otoño,Zona Central,Primavera,donihue,1.5735707782684423,1.0833065486776399,105.12622910525988,62.57476772350225,,,
XGB_GLOBAL,7-Day Rollout,Primavera,Zona Central,Primavera,donihue,1.3160510867541837,0.8667558532518645,111.3991686535314,183.21929429338923,,,
XGB_GLOBAL,7-Day Rollout,Verano,Zona Central,Primavera,donihue,2.214093446081298,1.7370065630572007,117.6355351349923,80.32716483082885,,,
XGB_GLOBAL,Day 1,Raw,Zona Central,Primavera,pfv_jose_soler_mallafre,0.19751047310718264,0.0971571661842366,41.40134473412579,124.09309992720803,,,
XGB_GLOBAL,Day 1,Invierno,Zona Central,Primavera,pfv_jose_soler_mallafre,1.7407599443029709,1.4280823369930051,148.39623507001517,835.0364230962551,,,
XGB_GLOBAL,Day 1,Otoño,Zona Central,Primavera,pfv_jose_soler_mallafre,2.1968956120102217,2.1364632319358257,174.07139399181645,992.0595952870384,,,
XGB_GLOBAL,Day 1,Primavera,Zona Central,Primavera,pfv_jose_soler_mallafre,0.1975200586218018,0.09718165884260088,41.485314597545894,124.11822218038846,,,
XGB_GLOBAL,Day 1,Verano,Zona Central,Primavera,pfv_jose_soler_mallafre,0.7537174430273397,0.5582180395722389,135.73381117364514,296.3674392863073,,,
XGB_GLOBAL,7-Day Rollout,Raw,Zona Central,Primavera,pfv_jose_soler_mallafre,0.35442896200487795,0.1902615463082579,52.97358381027908,126.59396364952198,,,
XGB_GLOBAL,7-Day Rollout,Invierno,Zona Central,Primavera,pfv_jose_soler_mallafre,2.327108662202019,2.1948583135808155,168.49589034224957,1397.650510380571,,,
XGB_GLOBAL,7-Day Rollout,Otoño,Zona Central,Primavera,pfv_jose_soler_mallafre,2.119975932710345,2.03651847692734,152.89636005350874,511.4882811016407,,,
XGB_GLOBAL,7-Day Rollout,Primavera,Zona Central,Primavera,pfv_jose_soler_mallafre,0.35441195064297376,0.19017509998229798,52.715425594128064,126.54881352933268,,,
XGB_GLOBAL,7-Day Rollout,Verano,Zona Central,Primavera,pfv_jose_soler_mallafre,1.290240055830354,1.014566803334414,145.12288748577075,465.15856469424676,,,
XGB_GLOBAL,Day 1,Raw,Zona Central,Primavera,pfv_villa_seca,0.6694435816447576,0.4461374442325905,82.02596466479758,67.09333291607061,,,
XGB_GLOBAL,Day 1,Invierno,Zona Central,Primavera,pfv_villa_seca,0.3210963832667131,0.21097617010764225,56.02652067722699,102.0431503573979,,,
XGB_GLOBAL,Day 1,Otoño,Zona Central,Primavera,pfv_villa_seca,0.31013317789995776,0.24036187719320878,85.88697223052479,33.66158078758892,,,
XGB_GLOBAL,Day 1,Primavera,Zona Central,Primavera,pfv_villa_seca,0.7477782786872462,0.4167625268843646,88.05156106101425,105.63710716390477,,,
XGB_GLOBAL,Day 1,Verano,Zona Central,Primavera,pfv_villa_seca,0.792072342827773,0.5791752381871144,100.46595476555072,88.99879418997375,,,
XGB_GLOBAL,7-Day Rollout,Raw,Zona Central,Primavera,pfv_villa_seca,0.5784364819148892,0.4054436599558574,91.58201137056375,58.63508045234575,,,
XGB_GLOBAL,7-Day Rollout,Invierno,Zona Central,Primavera,pfv_villa_seca,0.4770323257406269,0.2982891589609564,68.3290154321164,159.26614148527872,,,
XGB_GLOBAL,7-Day Rollout,Otoño,Zona Central,Primavera,pfv_villa_seca,0.347673811082838,0.2388325333969468,83.97907762186624,40.787897630606324,,,
XGB_GLOBAL,7-Day Rollout,Primavera,Zona Central,Primavera,pfv_villa_seca,0.5574009728510313,0.3865275639497365,90.51764980471268,57.24619319253368,,,
XGB_GLOBAL,7-Day Rollout,Verano,Zona Central,Primavera,pfv_villa_seca,0.6691214474478164,0.4962346144737976,104.86103003091354,78.22088015366766,,,
XGB_GLOBAL,Day 1,Raw,Zona Central,Verano,alto_solar,1.24118957762962,0.8988079229990641,166.66666666666669,0.0,,,
XGB_GLOBAL,Day 1,Invierno,Zona Central,Verano,alto_solar,0.5639113744655356,0.35351701283555786,51.424915370108984,81.60605998270341,,,
XGB_GLOBAL,Day 1,Operational,Zona Central,Verano,alto_solar,0.387858502889877,0.2823167536116671,92.39912861052915,43.14892297298256,,,
XGB_GLOBAL,Day 1,Otoño,Zona Central,Verano,alto_solar,0.45796795881943053,0.3224004118916734,72.59765217392814,52.657828825735905,,,
XGB_GLOBAL,Day 1,Primavera,Zona Central,Verano,alto_solar,0.4542490683593407,0.3054637842881978,66.22861447727352,67.46465591263448,,,
XGB_GLOBAL,Day 1,Verano,Zona Central,Verano,alto_solar,0.387858502889877,0.2823167536116671,92.39912861052915,43.14892297298256,,,
XGB_GLOBAL,7-Day Rollout,Raw,Zona Central,Verano,alto_solar,1.2383681320367381,0.8979977653140113,158.33333333333331,0.0,,,
XGB_GLOBAL,7-Day Rollout,Invierno,Zona Central,Verano,alto_solar,0.5848660261309652,0.3820353375487598,81.63376971234575,200.24088743574927,,,
XGB_GLOBAL,7-Day Rollout,Operational,Zona Central,Verano,alto_solar,0.4776977694140039,0.3256261331345221,82.35373782498924,60.11112148306288,,,
XGB_GLOBAL,7-Day Rollout,Otoño,Zona Central,Verano,alto_solar,0.48952604906577446,0.33593781891977414,82.13117000698492,61.692609005325636,,,
XGB_GLOBAL,7-Day Rollout,Primavera,Zona Central,Verano,alto_solar,0.6810329286771424,0.44149436860624564,80.8737867310841,147.17802971905638,,,
XGB_GLOBAL,7-Day Rollout,Verano,Zona Central,Verano,alto_solar,0.4776977694140039,0.3256261331345221,82.35373782498924,60.11112148306288,,,
XGB_GLOBAL,Day 1,Raw,Zona Central,Verano,chancon,0.4682186948530195,0.28479514674351475,49.52976940736012,51.83847533384187,,,
XGB_GLOBAL,Day 1,Invierno,Zona Central,Verano,chancon,0.3213292225832117,0.2015329966476808,52.23773294533404,68.25942976143699,,,
XGB_GLOBAL,Day 1,Otoño,Zona Central,Verano,chancon,0.18969792358352514,0.13326123939380827,41.95011412458194,24.673367402407212,,,
XGB_GLOBAL,Day 1,Primavera,Zona Central,Verano,chancon,0.45998937971354714,0.305281876353547,86.57979685816102,107.18737064732247,,,
XGB_GLOBAL,Day 1,Verano,Zona Central,Verano,chancon,0.4651351608792918,0.2738553984090686,41.27275600365572,51.499051298263595,,,
XGB_GLOBAL,7-Day Rollout,Raw,Zona Central,Verano,chancon,0.4673699639938782,0.3058734432384621,52.40445582028226,50.90164742566535,,,
XGB_GLOBAL,7-Day Rollout,Invierno,Zona Central,Verano,chancon,0.6147571270039985,0.395897950934449,87.89782599008818,338.25694202573004,,,
XGB_GLOBAL,7-Day Rollout,Otoño,Zona Central,Verano,chancon,0.2820603107139139,0.19323394585615547,56.04237004703347,35.16281617393236,,,
XGB_GLOBAL,7-Day Rollout,Primavera,Zona Central,Verano,chancon,0.7486884166571143,0.4836387761823311,103.55304088796562,217.6048014000928,,,
XGB_GLOBAL,7-Day Rollout,Verano,Zona Central,Verano,chancon,0.4685695644874379,0.3087639789633353,55.97580071892183,51.03217148742114,,,
XGB_GLOBAL,Day 1,Raw,Zona Central,Verano,chimbarongo,0.6870906711718352,0.4339553574100137,83.50113660876323,228.39193165167205,,,
XGB_GLOBAL,Day 1,Invierno,Zona Central,Verano,chimbarongo,0.5892276052151886,0.39187388442466425,97.47850211761181,202.29594023730232,,,
XGB_GLOBAL,Day 1,Otoño,Zona Central,Verano,chimbarongo,0.2466774571343748,0.181818697679167,43.5791843635393,27.191026368791686,,,
XGB_GLOBAL,Day 1,Primavera,Zona Central,Verano,chimbarongo,0.703982730178492,0.5194957065319082,133.75061948565593,375.0605458340773,,,
XGB_GLOBAL,Day 1,Verano,Zona Central,Verano,chimbarongo,0.6913257762643289,0.43902494804933667,73.74495422123931,230.78366937666402,,,
XGB_GLOBAL,7-Day Rollout,Raw,Zona Central,Verano,chimbarongo,0.5394470849936434,0.34852729296619056,59.21714136526995,70.05178894979092,,,
XGB_GLOBAL,7-Day Rollout,Invierno,Zona Central,Verano,chimbarongo,0.7065773972706807,0.4827190803902167,123.63631473757604,675.8109916251806,,,
XGB_GLOBAL,7-Day Rollout,Otoño,Zona Central,Verano,chimbarongo,0.2625448281736653,0.18701786332310566,60.657025390274256,31.033336316019227,,,
XGB_GLOBAL,7-Day Rollout,Primavera,Zona Central,Verano,chimbarongo,0.8056635008983033,0.5516771709123973,125.35969071064142,280.9036864211362,,,
XGB_GLOBAL,7-Day Rollout,Verano,Zona Central,Verano,chimbarongo,0.54070078299784,0.35224017933407076,62.788569936698536,70.25706634959886,,,
XGB_GLOBAL,Day 1,Raw,Zona Central,Verano,don_eugenio,0.35832007247591624,0.2312726889261588,47.325880024986525,41.789001969197535,,,
XGB_GLOBAL,Day 1,Invierno,Zona Central,Verano,don_eugenio,0.3832637248176238,0.23605543879966717,52.9179619371667,65.89656899565307,,,
XGB_GLOBAL,Day 1,Otoño,Zona Central,Verano,don_eugenio,0.42289554161228365,0.2975509510336754,47.57076318252504,40.86513949647982,,,
XGB_GLOBAL,Day 1,Primavera,Zona Central,Verano,don_eugenio,0.6131559204057425,0.39553945263226825,68.97588935622383,122.00239299218329,,,
XGB_GLOBAL,Day 1,Verano,Zona Central,Verano,don_eugenio,0.3546116130989005,0.22053616292153796,39.022520303792874,41.357135158066946,,,
XGB_GLOBAL,7-Day Rollout,Raw,Zona Central,Verano,don_eugenio,0.5701577579875462,0.37203874443918444,55.87141272612621,58.125313533984155,,,
XGB_GLOBAL,7-Day Rollout,Invierno,Zona Central,Verano,don_eugenio,0.5797898589034957,0.3704784181675764,90.20790597857487,262.53832379310273,,,
XGB_GLOBAL,7-Day Rollout,Otoño,Zona Central,Verano,don_eugenio,0.40630337501473773,0.2834635614808143,60.71716004786516,44.70563388920884,,,
XGB_GLOBAL,7-Day Rollout,Primavera,Zona Central,Verano,don_eugenio,0.6609626112491795,0.4248667593393683,70.4072788909662,111.936043400671,,,
XGB_GLOBAL,7-Day Rollout,Verano,Zona Central,Verano,don_eugenio,0.5705661914584665,0.37346007909492923,58.24340335048289,58.16664366429913,,,
XGB_GLOBAL,Day 1,Raw,Zona Central,Verano,el_pilpen,0.7559231695323724,0.4941924842150911,61.961709764983766,66.32615826913627,,,
XGB_GLOBAL,Day 1,Invierno,Zona Central,Verano,el_pilpen,0.41631352202056093,0.24815131458065784,52.428785757645755,70.96824457812572,,,
XGB_GLOBAL,Day 1,Otoño,Zona Central,Verano,el_pilpen,0.4446844968134673,0.2981517397420248,39.81370877804293,44.223822030343804,,,
XGB_GLOBAL,Day 1,Primavera,Zona Central,Verano,el_pilpen,0.5511311737255498,0.34707749456538295,74.8723972833142,90.07885153901927,,,
XGB_GLOBAL,Day 1,Verano,Zona Central,Verano,el_pilpen,0.7608156801312324,0.510609884702717,65.53937465881553,66.56401041502755,,,
XGB_GLOBAL,7-Day Rollout,Raw,Zona Central,Verano,el_pilpen,0.7085026825914919,0.48483921622537723,62.46201007056338,60.16890283574815,,,
XGB_GLOBAL,7-Day Rollout,Invierno,Zona Central,Verano,el_pilpen,0.5758855668391958,0.37961803988820886,87.8300654394103,237.732213546755,,,
XGB_GLOBAL,7-Day Rollout,Otoño,Zona Central,Verano,el_pilpen,0.4796715607443113,0.3355976683110168,65.29173805629719,51.46272048563731,,,
XGB_GLOBAL,7-Day Rollout,Primavera,Zona Central,Verano,el_pilpen,0.6950385290777037,0.4589136398763436,85.52049710153611,124.29478790484818,,,
XGB_GLOBAL,7-Day Rollout,Verano,Zona Central,Verano,el_pilpen,0.708948652850673,0.48704806386080907,65.86100620613927,60.105805532124194,,,
XGB_GLOBAL,Day 1,Raw,Zona Central,Verano,el_roble,1.988136885744363,1.3506850910683472,114.60570421306817,124.17353018027859,,,
XGB_GLOBAL,Day 1,Invierno,Zona Central,Verano,el_roble,1.4852502427029135,0.9667355236597359,102.69519233048385,85.41654276612924,,,
XGB_GLOBAL,Day 1,Otoño,Zona Central,Verano,el_roble,1.7859114629271904,1.2265994449662685,82.35718823062996,62.67297656898314,,,
XGB_GLOBAL,Day 1,Primavera,Zona Central,Verano,el_roble,1.8790950398411017,1.1194445047682773,100.42218867545213,109.51902222268937,,,
XGB_GLOBAL,Day 1,Verano,Zona Central,Verano,el_roble,1.9962717652036455,1.3656871694450576,105.00710518134662,124.3649585691216,,,
XGB_GLOBAL,7-Day Rollout,Raw,Zona Central,Verano,el_roble,2.293273917748193,1.5530293650850322,83.01083587307603,84.77540365360728,,,
XGB_GLOBAL,7-Day Rollout,Invierno,Zona Central,Verano,el_roble,1.265515058975277,0.8455052761582703,116.23146715830761,164.90203072498102,,,
XGB_GLOBAL,7-Day Rollout,Otoño,Zona Central,Verano,el_roble,1.557235915130376,1.097664497087608,91.55683418031542,64.06930659768118,,,
XGB_GLOBAL,7-Day Rollout,Primavera,Zona Central,Verano,el_roble,2.048041302381595,1.331146048296692,107.5858954083361,133.01248605155968,,,
XGB_GLOBAL,7-Day Rollout,Verano,Zona Central,Verano,el_roble,2.29663469320153,1.5633267338600403,83.54769943412201,84.82766371207369,,,
XGB_GLOBAL,Day 1,Raw,Zona Central,Verano,el_sauce,0.7002917826333498,0.41990950237959623,77.54138957159317,126.5224316738027,,,
XGB_GLOBAL,Day 1,Invierno,Zona Central,Verano,el_sauce,0.38614666971478767,0.24563233306010565,98.51664789609129,73.80468331229545,,,
XGB_GLOBAL,Day 1,Otoño,Zona Central,Verano,el_sauce,0.31416704918785404,0.22420754096795767,47.84055155337128,33.47388126699688,,,
XGB_GLOBAL,Day 1,Primavera,Zona Central,Verano,el_sauce,0.6098125205070665,0.4404329807293834,120.9108904769173,131.4238765246898,,,
XGB_GLOBAL,Day 1,Verano,Zona Central,Verano,el_sauce,0.6990827683277102,0.4114674978579084,69.20805623825984,126.30399782426827,,,
XGB_GLOBAL,7-Day Rollout,Raw,Zona Central,Verano,el_sauce,0.5883409494166358,0.3676728020107562,57.39750525900122,67.80691833390425,,,
XGB_GLOBAL,7-Day Rollout,Invierno,Zona Central,Verano,el_sauce,0.6104606308016739,0.3964330463496302,122.02466504965759,300.08306957680384,,,
XGB_GLOBAL,7-Day Rollout,Otoño,Zona Central,Verano,el_sauce,0.39798210089217495,0.26139807873075716,68.7379562968363,47.44996645616036,,,
XGB_GLOBAL,7-Day Rollout,Primavera,Zona Central,Verano,el_sauce,0.7855687155436374,0.5525883772095854,119.91852830529079,182.09610235582468,,,
XGB_GLOBAL,7-Day Rollout,Verano,Zona Central,Verano,el_sauce,0.5888723818384078,0.3693369089957005,60.96313770736172,67.86788935699994,,,
XGB_GLOBAL,Day 1,Raw,Zona Central,Verano,la_acacia,2.697260701408184,1.8699179887771606,158.33333333333331,0.0,,,
XGB_GLOBAL,Day 1,Invierno,Zona Central,Verano,la_acacia,0.9893554720427108,0.739471171375726,117.36857742066309,271.8681848092827,,,
XGB_GLOBAL,Day 1,Operational,Zona Central,Verano,la_acacia,1.1403589681427158,0.9155212808400393,74.85583784361286,40.877527312397305,,,
XGB_GLOBAL,Day 1,Otoño,Zona Central,Verano,la_acacia,0.8113769903124157,0.5901288031794442,63.74988231682717,36.99606799964931,,,
XGB_GLOBAL,Day 1,Primavera,Zona Central,Verano,la_acacia,1.768962764292599,1.223008825344247,124.84412786085738,570.9254796790902,,,
XGB_GLOBAL,Day 1,Verano,Zona Central,Verano,la_acacia,1.1403589681427158,0.9155212808400393,74.85583784361286,40.877527312397305,,,
XGB_GLOBAL,7-Day Rollout,Raw,Zona Central,Verano,la_acacia,2.860418535821577,2.0377447534175146,154.76190476190476,0.0,,,
XGB_GLOBAL,7-Day Rollout,Invierno,Zona Central,Verano,la_acacia,1.6344113428318698,1.4415795130041775,137.96847132399165,365.87676814621005,,,
XGB_GLOBAL,7-Day Rollout,Operational,Zona Central,Verano,la_acacia,1.1883014405349912,0.8864525543051839,78.08098789770477,46.413165337604,,,
XGB_GLOBAL,7-Day Rollout,Otoño,Zona Central,Verano,la_acacia,1.1859278162961844,0.7194132118288724,86.84418648796985,65.92626835679319,,,
XGB_GLOBAL,7-Day Rollout,Primavera,Zona Central,Verano,la_acacia,1.0987176938357681,0.7178534970882451,97.78024410837907,90.2613854651666,,,
XGB_GLOBAL,7-Day Rollout,Verano,Zona Central,Verano,la_acacia,1.1883014405349912,0.8864525543051839,78.08098789770477,46.413165337604,,,
XGB_GLOBAL,Day 1,Raw,Zona Central,Verano,la_blanquina,3.715251716269673,2.6160005415828587,163.5956303240981,43035.42009502535,,,
XGB_GLOBAL,Day 1,Invierno,Zona Central,Verano,la_blanquina,1.0900959681099385,0.7618450175893182,96.26489812147744,66.60636615397408,,,
XGB_GLOBAL,Day 1,Operational,Zona Central,Verano,la_blanquina,0.6994985408006548,0.4634863750155394,61.140790517937916,33.0280153934364,,,
XGB_GLOBAL,Day 1,Otoño,Zona Central,Verano,la_blanquina,0.6994985408006548,0.4634863750155394,61.140790517937916,33.0280153934364,,,
XGB_GLOBAL,Day 1,Primavera,Zona Central,Verano,la_blanquina,1.54528697620109,1.0490024500128736,99.30167272649255,71.70246842261106,,,
XGB_GLOBAL,Day 1,Verano,Zona Central,Verano,la_blanquina,1.691125860475512,1.3886186581415434,79.30422482484846,46.05823149895556,,,
XGB_GLOBAL,7-Day Rollout,Raw,Zona Central,Verano,la_blanquina,2.3048504250259145,1.4044316192261508,114.14395250962379,196.694538506466,,,
XGB_GLOBAL,7-Day Rollout,Invierno,Zona Central,Verano,la_blanquina,1.4727549863292109,1.0015706907983084,121.47251126974399,240.61031085479797,,,
XGB_GLOBAL,7-Day Rollout,Operational,Zona Central,Verano,la_blanquina,2.2532059684681323,1.3837413857133167,108.55751848025284,203.79209978501655,,,
XGB_GLOBAL,7-Day Rollout,Otoño,Zona Central,Verano,la_blanquina,2.2532059684681323,1.3837413857133167,108.55751848025284,203.79209978501655,,,
XGB_GLOBAL,7-Day Rollout,Primavera,Zona Central,Verano,la_blanquina,2.0876981365696974,1.4108983460464515,122.12639172969104,156.2031899340546,,,
XGB_GLOBAL,7-Day Rollout,Verano,Zona Central,Verano,la_blanquina,2.232612927454325,1.6573590253080641,107.98592193015149,78.53428555509649,,,
XGB_GLOBAL,Day 1,Raw,Zona Central,Verano,la_frontera,0.3773286644303221,0.2500817553106269,51.17674669462539,43.51922392606399,,,
XGB_GLOBAL,Day 1,Invierno,Zona Central,Verano,la_frontera,1.1629858833597824,0.668810776231112,87.9304275580933,109.11048504816827,,,
XGB_GLOBAL,Day 1,Otoño,Zona Central,Verano,la_frontera,1.2466577460528323,0.7647023891331628,61.217086160195755,83.63125077889235,,,
XGB_GLOBAL,Day 1,Primavera,Zona Central,Verano,la_frontera,0.951485532577685,0.6082594939119493,100.41782287741981,92.89218270593867,,,
XGB_GLOBAL,Day 1,Verano,Zona Central,Verano,la_frontera,0.38890961459678774,0.2593653728080323,42.89024747679726,45.05994246002036,,,
XGB_GLOBAL,7-Day Rollout,Raw,Zona Central,Verano,la_frontera,0.7568098919496422,0.43171384086779485,55.72119966215442,71.44168864967881,,,
XGB_GLOBAL,7-Day Rollout,Invierno,Zona Central,Verano,la_frontera,0.8454074194256144,0.5212193324791011,110.48002785407114,207.3115284509169,,,
XGB_GLOBAL,7-Day Rollout,Otoño,Zona Central,Verano,la_frontera,1.2038178520712568,0.7417488211632146,71.68713279060559,83.81617063058842,,,
XGB_GLOBAL,7-Day Rollout,Primavera,Zona Central,Verano,la_frontera,1.0540637200030667,0.6648772777833594,101.02192176031481,143.4797293294964,,,
XGB_GLOBAL,7-Day Rollout,Verano,Zona Central,Verano,la_frontera,0.757421546080062,0.43448945373120473,56.210731426787405,71.47584168138572,,,
XGB_GLOBAL,Day 1,Raw,Zona Central,Verano,la_manga_i,0.31272084001239053,0.224507176016535,67.09736966462513,47.8766411994635,,,
XGB_GLOBAL,Day 1,Invierno,Zona Central,Verano,la_manga_i,0.3386159783633222,0.2121131263265852,51.14041324741946,63.540242779407855,,,
XGB_GLOBAL,Day 1,Otoño,Zona Central,Verano,la_manga_i,0.36838653933958243,0.23291728485492058,55.96034210331111,55.267182856421,,,
XGB_GLOBAL,Day 1,Primavera,Zona Central,Verano,la_manga_i,0.48509464867457713,0.31885040278010973,77.00526661072188,88.73124687096168,,,
XGB_GLOBAL,Day 1,Verano,Zona Central,Verano,la_manga_i,0.31870543379742833,0.22386797295863894,69.11162847240874,48.87246095041389,,,
XGB_GLOBAL,7-Day Rollout,Raw,Zona Central,Verano,la_manga_i,0.3878327898635327,0.27004310737987314,74.31121292437258,59.16975048493147,,,
XGB_GLOBAL,7-Day Rollout,Invierno,Zona Central,Verano,la_manga_i,0.5394279356363332,0.338449926097794,82.22597225824258,243.82656383744128,,,
XGB_GLOBAL,7-Day Rollout,Otoño,Zona Central,Verano,la_manga_i,0.3761818787706628,0.25388736056941397,66.72295977262517,59.462961058090805,,,
XGB_GLOBAL,7-Day Rollout,Primavera,Zona Central,Verano,la_manga_i,0.675822625047003,0.4255918432100457,86.69855007888569,181.39457157979595,,,
XGB_GLOBAL,7-Day Rollout,Verano,Zona Central,Verano,la_manga_i,0.3893834029863672,0.273677934905278,79.27005335427906,59.41258145753305,,,
XGB_GLOBAL,Day 1,Raw,Zona Central,Verano,los_libertadores,1.0682953919814928,0.8482800669347247,96.49774978951221,44.19701537470122,,,
XGB_GLOBAL,Day 1,Invierno,Zona Central,Verano,los_libertadores,1.7010099570951778,1.1616161068280537,125.0,0.0,,,
XGB_GLOBAL,Day 1,Operational,Zona Central,Verano,los_libertadores,1.1380493508639944,0.8902715047200521,101.01597180238933,45.12057435938671,,,
XGB_GLOBAL,Day 1,Otoño,Zona Central,Verano,los_libertadores,0.9878651565478676,0.7010275156547626,73.9037876716417,44.28110052723622,,,
XGB_GLOBAL,Day 1,Primavera,Zona Central,Verano,los_libertadores,1.731941763883629,1.1379785384051502,107.9905088202495,98.5729893704001,,,
XGB_GLOBAL,Day 1,Verano,Zona Central,Verano,los_libertadores,1.1380493508639944,0.8902715047200521,101.01597180238933,45.12057435938671,,,
XGB_GLOBAL,7-Day Rollout,Raw,Zona Central,Verano,los_libertadores,1.096259160380197,0.845283244115611,92.36364409017567,44.49213355687978,,,
XGB_GLOBAL,7-Day Rollout,Invierno,Zona Central,Verano,los_libertadores,1.5211758025496593,1.0305169536236327,110.04310619596902,511.3520495219414,,,
XGB_GLOBAL,7-Day Rollout,Operational,Zona Central,Verano,los_libertadores,1.1200654032645723,0.8605719632469118,90.36934923551301,44.731767610841395,,,
XGB_GLOBAL,7-Day Rollout,Otoño,Zona Central,Verano,los_libertadores,0.9446476688994382,0.684329313389645,79.71497012722662,44.66503196293646,,,
XGB_GLOBAL,7-Day Rollout,Primavera,Zona Central,Verano,los_libertadores,1.6244924749370577,1.0988266333716077,105.88910364284483,101.67537395303026,,,
XGB_GLOBAL,7-Day Rollout,Verano,Zona Central,Verano,los_libertadores,1.1200654032645723,0.8605719632469118,90.36934923551301,44.731767610841395,,,
XGB_GLOBAL,Day 1,Raw,Zona Central,Verano,los_patos,1.3133023942909026,1.0033780833085377,183.33333333333331,0.0,,,
XGB_GLOBAL,Day 1,Invierno,Zona Central,Verano,los_patos,0.49544160060346076,0.30479937124376494,66.74924164950431,123.82812706616497,,,
XGB_GLOBAL,Day 1,Operational,Zona Central,Verano,los_patos,0.7660689677260752,0.5593814260015885,66.29191756178966,57.013550115996516,,,
XGB_GLOBAL,Day 1,Otoño,Zona Central,Verano,los_patos,0.4733621886699893,0.34133618893489864,66.55665409173945,44.18326492568339,,,
XGB_GLOBAL,Day 1,Primavera,Zona Central,Verano,los_patos,0.39664889946696763,0.2569265104830265,59.414391886341846,76.48529828211346,,,
XGB_GLOBAL,Day 1,Verano,Zona Central,Verano,los_patos,0.7660689677260752,0.5593814260015885,66.29191756178966,57.013550115996516,,,
XGB_GLOBAL,7-Day Rollout,Raw,Zona Central,Verano,los_patos,1.2732888800159923,0.9444338352907271,177.38095238095238,0.0,,,
XGB_GLOBAL,7-Day Rollout,Invierno,Zona Central,Verano,los_patos,0.682535281221237,0.45333708343830603,96.35748505482722,635.3775521406949,,,
XGB_GLOBAL,7-Day Rollout,Operational,Zona Central,Verano,los_patos,0.6828797378180513,0.4871835791328478,76.22810011888012,54.73805696455969,,,
XGB_GLOBAL,7-Day Rollout,Otoño,Zona Central,Verano,los_patos,0.4838976550993039,0.3440985759206385,72.42641456544638,46.173284123696035,,,
XGB_GLOBAL,7-Day Rollout,Primavera,Zona Central,Verano,los_patos,0.7449490009709726,0.48957512507639056,84.79132151444642,170.41720548440216,,,
XGB_GLOBAL,7-Day Rollout,Verano,Zona Central,Verano,los_patos,0.6828797378180513,0.4871835791328478,76.22810011888012,54.73805696455969,,,
XGB_GLOBAL,Day 1,Raw,Zona Central,Verano,peralillo,0.4083970080894284,0.28050662446097857,76.88085809350206,89.91468805259125,,,
XGB_GLOBAL,Day 1,Invierno,Zona Central,Verano,peralillo,0.3872961429674198,0.2679443977400903,58.005216497372345,77.48972190411078,,,
XGB_GLOBAL,Day 1,Otoño,Zona Central,Verano,peralillo,0.5138096358272067,0.36018454446457326,49.47304835466858,47.37356007224428,,,
XGB_GLOBAL,Day 1,Primavera,Zona Central,Verano,peralillo,0.38708458349923086,0.24222314062838754,55.07577563800251,63.51133877443825,,,
XGB_GLOBAL,Day 1,Verano,Zona Central,Verano,peralillo,0.4040076977712898,0.2683178582656562,68.57186340747846,88.95173347443388,,,
XGB_GLOBAL,7-Day Rollout,Raw,Zona Central,Verano,peralillo,0.5657440431937435,0.3899691326980254,66.46453781669676,57.528176911272254,,,
XGB_GLOBAL,7-Day Rollout,Invierno,Zona Central,Verano,peralillo,0.6262140958318275,0.4243120222019077,93.27079280952339,354.1509058830222,,,
XGB_GLOBAL,7-Day Rollout,Otoño,Zona Central,Verano,peralillo,0.4853257542053243,0.3417439191945873,62.56070792370484,47.92955804350883,,,
XGB_GLOBAL,7-Day Rollout,Primavera,Zona Central,Verano,peralillo,0.7312413507100222,0.48283281139793827,84.07685014396323,158.29732428182734,,,
XGB_GLOBAL,7-Day Rollout,Verano,Zona Central,Verano,peralillo,0.5661309114157136,0.391947408773732,70.02428295867777,57.56693214501824,,,
XGB_GLOBAL,Day 1,Raw,Zona Central,Verano,pfv_marchigue_ii,2.1348137208690567,1.5493510911862056,78.13718455209559,57.3938709318922,,,
XGB_GLOBAL,Day 1,Invierno,Zona Central,Verano,pfv_marchigue_ii,1.6344645462091563,1.0978504593173664,100.26220421423369,80.472355147614,,,
XGB_GLOBAL,Day 1,Otoño,Zona Central,Verano,pfv_marchigue_ii,2.319918161528994,1.6178631797471705,82.54987994422201,63.61544786879928,,,
XGB_GLOBAL,Day 1,Primavera,Zona Central,Verano,pfv_marchigue_ii,2.3828843671449844,1.5494244180930157,107.39593674983279,93.67374252819664,,,
XGB_GLOBAL,Day 1,Verano,Zona Central,Verano,pfv_marchigue_ii,2.1318006332340746,1.5610566288232803,86.4705178854289,57.31286491195794,,,
XGB_GLOBAL,7-Day Rollout,Raw,Zona Central,Verano,pfv_marchigue_ii,2.5910952041618818,1.7998262191346537,106.78846204388994,104.84949473115093,,,
XGB_GLOBAL,7-Day Rollout,Invierno,Zona Central,Verano,pfv_marchigue_ii,1.4801667096569018,0.9967929969453031,114.39381666535593,164.94821479743237,,,
XGB_GLOBAL,7-Day Rollout,Otoño,Zona Central,Verano,pfv_marchigue_ii,2.038124312526426,1.433799614842255,86.12622641597036,61.38432567145534,,,
XGB_GLOBAL,7-Day Rollout,Primavera,Zona Central,Verano,pfv_marchigue_ii,2.258215460316557,1.5171937915238427,117.10784241046863,134.84784859993948,,,
XGB_GLOBAL,7-Day Rollout,Verano,Zona Central,Verano,pfv_marchigue_ii,2.5907638999389633,1.805468074079337,111.55036680579471,104.83608839999046,,,
XGB_GLOBAL,Day 1,Raw,Zona Sur,Invierno,las_codornices,0.9653074702448226,0.5900222229538485,85.72565421452192,144.14602903582895,,,
XGB_GLOBAL,Day 1,Invierno,Zona Sur,Invierno,las_codornices,0.9653052429482787,0.589854137506336,85.72565421452192,144.18188554538557,,,
XGB_GLOBAL,Day 1,Otoño,Zona Sur,Invierno,las_codornices,0.5937179369475959,0.46531686254699406,92.58456958151115,53.3318462591004,,,
XGB_GLOBAL,Day 1,Primavera,Zona Sur,Invierno,las_codornices,0.7001037178675088,0.374219683726551,100.0,187.08361647248012,,,
XGB_GLOBAL,Day 1,Verano,Zona Sur,Invierno,las_codornices,2.0422096576457824,1.4819821841083467,125.0,137.80257816489905,,,
XGB_GLOBAL,7-Day Rollout,Raw,Zona Sur,Invierno,las_codornices,0.9585378133425191,0.5428549135221623,96.77033155445551,172.94832830048014,,,
XGB_GLOBAL,7-Day Rollout,Invierno,Zona Sur,Invierno,las_codornices,0.958537189679743,0.5427923177714027,96.77033155445551,172.96775093958806,,,
XGB_GLOBAL,7-Day Rollout,Otoño,Zona Sur,Invierno,las_codornices,0.573511419554722,0.41121235592332334,81.6085802086797,56.247114571071755,,,
XGB_GLOBAL,7-Day Rollout,Primavera,Zona Sur,Invierno,las_codornices,0.6943572496486307,0.3826116143907094,107.14285714285714,181.4783512921742,,,
XGB_GLOBAL,7-Day Rollout,Verano,Zona Sur,Invierno,las_codornices,1.7677755498259602,1.2082553056145895,129.76190476190476,146.3081139897636,,,
XGB_LOCAL,Day 1,Raw,Norte Chico,Invierno,canesa_solar_i,1.0454892841049042,0.6067583486437798,191.66666666666669,0.0,,,
XGB_LOCAL,Day 1,Invierno,Norte Chico,Invierno,canesa_solar_i,0.18168269554384647,0.10264729624032043,117.96550502674197,43.429810917652965,,,
XGB_LOCAL,Day 1,Operational,Norte Chico,Invierno,canesa_solar_i,0.32858594304765903,0.2002662072579066,114.75845249371615,33.99635669747842,,,
XGB_LOCAL,Day 1,Otoño,Norte Chico,Invierno,canesa_solar_i,0.1228931110397612,0.061876781653457634,86.41734947182516,12.404121411468479,,,
XGB_LOCAL,Day 1,Primavera,Norte Chico,Invierno,canesa_solar_i,0.32858594304765903,0.2002662072579066,114.75845249371615,33.99635669747842,,,
XGB_LOCAL,Day 1,Verano,Norte Chico,Invierno,canesa_solar_i,0.1873440024308189,0.12166879273718223,79.45524375286838,16.121743327698248,,,
XGB_LOCAL,7-Day Rollout,Raw,Norte Chico,Invierno,canesa_solar_i,0.6720581458729002,0.34099592127382666,145.0920453587994,137.3249632478732,,,
XGB_LOCAL,7-Day Rollout,Invierno,Norte Chico,Invierno,canesa_solar_i,0.3742018425493887,0.18697672299493293,121.95812633557712,72.46489419710791,,,
XGB_LOCAL,7-Day Rollout,Operational,Norte Chico,Invierno,canesa_solar_i,0.4390086539088454,0.2543674846366186,115.51979352553057,48.40582848783577,,,
XGB_LOCAL,7-Day Rollout,Otoño,Norte Chico,Invierno,canesa_solar_i,0.16468819735102366,0.07603180940579823,94.23474200967293,16.91900283490148,,,
XGB_LOCAL,7-Day Rollout,Primavera,Norte Chico,Invierno,canesa_solar_i,0.4390086539088454,0.2543674846366186,115.51979352553057,48.40582848783577,,,
XGB_LOCAL,7-Day Rollout,Verano,Norte Chico,Invierno,canesa_solar_i,0.3549986205475743,0.1702748813993475,82.16834300247172,30.374709782823718,,,
XGB_LOCAL,Day 1,Raw,Norte Chico,Invierno,chalinga_solar,0.14879721858333175,0.08673363437022392,118.25386620088112,28.19980001912068,,,
XGB_LOCAL,Day 1,Invierno,Norte Chico,Invierno,chalinga_solar,0.13607541606753748,0.07631549664074555,116.58610162445315,25.589809172787003,,,
XGB_LOCAL,Day 1,Otoño,Norte Chico,Invierno,chalinga_solar,0.07440706617463551,0.04751205081508184,93.14447212094701,11.026275050237306,,,
XGB_LOCAL,Day 1,Primavera,Norte Chico,Invierno,chalinga_solar,0.25884841485104254,0.14982951347095272,109.66849781744696,32.63735367600661,,,
XGB_LOCAL,Day 1,Verano,Norte Chico,Invierno,chalinga_solar,0.15057100031795478,0.08428130743171398,77.42097309152696,13.724092339654298,,,
XGB_LOCAL,7-Day Rollout,Raw,Norte Chico,Invierno,chalinga_solar,0.17148973086511463,0.09944266968176678,117.30028992143016,28.621463602454217,,,
XGB_LOCAL,7-Day Rollout,Invierno,Norte Chico,Invierno,chalinga_solar,0.1723901076278868,0.09986511409252194,118.35152470030982,28.866006333619122,,,
XGB_LOCAL,7-Day Rollout,Otoño,Norte Chico,Invierno,chalinga_solar,0.14715316724762045,0.0666377175952548,99.40208745468982,22.465238107042985,,,
XGB_LOCAL,7-Day Rollout,Primavera,Norte Chico,Invierno,chalinga_solar,0.27261252040493383,0.15137179978442614,110.61210072158177,35.87160387179624,,,
XGB_LOCAL,7-Day Rollout,Verano,Norte Chico,Invierno,chalinga_solar,0.2869311700863108,0.11474628825713548,81.81970263673325,28.041298400897446,,,
XGB_LOCAL,Day 1,Raw,Norte Chico,Invierno,illapel_5x,0.28616864212968246,0.14298490974276015,118.76353506052195,53.52769714974988,,,
XGB_LOCAL,Day 1,Invierno,Norte Chico,Invierno,illapel_5x,0.2862886028183971,0.1456192797437931,119.13971402169456,53.55831757469861,,,
XGB_LOCAL,Day 1,Otoño,Norte Chico,Invierno,illapel_5x,0.051560403748206945,0.02983436024320933,93.76292942673315,7.339162786567906,,,
XGB_LOCAL,Day 1,Primavera,Norte Chico,Invierno,illapel_5x,0.2765975691529158,0.16913104018506905,113.28523168626054,31.004740849665385,,,
XGB_LOCAL,Day 1,Verano,Norte Chico,Invierno,illapel_5x,0.5206702892504982,0.2781094200308492,111.06280234061774,45.9476979772314,,,
XGB_LOCAL,7-Day Rollout,Raw,Norte Chico,Invierno,illapel_5x,0.2116964613045706,0.12194598848833223,116.22885739518192,30.36323631012336,,,
XGB_LOCAL,7-Day Rollout,Invierno,Norte Chico,Invierno,illapel_5x,0.2116942675161676,0.1218655033944309,117.00928500439554,30.366695914086105,,,
XGB_LOCAL,7-Day Rollout,Otoño,Norte Chico,Invierno,illapel_5x,0.25251714334664555,0.11778843600561134,105.42357364844628,40.988627332747214,,,
XGB_LOCAL,7-Day Rollout,Primavera,Norte Chico,Invierno,illapel_5x,0.3939929777551736,0.21572512136128266,115.49786674467065,49.34634832223328,,,
XGB_LOCAL,7-Day Rollout,Verano,Norte Chico,Invierno,illapel_5x,0.7355184305404955,0.37438106943985244,130.3072040308293,84.17685534418861,,,
XGB_LOCAL,Day 1,Raw,Norte Chico,Invierno,norte_chico_i,0.221663313573724,0.10665287336208469,140.005350235624,268.26895976682414,,,
XGB_LOCAL,Day 1,Invierno,Norte Chico,Invierno,norte_chico_i,0.22635185188964313,0.11488100203375022,115.64373842080502,266.11794280424726,,,
XGB_LOCAL,Day 1,Otoño,Norte Chico,Invierno,norte_chico_i,0.06816946785851007,0.04591404566114458,90.38001333480032,9.473339028889999,,,
XGB_LOCAL,Day 1,Primavera,Norte Chico,Invierno,norte_chico_i,0.17677656303565703,0.08867336036579825,95.7249767510515,91.66123756724318,,,
XGB_LOCAL,Day 1,Verano,Norte Chico,Invierno,norte_chico_i,0.12934564034411836,0.08816542649098362,76.25902053356451,15.395196752571644,,,
XGB_LOCAL,7-Day Rollout,Raw,Norte Chico,Invierno,norte_chico_i,0.2500423797864181,0.18084224905383703,90.99511284600071,117.51211771722978,,,
XGB_LOCAL,7-Day Rollout,Invierno,Norte Chico,Invierno,norte_chico_i,0.2606270991196595,0.1971116707871347,84.33422063474323,113.79131088305039,,,
XGB_LOCAL,7-Day Rollout,Otoño,Norte Chico,Invierno,norte_chico_i,0.24752778021520722,0.10154633679286192,102.0452461529653,36.33842327414806,,,
XGB_LOCAL,7-Day Rollout,Primavera,Norte Chico,Invierno,norte_chico_i,0.1405135068173245,0.07474400565764736,81.19295998631486,66.23078490429495,,,
XGB_LOCAL,7-Day Rollout,Verano,Norte Chico,Invierno,norte_chico_i,0.2031140831034425,0.10433956193723827,81.14918784313458,25.282953662844008,,,
XGB_LOCAL,Day 1,Raw,Norte Chico,Invierno,parque_solar_fotovoltaico_maranon,0.10861810846637125,0.06547946622595191,41.00035619525587,28.090273425318035,,,
XGB_LOCAL,Day 1,Invierno,Norte Chico,Invierno,parque_solar_fotovoltaico_maranon,0.10825751764064455,0.06365670170634985,24.71297935106699,27.97033698810415,,,
XGB_LOCAL,Day 1,Otoño,Norte Chico,Invierno,parque_solar_fotovoltaico_maranon,0.9587971976862271,0.38380834423393634,98.12098906458732,36.03060764503301,,,
XGB_LOCAL,Day 1,Primavera,Norte Chico,Invierno,parque_solar_fotovoltaico_maranon,0.09374018887964825,0.04968865251673075,97.76264915849589,21.416045636598405,,,
XGB_LOCAL,Day 1,Verano,Norte Chico,Invierno,parque_solar_fotovoltaico_maranon,0.14279813167597674,0.07653935168248911,86.95718498603159,28.74831325751109,,,
XGB_LOCAL,7-Day Rollout,Raw,Norte Chico,Invierno,parque_solar_fotovoltaico_maranon,0.12839955161596178,0.06750750722160603,47.22548584812305,33.85633926072516,,,
XGB_LOCAL,7-Day Rollout,Invierno,Norte Chico,Invierno,parque_solar_fotovoltaico_maranon,0.12937851814247264,0.07000420139189939,52.789549117089116,34.115207522685104,,,
XGB_LOCAL,7-Day Rollout,Otoño,Norte Chico,Invierno,parque_solar_fotovoltaico_maranon,0.8184552830149211,0.3370224882485326,101.15265734666859,33.058063987133885,,,
XGB_LOCAL,7-Day Rollout,Primavera,Norte Chico,Invierno,parque_solar_fotovoltaico_maranon,0.15361055088708025,0.06325567383014243,99.64421055003648,34.96053220622478,,,
XGB_LOCAL,7-Day Rollout,Verano,Norte Chico,Invierno,parque_solar_fotovoltaico_maranon,0.10900416311420462,0.056712833172198204,77.16682299309493,20.923644747111254,,,
XGB_LOCAL,Day 1,Raw,Norte Chico,Invierno,pfv_malgarida,74.73517480496696,38.73770332336426,158.33333333333331,0.0,,,
XGB_LOCAL,Day 1,Invierno,Norte Chico,Invierno,pfv_malgarida,7.341307551564888,4.903976920992136,107.7231865281461,12.32012800297201,,,
XGB_LOCAL,Day 1,Operational,Norte Chico,Invierno,pfv_malgarida,7.341307551564888,4.903976920992136,107.7231865281461,12.32012800297201,,,
XGB_LOCAL,Day 1,Otoño,Norte Chico,Invierno,pfv_malgarida,9.880697662711343,5.163698548295845,87.76175265170343,12.030009164647463,,,
XGB_LOCAL,Day 1,Primavera,Norte Chico,Invierno,pfv_malgarida,15.144020243321588,7.702910563598077,85.89326772293265,20.064727584637676,,,
XGB_LOCAL,Day 1,Verano,Norte Chico,Invierno,pfv_malgarida,14.069856689368745,8.371624798203507,88.48019649863373,15.59980798374066,,,
XGB_LOCAL,7-Day Rollout,Raw,Norte Chico,Invierno,pfv_malgarida,49.80364496196752,20.792767673553456,122.61008715251846,124.5402461680897,,,
XGB_LOCAL,7-Day Rollout,Invierno,Norte Chico,Invierno,pfv_malgarida,18.12651889876223,7.981530388018915,103.65245539854699,28.84152206292412,,,
XGB_LOCAL,7-Day Rollout,Operational,Norte Chico,Invierno,pfv_malgarida,18.12651889876223,7.981530388018915,103.65245539854699,28.84152206292412,,,
XGB_LOCAL,7-Day Rollout,Otoño,Norte Chico,Invierno,pfv_malgarida,12.730234523857051,8.030689120070921,97.37927042117992,15.66337946816104,,,
XGB_LOCAL,7-Day Rollout,Primavera,Norte Chico,Invierno,pfv_malgarida,18.716992855563884,7.962647146944489,89.42697364869939,24.25198993543985,,,
XGB_LOCAL,7-Day Rollout,Verano,Norte Chico,Invierno,pfv_malgarida,14.66860760594894,7.59492397652052,86.45685830377361,15.875944898709946,,,
XGB_LOCAL,Day 1,Raw,Norte Chico,Otoño,cachiyuyo_solar_2,0.754122179026776,0.39216713313483825,89.86632436462996,32.33552413260842,,,
XGB_LOCAL,Day 1,Invierno,Norte Chico,Otoño,cachiyuyo_solar_2,0.6528917013111706,0.35617338959127665,107.90349346015331,34.078073427067025,,,
XGB_LOCAL,Day 1,Otoño,Norte Chico,Otoño,cachiyuyo_solar_2,0.7541352953875955,0.3936237872658239,105.94944845622027,32.33491575382919,,,
XGB_LOCAL,Day 1,Primavera,Norte Chico,Otoño,cachiyuyo_solar_2,1.6187292611628448,0.856479905982269,126.08275693050233,68.65882249891878,,,
XGB_LOCAL,Day 1,Verano,Norte Chico,Otoño,cachiyuyo_solar_2,0.1987661153589883,0.14161972069026282,73.41104489684484,4.706051227125671,,,
XGB_LOCAL,7-Day Rollout,Raw,Norte Chico,Otoño,cachiyuyo_solar_2,1.3133831427608356,0.520906614842499,112.37350908288694,69.33593915897883,,,
XGB_LOCAL,7-Day Rollout,Invierno,Norte Chico,Otoño,cachiyuyo_solar_2,1.8648906545200816,0.8613421583681234,137.75040975198078,142.90350630392788,,,
XGB_LOCAL,7-Day Rollout,Otoño,Norte Chico,Otoño,cachiyuyo_solar_2,1.3133797921431651,0.5207761094880836,112.14911255442313,69.33465720041568,,,
XGB_LOCAL,7-Day Rollout,Primavera,Norte Chico,Otoño,cachiyuyo_solar_2,2.6122362439803486,1.2966634322171255,139.0642252329777,120.20077510599285,,,
XGB_LOCAL,7-Day Rollout,Verano,Norte Chico,Otoño,cachiyuyo_solar_2,0.7345206654121715,0.2135708067410936,76.22256376022786,17.55349283436935,,,
XGB_LOCAL,Day 1,Raw,Norte Chico,Verano,amparo_del_sol,0.516720125081572,0.2093665560920878,86.04100536281688,49.31534045415474,,,
XGB_LOCAL,Day 1,Invierno,Norte Chico,Verano,amparo_del_sol,0.41752483014731534,0.22647863215145966,126.52072516938124,75.59738489447996,,,
XGB_LOCAL,Day 1,Otoño,Norte Chico,Verano,amparo_del_sol,0.363694501060012,0.2163619107256333,101.9869740369329,50.42035771840847,,,
XGB_LOCAL,Day 1,Primavera,Norte Chico,Verano,amparo_del_sol,0.30540862568901855,0.1953651714914789,117.60503444876072,39.56865323091387,,,
XGB_LOCAL,Day 1,Verano,Norte Chico,Verano,amparo_del_sol,0.516704865800948,0.20842699055477473,69.1822503016632,49.314384277450905,,,
XGB_LOCAL,7-Day Rollout,Raw,Norte Chico,Verano,amparo_del_sol,0.39102865911140333,0.18067482091500356,88.17766139975673,36.309375527089855,,,
XGB_LOCAL,7-Day Rollout,Invierno,Norte Chico,Verano,amparo_del_sol,0.42482099459701284,0.21770053831555525,144.22997040391655,151.17483409488395,,,
XGB_LOCAL,7-Day Rollout,Otoño,Norte Chico,Verano,amparo_del_sol,0.42989873588505473,0.22094018207851226,108.06622716966672,53.45389421429402,,,
XGB_LOCAL,7-Day Rollout,Primavera,Norte Chico,Verano,amparo_del_sol,0.607129271222295,0.33392694072920276,142.44490484597765,113.55911046277494,,,
XGB_LOCAL,7-Day Rollout,Verano,Norte Chico,Verano,amparo_del_sol,0.39102858992395434,0.18070580533702968,89.43574416359074,36.30949254772201,,,
XGB_LOCAL,Day 1,Raw,Norte Chico,Verano,luna_del_norte,0.21425556743727042,0.074106303586935,82.47221035192418,25.765960008020055,,,
XGB_LOCAL,Day 1,Invierno,Norte Chico,Verano,luna_del_norte,0.33878084941067027,0.17022524039324102,119.32238093781109,52.93864517337935,,,
XGB_LOCAL,Day 1,Otoño,Norte Chico,Verano,luna_del_norte,0.02961722679659283,0.019763162747646373,91.17102985222759,3.4441867841626728,,,
XGB_LOCAL,Day 1,Primavera,Norte Chico,Verano,luna_del_norte,0.2774756201045177,0.17369624551186766,125.35520460282407,35.80834882755963,,,
XGB_LOCAL,Day 1,Verano,Norte Chico,Verano,luna_del_norte,0.21378661517428982,0.07098859703789155,61.05145227272596,25.7134541342376,,,
XGB_LOCAL,7-Day Rollout,Raw,Norte Chico,Verano,luna_del_norte,0.1576081784353969,0.051200277859433777,83.00513361672179,19.14709756886165,,,
XGB_LOCAL,7-Day Rollout,Invierno,Norte Chico,Verano,luna_del_norte,0.5750826969489199,0.2577338350874059,143.71568429556118,164.88677676844068,,,
XGB_LOCAL,7-Day Rollout,Otoño,Norte Chico,Verano,luna_del_norte,0.0701400333300444,0.03434265387919379,96.31451393847887,8.268157198583856,,,
XGB_LOCAL,7-Day Rollout,Primavera,Norte Chico,Verano,luna_del_norte,0.7505426400262313,0.36627384912707617,146.99744706428822,144.31908739488625,,,
XGB_LOCAL,7-Day Rollout,Verano,Norte Chico,Verano,luna_del_norte,0.15753417219097812,0.051006837792339776,84.06976613780382,19.139376523332714,,,
XGB_LOCAL,Day 1,Raw,Norte Grande,Invierno,pfv_andes_solar_ii,13.158171127727302,8.032012140688797,174.93535790690598,44478.323949295955,,,
XGB_LOCAL,Day 1,Invierno,Norte Grande,Invierno,pfv_andes_solar_ii,13.160145651953895,8.058383845724165,183.26869124023932,23529.33571113528,,,
XGB_LOCAL,Day 1,Otoño,Norte Grande,Invierno,pfv_andes_solar_ii,6.329880978139514,3.360645640796671,107.57790265628222,45.73475848057767,,,
XGB_LOCAL,Day 1,Primavera,Norte Grande,Invierno,pfv_andes_solar_ii,2.215582488891699,1.5599120330686371,97.43642222522094,16.23484247926351,,,
XGB_LOCAL,Day 1,Verano,Norte Grande,Invierno,pfv_andes_solar_ii,9.948456609044632,5.916565360811849,93.99325338113869,36.729937341813795,,,
XGB_LOCAL,7-Day Rollout,Raw,Norte Grande,Invierno,pfv_andes_solar_ii,6.017605125198899,2.6083768337876316,95.57504046562306,74.04287437643433,,,
XGB_LOCAL,7-Day Rollout,Invierno,Norte Grande,Invierno,pfv_andes_solar_ii,6.017378125055001,2.603907296123604,88.47025243637044,74.00560775525247,,,
XGB_LOCAL,7-Day Rollout,Otoño,Norte Grande,Invierno,pfv_andes_solar_ii,8.961786494678678,4.913942260024625,105.83204958951538,48.57775693016126,,,
XGB_LOCAL,7-Day Rollout,Primavera,Norte Grande,Invierno,pfv_andes_solar_ii,6.04168318438626,3.080902990042454,103.42014316517474,41.714728489566546,,,
XGB_LOCAL,7-Day Rollout,Verano,Norte Grande,Invierno,pfv_andes_solar_ii,7.334847724582553,4.183305822335006,80.44161052508898,28.374456749072852,,,
XGB_LOCAL,Day 1,Raw,Norte Grande,Otoño,andes_solar,1.188688947801386,0.7671420431385437,101.72568372429454,17.756257445783756,,,
XGB_LOCAL,Day 1,Invierno,Norte Grande,Otoño,andes_solar,2.188796956865715,1.3251248200734456,121.72972950113777,44.114147807176884,,,
XGB_LOCAL,Day 1,Otoño,Norte Grande,Otoño,andes_solar,1.1889093296513176,0.7711615456889073,103.84418078765619,17.76256758657074,,,
XGB_LOCAL,Day 1,Primavera,Norte Grande,Otoño,andes_solar,0.5743035436325448,0.2643521875143051,93.32331407207386,6.6451090276212,,,
XGB_LOCAL,Day 1,Verano,Norte Grande,Otoño,andes_solar,0.9052918020884013,0.6371674165129662,84.32255961842979,9.56252067851304,,,
XGB_LOCAL,7-Day Rollout,Raw,Norte Grande,Otoño,andes_solar,2.238670673746234,1.1703549265262805,102.3061896308618,40.477149720241954,,,
XGB_LOCAL,7-Day Rollout,Invierno,Norte Grande,Otoño,andes_solar,1.7668191496106307,0.8877477308823949,121.62904707896445,41.67611363084999,,,
XGB_LOCAL,7-Day Rollout,Otoño,Norte Grande,Otoño,andes_solar,2.2386763234908607,1.1706820126911182,102.41037233520431,40.47990505577003,,,
XGB_LOCAL,7-Day Rollout,Primavera,Norte Grande,Otoño,andes_solar,0.5293583264856584,0.29300104755730855,94.5959176740937,5.987410066020872,,,
XGB_LOCAL,7-Day Rollout,Verano,Norte Grande,Otoño,andes_solar,6.2299601236477775,3.094283742630588,126.65567654410903,107.21285226952948,,,
XGB_LOCAL,Day 1,Raw,Norte Grande,Otoño,fv_bolero,8.3724375496812,4.991243779659271,189.9857693304215,11614.942537573386,,,
XGB_LOCAL,Day 1,Invierno,Norte Grande,Otoño,fv_bolero,11.935382657753461,6.223345994949341,200.0,0.0,,,
XGB_LOCAL,Day 1,Operational,Norte Grande,Otoño,fv_bolero,13.464072521987365,6.413489882523815,112.56273345301129,85.74021918540691,,,
XGB_LOCAL,Day 1,Otoño,Norte Grande,Otoño,fv_bolero,13.464072521987365,6.413489882523815,112.56273345301129,85.74021918540691,,,
XGB_LOCAL,Day 1,Primavera,Norte Grande,Otoño,fv_bolero,11.065642614036946,7.56115182240804,99.93224185406979,22.86466953540328,,,
XGB_LOCAL,Day 1,Verano,Norte Grande,Otoño,fv_bolero,3.421219797614253,2.501722551494216,92.60506738394216,7.82760939378358,,,
XGB_LOCAL,7-Day Rollout,Raw,Norte Grande,Otoño,fv_bolero,10.665867219138638,5.516338385020693,135.11749843809164,154.24380351701103,,,
XGB_LOCAL,7-Day Rollout,Invierno,Norte Grande,Otoño,fv_bolero,11.240276122060843,6.009376435052781,200.0,0.0,,,
XGB_LOCAL,7-Day Rollout,Operational,Norte Grande,Otoño,fv_bolero,17.387675040858895,8.418858060635449,127.74524647143728,112.86684535492107,,,
XGB_LOCAL,7-Day Rollout,Otoño,Norte Grande,Otoño,fv_bolero,17.387675040858895,8.418858060635449,127.74524647143728,112.86684535492107,,,
XGB_LOCAL,7-Day Rollout,Primavera,Norte Grande,Otoño,fv_bolero,17.684545737543306,10.358134919688816,105.23535059286533,40.94925650444886,,,
XGB_LOCAL,7-Day Rollout,Verano,Norte Grande,Otoño,fv_bolero,5.775212749375758,3.7692853358042027,93.88316098811545,13.769103415007605,,,
XGB_LOCAL,Day 1,Raw,Norte Grande,Otoño,parque_solar_pampa_camarones,0.9424159266605393,0.550596403889358,168.28453740961103,685.3933878996114,,,
XGB_LOCAL,Day 1,Invierno,Norte Grande,Otoño,parque_solar_pampa_camarones,0.4222845101265034,0.25540757885513204,111.91879884324048,25.664290645409864,,,
XGB_LOCAL,Day 1,Operational,Norte Grande,Otoño,parque_solar_pampa_camarones,0.558303969449984,0.29700110813913244,127.26901034327707,48.6539405331458,,,
XGB_LOCAL,Day 1,Otoño,Norte Grande,Otoño,parque_solar_pampa_camarones,0.558303969449984,0.29700110813913244,127.26901034327707,48.6539405331458,,,
XGB_LOCAL,Day 1,Primavera,Norte Grande,Otoño,parque_solar_pampa_camarones,0.4056875305095576,0.1823602852722009,97.90740434522077,16.20050050048047,,,
XGB_LOCAL,Day 1,Verano,Norte Grande,Otoño,parque_solar_pampa_camarones,0.6922357904495395,0.4142211199893306,99.43190226221094,27.93620140717311,,,
XGB_LOCAL,7-Day Rollout,Raw,Norte Grande,Otoño,parque_solar_pampa_camarones,0.7128519807047319,0.3837090455150853,148.8603356937985,118.45611516983121,,,
XGB_LOCAL,7-Day Rollout,Invierno,Norte Grande,Otoño,parque_solar_pampa_camarones,0.4242070670518741,0.2385073782366124,109.59769898325627,25.84658431401824,,,
XGB_LOCAL,7-Day Rollout,Operational,Norte Grande,Otoño,parque_solar_pampa_camarones,0.5396933850029914,0.2925797643339528,125.87941097751776,42.3387756969989,,,
XGB_LOCAL,7-Day Rollout,Otoño,Norte Grande,Otoño,parque_solar_pampa_camarones,0.5396933850029914,0.2925797643339528,125.87941097751776,42.3387756969989,,,
XGB_LOCAL,7-Day Rollout,Primavera,Norte Grande,Otoño,parque_solar_pampa_camarones,0.4182709070325055,0.23495957721024752,99.23506689560556,17.09346191550275,,,
XGB_LOCAL,7-Day Rollout,Verano,Norte Grande,Otoño,parque_solar_pampa_camarones,0.3993190066765264,0.23837750597989985,92.65234159318518,16.325309204734452,,,
XGB_LOCAL,Day 1,Raw,Norte Grande,Verano,conejo_solar,11.972952789041411,6.71016064286232,94.95497419247924,31.27117916438013,,,
XGB_LOCAL,Day 1,Invierno,Norte Grande,Verano,conejo_solar,3.8246365476797473,2.263458326458931,96.56032092523125,15.542038133206676,,,
XGB_LOCAL,Day 1,Otoño,Norte Grande,Verano,conejo_solar,8.792274280197338,4.860651922101776,100.19349293323604,21.66029385383808,,,
XGB_LOCAL,Day 1,Primavera,Norte Grande,Verano,conejo_solar,27.159006135113557,17.03524217195809,139.57730985322607,161.18104633734075,,,
XGB_LOCAL,Day 1,Verano,Norte Grande,Verano,conejo_solar,11.972868110898306,6.706415961186091,94.95497419247924,31.270958000442462,,,
XGB_LOCAL,7-Day Rollout,Raw,Norte Grande,Verano,conejo_solar,8.103226466662866,4.593841095765431,91.18279956329263,18.98928786109016,,,
XGB_LOCAL,7-Day Rollout,Invierno,Norte Grande,Verano,conejo_solar,8.484573091810224,3.9637081779184795,108.47094038971694,41.4338782742928,,,
XGB_LOCAL,7-Day Rollout,Otoño,Norte Grande,Verano,conejo_solar,5.685576984231624,3.4164100441904295,100.36026023454082,14.101882854924225,,,
XGB_LOCAL,7-Day Rollout,Primavera,Norte Grande,Verano,conejo_solar,11.462688123231427,4.79787173787398,104.49528988293915,35.375417025867876,,,
XGB_LOCAL,7-Day Rollout,Verano,Norte Grande,Verano,conejo_solar,8.103205799371683,4.593221707003457,91.18279956329263,18.989239428883163,,,
XGB_LOCAL,Day 1,Raw,Norte Grande,Verano,lalackama,4.254600881781121,2.48706778883934,88.94520855972706,18.73413820353485,,,
XGB_LOCAL,Day 1,Invierno,Norte Grande,Verano,lalackama,1.5405788475347508,0.9959540764490763,96.1232827605658,11.434281413931997,,,
XGB_LOCAL,Day 1,Otoño,Norte Grande,Verano,lalackama,2.1669385865535613,1.3913716127475102,97.21617949627274,10.640503737133923,,,
XGB_LOCAL,Day 1,Primavera,Norte Grande,Verano,lalackama,14.308540211672097,9.41420290704506,142.78309616997907,179.16469229805452,,,
XGB_LOCAL,Day 1,Verano,Norte Grande,Verano,lalackama,4.254591811512173,2.486719697713852,88.94520855972706,18.734098264730545,,,
XGB_LOCAL,7-Day Rollout,Raw,Norte Grande,Verano,lalackama,3.145529691971288,1.8855738639831543,88.28332377397443,13.961442819755346,,,
XGB_LOCAL,7-Day Rollout,Invierno,Norte Grande,Verano,lalackama,3.8328157160689864,1.936811282166413,108.98301824939334,33.20885405182414,,,
XGB_LOCAL,7-Day Rollout,Otoño,Norte Grande,Verano,lalackama,1.9640010889233877,1.2958292620744378,99.22568262763957,9.668163423458672,,,
XGB_LOCAL,7-Day Rollout,Primavera,Norte Grande,Verano,lalackama,6.336604201208414,2.8178325228481773,105.66613004825984,39.065463764236625,,,
XGB_LOCAL,7-Day Rollout,Verano,Norte Grande,Verano,lalackama,3.145529691971288,1.8855738639831543,88.28332377397443,13.961442819755346,,,
XGB_LOCAL,Day 1,Raw,Norte Grande,Verano,lalackama_2,1.373071636499224,0.8560650671521822,90.32637708710745,19.463539851114536,,,
XGB_LOCAL,Day 1,Invierno,Norte Grande,Verano,lalackama_2,0.5074965615741094,0.33131309847037,97.01981284827413,12.424683796559714,,,
XGB_LOCAL,Day 1,Otoño,Norte Grande,Verano,lalackama_2,0.7001894920366852,0.439389346477886,97.062437613515,11.15099393004728,,,
XGB_LOCAL,Day 1,Primavera,Norte Grande,Verano,lalackama_2,4.548320808446699,3.0342928587148585,145.04471663243706,213.16090691881882,,,
XGB_LOCAL,Day 1,Verano,Norte Grande,Verano,lalackama_2,1.3730501518065739,0.8552428012092909,90.32637708710745,19.46323530169376,,,
XGB_LOCAL,7-Day Rollout,Raw,Norte Grande,Verano,lalackama_2,1.024472864693404,0.628026166309913,88.74781236697496,14.685025910113755,,,
XGB_LOCAL,7-Day Rollout,Invierno,Norte Grande,Verano,lalackama_2,1.1176104700163085,0.5761283410801774,108.82844391435147,31.951833591814044,,,
XGB_LOCAL,7-Day Rollout,Otoño,Norte Grande,Verano,lalackama_2,0.6768864512387913,0.4259371084959379,100.42338599511069,10.863809297721575,,,
XGB_LOCAL,7-Day Rollout,Primavera,Norte Grande,Verano,lalackama_2,2.0558000227709874,0.9492720442580148,106.73565040623534,42.847764383011736,,,
XGB_LOCAL,7-Day Rollout,Verano,Norte Grande,Verano,lalackama_2,1.0244699189218136,0.6279485752539975,88.74781236697496,14.684983684757066,,,
XGB_LOCAL,Day 1,Raw,Norte Grande,Verano,pampa_solar_norte,7.141814032314565,4.525393515825272,94.62218517898773,24.057987322737926,,,
XGB_LOCAL,Day 1,Invierno,Norte Grande,Verano,pampa_solar_norte,2.55059984736433,1.512342760960261,96.03793191151037,14.646344345036866,,,
XGB_LOCAL,Day 1,Otoño,Norte Grande,Verano,pampa_solar_norte,3.0335682934501027,1.7581023852496098,99.39329686641406,10.777239312190114,,,
XGB_LOCAL,Day 1,Primavera,Norte Grande,Verano,pampa_solar_norte,21.569600368905032,13.347620881473025,149.52914217170968,246.5566849066542,,,
XGB_LOCAL,Day 1,Verano,Norte Grande,Verano,pampa_solar_norte,7.141977825040563,4.532672435045242,94.62218517898773,24.058539076579144,,,
XGB_LOCAL,7-Day Rollout,Raw,Norte Grande,Verano,pampa_solar_norte,4.664852702011868,2.8239908707993373,90.25772639677498,15.376281741236356,,,
XGB_LOCAL,7-Day Rollout,Invierno,Norte Grande,Verano,pampa_solar_norte,6.2770742065191625,2.9862690967108523,109.68130980162823,43.44890879662687,,,
XGB_LOCAL,7-Day Rollout,Otoño,Norte Grande,Verano,pampa_solar_norte,2.1019450791315366,1.3121832132539046,100.71017623594645,7.587776544315794,,,
XGB_LOCAL,7-Day Rollout,Primavera,Norte Grande,Verano,pampa_solar_norte,10.014050479672118,4.237497350167749,109.7982568396153,47.27099361351676,,,
XGB_LOCAL,7-Day Rollout,Verano,Norte Grande,Verano,pampa_solar_norte,4.66483950169919,2.823554360440799,90.25772639677501,15.376238230381936,,,
XGB_LOCAL,Day 1,Raw,Norte Grande,Verano,parque_solar_finis_terrae,10.931068714617847,7.301151071364681,181.9382831558513,1337.133786380328,,,
XGB_LOCAL,Day 1,Invierno,Norte Grande,Verano,parque_solar_finis_terrae,3.6505750440567892,2.242972175280253,112.41692488898423,11.827076520949294,,,
XGB_LOCAL,Day 1,Operational,Norte Grande,Verano,parque_solar_finis_terrae,14.006214808766117,9.16414920737346,133.89289274507854,238.3191473737447,,,
XGB_LOCAL,Day 1,Otoño,Norte Grande,Verano,parque_solar_finis_terrae,9.392789339109683,5.45096630230546,105.98732601876388,49.99576278481207,,,
XGB_LOCAL,Day 1,Primavera,Norte Grande,Verano,parque_solar_finis_terrae,17.116504693657614,11.286895652612051,114.63441299462522,45.76248609213359,,,
XGB_LOCAL,Day 1,Verano,Norte Grande,Verano,parque_solar_finis_terrae,14.006214808766117,9.16414920737346,133.89289274507854,238.3191473737447,,,
XGB_LOCAL,7-Day Rollout,Raw,Norte Grande,Verano,parque_solar_finis_terrae,10.01848380242715,6.197260392596945,157.1625304676177,663.1359190190252,,,
XGB_LOCAL,7-Day Rollout,Invierno,Norte Grande,Verano,parque_solar_finis_terrae,10.436576633744599,5.154712128929705,117.55067316044014,40.742678439620036,,,
XGB_LOCAL,7-Day Rollout,Operational,Norte Grande,Verano,parque_solar_finis_terrae,13.454261134499715,8.581556716667754,126.58564409424345,194.30039101839319,,,
XGB_LOCAL,7-Day Rollout,Otoño,Norte Grande,Verano,parque_solar_finis_terrae,6.775715892770887,4.106577758682848,106.9308230299477,33.9082057230434,,,
XGB_LOCAL,7-Day Rollout,Primavera,Norte Grande,Verano,parque_solar_finis_terrae,15.887823842391752,8.96220772606986,106.00475728523986,45.10352445275577,,,
XGB_LOCAL,7-Day Rollout,Verano,Norte Grande,Verano,parque_solar_finis_terrae,13.454261134499715,8.581556716667754,126.58564409424345,194.30039101839319,,,
XGB_LOCAL,Day 1,Raw,Zona Central,Invierno,altos_de_til_til,0.2199961329404333,0.10061281779780984,131.44943534611443,74.25388157509501,,,
XGB_LOCAL,Day 1,Invierno,Zona Central,Invierno,altos_de_til_til,0.21999526757440205,0.10053927560026447,131.44943534611443,74.25358949365727,,,
XGB_LOCAL,Day 1,Otoño,Zona Central,Invierno,altos_de_til_til,0.05663277127518522,0.03438615610836374,119.13786262634008,10.790616878794825,,,
XGB_LOCAL,Day 1,Primavera,Zona Central,Invierno,altos_de_til_til,0.41917914771899895,0.24247344055523476,134.9692197990403,74.10388379263193,,,
XGB_LOCAL,Day 1,Verano,Zona Central,Invierno,altos_de_til_til,0.09074116444392197,0.056566208600997925,110.3689341421289,13.959968383886132,,,
XGB_LOCAL,7-Day Rollout,Raw,Zona Central,Invierno,altos_de_til_til,0.3928681724958161,0.2211696705853683,133.97393616201293,156.85529950596487,,,
XGB_LOCAL,7-Day Rollout,Invierno,Zona Central,Invierno,altos_de_til_til,0.4124877295610204,0.24401458901238152,128.03822774027677,135.8779398244869,,,
XGB_LOCAL,7-Day Rollout,Otoño,Zona Central,Invierno,altos_de_til_til,0.08799634046996181,0.04477530722042069,116.77551101212475,17.946922177348725,,,
XGB_LOCAL,7-Day Rollout,Primavera,Zona Central,Invierno,altos_de_til_til,0.2951168703138492,0.15665836414943138,127.04998675188435,54.289712218887985,,,
XGB_LOCAL,7-Day Rollout,Verano,Zona Central,Invierno,altos_de_til_til,0.1769083233879651,0.07759787284469764,114.57852933144667,31.145440746064416,,,
XGB_LOCAL,Day 1,Raw,Zona Central,Invierno,las_perdices,0.34806467624114595,0.20549888651779233,135.21317332070825,91.1572652852168,,,
XGB_LOCAL,Day 1,Invierno,Zona Central,Invierno,las_perdices,0.2175759283833041,0.12204620754346251,125.16808586565682,62.5049606791686,,,
XGB_LOCAL,Day 1,Operational,Zona Central,Invierno,las_perdices,0.294716811801162,0.17305888091990104,130.7049533861598,70.54014260240015,,,
XGB_LOCAL,Day 1,Otoño,Zona Central,Invierno,las_perdices,0.16048597733637412,0.08936957544453132,99.3339908367871,17.696511387509446,,,
XGB_LOCAL,Day 1,Primavera,Zona Central,Invierno,las_perdices,0.294716811801162,0.17305888091990104,130.7049533861598,70.54014260240015,,,
XGB_LOCAL,Day 1,Verano,Zona Central,Invierno,las_perdices,0.18183875136230307,0.1256988663226366,82.78629706248881,15.1350500903093,,,
XGB_LOCAL,7-Day Rollout,Raw,Zona Central,Invierno,las_perdices,0.37477232587613235,0.21223449978099648,134.85987050130976,119.32540448236533,,,
XGB_LOCAL,7-Day Rollout,Invierno,Zona Central,Invierno,las_perdices,0.29718475433120467,0.15577634980018912,133.99599619186455,104.21422110472265,,,
XGB_LOCAL,7-Day Rollout,Operational,Zona Central,Invierno,las_perdices,0.47896078916351637,0.27652068560836424,130.66428385652463,91.65838291611462,,,
XGB_LOCAL,7-Day Rollout,Otoño,Zona Central,Invierno,las_perdices,0.5305441195076064,0.24202085898754636,113.07408473300154,74.26441497236776,,,
XGB_LOCAL,7-Day Rollout,Primavera,Zona Central,Invierno,las_perdices,0.47896078916351637,0.27652068560836424,130.66428385652463,91.65838291611462,,,
XGB_LOCAL,7-Day Rollout,Verano,Zona Central,Invierno,las_perdices,0.40501194477805785,0.22021832597342186,94.73283083652085,39.06194840805019,,,
XGB_LOCAL,Day 1,Raw,Zona Central,Invierno,laurel,0.5370792814229896,0.29825302632525563,126.43843197098519,41.419551867505874,,,
XGB_LOCAL,Day 1,Invierno,Zona Central,Invierno,laurel,0.537058415079077,0.29788492070899036,126.05068727268811,41.41831733091132,,,
XGB_LOCAL,Day 1,Otoño,Zona Central,Invierno,laurel,0.404642370393232,0.2294080954278949,107.71945264248586,19.22113602640218,,,
XGB_LOCAL,Day 1,Primavera,Zona Central,Invierno,laurel,0.9111274136705002,0.5748214602936059,131.5515408125153,85.76344491137816,,,
XGB_LOCAL,Day 1,Verano,Zona Central,Invierno,laurel,0.5613961787971411,0.3478029972951238,89.93686300771233,19.36835979297011,,,
XGB_LOCAL,7-Day Rollout,Raw,Zona Central,Invierno,laurel,0.8447852962850171,0.4419123048635938,146.5308787873583,142.9386371728722,,,
XGB_LOCAL,7-Day Rollout,Invierno,Zona Central,Invierno,laurel,0.8447835267710478,0.44184278742783284,146.68371897538591,142.9420958793604,,,
XGB_LOCAL,7-Day Rollout,Otoño,Zona Central,Invierno,laurel,0.7053546722314669,0.3504730560397049,113.42440238180077,36.41218857080801,,,
XGB_LOCAL,7-Day Rollout,Primavera,Zona Central,Invierno,laurel,1.3386865309848999,0.7045726510894037,145.27856680521808,134.59920927248157,,,
XGB_LOCAL,7-Day Rollout,Verano,Zona Central,Invierno,laurel,0.947474065046798,0.48534153769945815,97.39889712686517,37.293178504294985,,,
XGB_LOCAL,Day 1,Raw,Zona Central,Invierno,la_lajuela,1.4090473041791436,1.193548493970108,100.06929843927786,57.16674986346357,,,
XGB_LOCAL,Day 1,Invierno,Zona Central,Invierno,la_lajuela,1.581837391064088,1.3810957792399374,103.43713140182234,62.421846082035515,,,
XGB_LOCAL,Day 1,Otoño,Zona Central,Invierno,la_lajuela,0.5848110815429944,0.35329487019528943,94.80651343597987,20.703559104415728,,,
XGB_LOCAL,Day 1,Primavera,Zona Central,Invierno,la_lajuela,1.4471110469614563,0.8441278517711908,136.59187377717484,104.15003939470915,,,
XGB_LOCAL,Day 1,Verano,Zona Central,Invierno,la_lajuela,0.842229824204919,0.5073803938770046,86.29454827753133,26.611632109557306,,,
XGB_LOCAL,7-Day Rollout,Raw,Zona Central,Invierno,la_lajuela,1.3591540999698744,1.0077241498753817,116.75246890560373,90.8686613304513,,,
XGB_LOCAL,7-Day Rollout,Invierno,Zona Central,Invierno,la_lajuela,1.341958424237308,0.9872603858800305,121.46543471642124,98.12024295680878,,,
XGB_LOCAL,7-Day Rollout,Otoño,Zona Central,Invierno,la_lajuela,0.7839370521057872,0.440393373968185,89.55099132582602,28.82231328524204,,,
XGB_LOCAL,7-Day Rollout,Primavera,Zona Central,Invierno,la_lajuela,1.4769706212845035,0.853871503767247,128.5961733397925,84.80597001828184,,,
XGB_LOCAL,7-Day Rollout,Verano,Zona Central,Invierno,la_lajuela,1.0443882328880094,0.6048912058994618,92.40794746063563,35.611818164200564,,,
XGB_LOCAL,Day 1,Raw,Zona Central,Invierno,lipangue,0.3017198633192687,0.14995285931494587,122.61057703667335,53.489930696758336,,,
XGB_LOCAL,Day 1,Invierno,Zona Central,Invierno,lipangue,0.9047577947564931,0.576167404680073,102.00421394297523,82.47264888451078,,,
XGB_LOCAL,Day 1,Otoño,Zona Central,Invierno,lipangue,0.21844407689488307,0.1363827169407159,120.69443155182537,105.3218638911195,,,
XGB_LOCAL,Day 1,Primavera,Zona Central,Invierno,lipangue,0.4737862574557654,0.27752158982427017,128.59063887518855,63.61282782036708,,,
XGB_LOCAL,Day 1,Verano,Zona Central,Invierno,lipangue,0.11193187544969299,0.06835459849874799,88.6720056655757,13.332383192583258,,,
XGB_LOCAL,7-Day Rollout,Raw,Zona Central,Invierno,lipangue,0.6587302821280231,0.47877561051484596,113.59755397996388,94.27124848542277,,,
XGB_LOCAL,7-Day Rollout,Invierno,Zona Central,Invierno,lipangue,0.6742699894228006,0.5064956609842622,108.30482385027034,90.3827527263323,,,
XGB_LOCAL,7-Day Rollout,Otoño,Zona Central,Invierno,lipangue,0.3340850109297821,0.17243644287615703,142.34988839971163,295.5954008739912,,,
XGB_LOCAL,7-Day Rollout,Primavera,Zona Central,Invierno,lipangue,0.4503191739783358,0.23705144666727002,123.84953628684252,69.54308968074018,,,
XGB_LOCAL,7-Day Rollout,Verano,Zona Central,Invierno,lipangue,0.6723927623742333,0.34249742070235134,123.54433462136873,134.2513272735341,,,
XGB_LOCAL,Day 1,Raw,Zona Central,Invierno,luna,0.6858030506292849,0.5244310131711529,104.57008087632083,91.20848019107103,,,
XGB_LOCAL,Day 1,Invierno,Zona Central,Invierno,luna,0.5395855017621384,0.4371713465079665,78.85375265298119,68.45700816043299,,,
XGB_LOCAL,Day 1,Otoño,Zona Central,Invierno,luna,0.09791110348306314,0.05050620572607537,95.5675322580158,14.576764623428135,,,
XGB_LOCAL,Day 1,Primavera,Zona Central,Invierno,luna,0.38883049018371196,0.23756429109683572,135.32830527782664,80.92262677809346,,,
XGB_LOCAL,Day 1,Verano,Zona Central,Invierno,luna,0.27704584283011935,0.17936009798965338,95.41261481246903,27.100489898516862,,,
XGB_LOCAL,7-Day Rollout,Raw,Zona Central,Invierno,luna,0.4790815955292806,0.3417171885451003,111.948613378702,103.44397870173778,,,
XGB_LOCAL,7-Day Rollout,Invierno,Zona Central,Invierno,luna,0.4702266347888965,0.33623180833245503,111.73499530595386,99.74751221839601,,,
XGB_LOCAL,7-Day Rollout,Otoño,Zona Central,Invierno,luna,0.12499658132177782,0.06483614937536009,98.09102701674087,19.34547715240738,,,
XGB_LOCAL,7-Day Rollout,Primavera,Zona Central,Invierno,luna,0.4775913469505869,0.26444381531506844,132.46897117612394,96.66707410600253,,,
XGB_LOCAL,7-Day Rollout,Verano,Zona Central,Invierno,luna,0.37243736541826855,0.23191236979982932,99.79792062223804,40.38759430800877,,,
XGB_LOCAL,Day 1,Raw,Zona Central,Invierno,pfv_santa_adriana,0.7606282938611072,0.4544521262869239,173.4503141488628,1599.6895694876105,,,
XGB_LOCAL,Day 1,Invierno,Zona Central,Invierno,pfv_santa_adriana,0.27637777692402116,0.1525957037738408,131.13115456117825,143.1006207929768,,,
XGB_LOCAL,Day 1,Operational,Zona Central,Invierno,pfv_santa_adriana,0.5085553881253665,0.2932893891508381,125.90860488937494,90.26936296835324,,,
XGB_LOCAL,Day 1,Otoño,Zona Central,Invierno,pfv_santa_adriana,0.2793876388446643,0.1609592684156572,109.80859860943006,36.72800467001967,,,
XGB_LOCAL,Day 1,Primavera,Zona Central,Invierno,pfv_santa_adriana,0.5085553881253665,0.2932893891508381,125.90860488937494,90.26936296835324,,,
XGB_LOCAL,Day 1,Verano,Zona Central,Invierno,pfv_santa_adriana,0.23759363636867564,0.10752231006820996,91.69068403400823,24.365077456222277,,,
XGB_LOCAL,7-Day Rollout,Raw,Zona Central,Invierno,pfv_santa_adriana,0.4714314489768286,0.24414001937388785,140.12324038345076,146.90288271412035,,,
XGB_LOCAL,7-Day Rollout,Invierno,Zona Central,Invierno,pfv_santa_adriana,0.2887181769105871,0.14699899194065005,128.62366916236604,105.00707434791553,,,
XGB_LOCAL,7-Day Rollout,Operational,Zona Central,Invierno,pfv_santa_adriana,0.3966147250198196,0.2195417897375938,109.10516038527294,68.73082719964223,,,
XGB_LOCAL,7-Day Rollout,Otoño,Zona Central,Invierno,pfv_santa_adriana,0.28048335006657843,0.14077319147223274,112.42409264784787,39.97277080818505,,,
XGB_LOCAL,7-Day Rollout,Primavera,Zona Central,Invierno,pfv_santa_adriana,0.3966147250198196,0.2195417897375938,109.10516038527294,68.73082719964223,,,
XGB_LOCAL,7-Day Rollout,Verano,Zona Central,Invierno,pfv_santa_adriana,0.34404183717612846,0.18382537800962814,92.91665933599498,40.295956318985354,,,
XGB_LOCAL,Day 1,Raw,Zona Central,Otoño,crucero,0.3776594448772307,0.22142892703413963,166.66666666666669,0.0,,,
XGB_LOCAL,Day 1,Invierno,Zona Central,Otoño,crucero,0.40673485321477354,0.22310951243465146,83.15229071632653,279.3917661192582,,,
XGB_LOCAL,Day 1,Operational,Zona Central,Otoño,crucero,0.40673485321477354,0.22310951243465146,83.15229071632653,279.3917661192582,,,
XGB_LOCAL,Day 1,Otoño,Zona Central,Otoño,crucero,0.13779202818148834,0.07439020157714064,94.90880576709509,17.649459621114648,,,
XGB_LOCAL,Day 1,Primavera,Zona Central,Otoño,crucero,0.3242804365656027,0.18684169634555778,116.04728336316883,80.91496877048289,,,
XGB_LOCAL,Day 1,Verano,Zona Central,Otoño,crucero,0.41625548667562395,0.2698766606238981,98.18788568866378,40.80329202826303,,,
XGB_LOCAL,7-Day Rollout,Raw,Zona Central,Otoño,crucero,0.32562719788249567,0.18827919963569867,145.23809523809524,0.0,,,
XGB_LOCAL,7-Day Rollout,Invierno,Zona Central,Otoño,crucero,0.3400248468787501,0.18177388268227293,83.31273421467235,120.83326440876483,,,
XGB_LOCAL,7-Day Rollout,Operational,Zona Central,Otoño,crucero,0.3400248468787501,0.18177388268227293,83.31273421467235,120.83326440876483,,,
XGB_LOCAL,7-Day Rollout,Otoño,Zona Central,Otoño,crucero,0.2179486128561227,0.1145457038408148,101.669005744578,28.98341885444652,,,
XGB_LOCAL,7-Day Rollout,Primavera,Zona Central,Otoño,crucero,0.4970719814890469,0.2910288016714514,115.86340504880404,86.4729254463603,,,
XGB_LOCAL,7-Day Rollout,Verano,Zona Central,Otoño,crucero,0.4139629882182933,0.25013514172418844,97.44118162633359,41.24036914032268,,,
XGB_LOCAL,Day 1,Raw,Zona Central,Otoño,fotovolt_solar_i,0.06784824607791537,0.03551130789370897,72.44376022739468,84.44636664142308,,,
XGB_LOCAL,Day 1,Invierno,Zona Central,Otoño,fotovolt_solar_i,0.1126509763647321,0.05696687520442841,72.95449609266062,70.11324862738887,,,
XGB_LOCAL,Day 1,Operational,Zona Central,Otoño,fotovolt_solar_i,0.06350843577688534,0.0438292555766869,108.54682559000277,34.428421257208896,,,
XGB_LOCAL,Day 1,Otoño,Zona Central,Otoño,fotovolt_solar_i,0.06350843577688534,0.0438292555766869,108.54682559000277,34.428421257208896,,,
XGB_LOCAL,Day 1,Primavera,Zona Central,Otoño,fotovolt_solar_i,0.09784279368205133,0.05570769446057966,129.55516446763673,49.73464486161887,,,
XGB_LOCAL,Day 1,Verano,Zona Central,Otoño,fotovolt_solar_i,0.04488063424284512,0.02636637135098378,107.40078062447094,18.890178241350462,,,
XGB_LOCAL,7-Day Rollout,Raw,Zona Central,Otoño,fotovolt_solar_i,0.11166834811626825,0.059738773327294006,94.87443053634317,86.12633761172236,,,
XGB_LOCAL,7-Day Rollout,Invierno,Zona Central,Otoño,fotovolt_solar_i,0.10863327615723653,0.05346943430286764,60.41772810008287,123.62508749430535,,,
XGB_LOCAL,7-Day Rollout,Operational,Zona Central,Otoño,fotovolt_solar_i,0.09969365421635662,0.055541245871111755,93.97692131844889,70.59417718023815,,,
XGB_LOCAL,7-Day Rollout,Otoño,Zona Central,Otoño,fotovolt_solar_i,0.09969365421635662,0.055541245871111755,93.97692131844889,70.59417718023815,,,
XGB_LOCAL,7-Day Rollout,Primavera,Zona Central,Otoño,fotovolt_solar_i,0.19757221432672148,0.09771883308674692,145.85060853660525,131.67581858303953,,,
XGB_LOCAL,7-Day Rollout,Verano,Zona Central,Otoño,fotovolt_solar_i,0.09801627277714041,0.038578983260479274,109.3129437324775,47.5082411970589,,,
XGB_LOCAL,Day 1,Raw,Zona Central,Otoño,gr_santa_rosa,0.5405377081257148,0.2873126611293628,135.35253923591094,98.60042578810531,,,
XGB_LOCAL,Day 1,Invierno,Zona Central,Otoño,gr_santa_rosa,0.8532462559567578,0.4669622825458646,49.294247849403355,45.089587775377396,,,
XGB_LOCAL,Day 1,Operational,Zona Central,Otoño,gr_santa_rosa,0.9090181218886328,0.5457927718974437,118.23720656984997,51.086274689090885,,,
XGB_LOCAL,Day 1,Otoño,Zona Central,Otoño,gr_santa_rosa,0.9090181218886328,0.5457927718974437,118.23720656984997,51.086274689090885,,,
XGB_LOCAL,Day 1,Primavera,Zona Central,Otoño,gr_santa_rosa,1.825243491077682,1.066022214324524,140.39866672392486,110.80635451994121,,,
XGB_LOCAL,Day 1,Verano,Zona Central,Otoño,gr_santa_rosa,1.0053474014538804,0.6201763556649288,90.61616509132998,25.718485792448682,,,
XGB_LOCAL,7-Day Rollout,Raw,Zona Central,Otoño,gr_santa_rosa,1.4174907554810765,0.7562371349567911,129.2460390728857,85.82854220344768,,,
XGB_LOCAL,7-Day Rollout,Invierno,Zona Central,Otoño,gr_santa_rosa,1.0585414433296871,0.5539556007918561,57.77712072605926,106.52166612378117,,,
XGB_LOCAL,7-Day Rollout,Operational,Zona Central,Otoño,gr_santa_rosa,1.4440423441663075,0.8051299436778036,141.5440008027438,116.6237142840086,,,
XGB_LOCAL,7-Day Rollout,Otoño,Zona Central,Otoño,gr_santa_rosa,1.4440423441663075,0.8051299436778036,141.5440008027438,116.6237142840086,,,
XGB_LOCAL,7-Day Rollout,Primavera,Zona Central,Otoño,gr_santa_rosa,1.6676655129600475,0.9398568854222027,126.9710992252139,76.34938372483278,,,
XGB_LOCAL,7-Day Rollout,Verano,Zona Central,Otoño,gr_santa_rosa,1.2805118499849188,0.7129246247377956,90.18927776210377,35.640590172453926,,,
XGB_LOCAL,Day 1,Raw,Zona Central,Primavera,donihue,0.8258500428042223,0.4777243882611704,133.02209992698624,85.34785781911806,,,
XGB_LOCAL,Day 1,Invierno,Zona Central,Primavera,donihue,0.9756181743104846,0.531266939593479,134.71213656922103,155.03665589101126,,,
XGB_LOCAL,Day 1,Otoño,Zona Central,Primavera,donihue,1.6685739921475966,0.7500523596536368,113.1836435337372,81.20477452531894,,,
XGB_LOCAL,Day 1,Primavera,Zona Central,Primavera,donihue,0.8059975409226384,0.46848851568453637,132.0466378470762,82.96331618870116,,,
XGB_LOCAL,Day 1,Verano,Zona Central,Primavera,donihue,0.44049178652287885,0.29177902623390156,82.51640162245441,12.670072930154683,,,
XGB_LOCAL,7-Day Rollout,Raw,Zona Central,Primavera,donihue,1.1121636700973079,0.6613535985927141,148.1837676657161,154.9687907895865,,,
XGB_LOCAL,7-Day Rollout,Invierno,Zona Central,Primavera,donihue,0.9233468334642925,0.48572418243288884,132.04299608046313,96.6249495531571,,,
XGB_LOCAL,7-Day Rollout,Otoño,Zona Central,Primavera,donihue,0.8621582923959088,0.40415696995305117,107.16268962096834,34.28467002096417,,,
XGB_LOCAL,7-Day Rollout,Primavera,Zona Central,Primavera,donihue,1.1101076228336113,0.6600266661539319,148.02981045854526,154.54805462523552,,,
XGB_LOCAL,7-Day Rollout,Verano,Zona Central,Primavera,donihue,1.800672949565803,0.8482475642051549,101.76452007138566,65.328296365354,,,
XGB_LOCAL,Day 1,Raw,Zona Central,Primavera,pfv_jose_soler_mallafre,0.16075451324582266,0.10201997760062416,141.47803241826972,100.99983844977235,,,
XGB_LOCAL,Day 1,Invierno,Zona Central,Primavera,pfv_jose_soler_mallafre,0.15837866630255615,0.07396062806098296,126.25753862440499,75.97368921364844,,,
XGB_LOCAL,Day 1,Otoño,Zona Central,Primavera,pfv_jose_soler_mallafre,0.5345741092811552,0.2878157393085227,139.6038806300297,241.3994418328896,,,
XGB_LOCAL,Day 1,Primavera,Zona Central,Primavera,pfv_jose_soler_mallafre,0.16037227214762997,0.10085741147243728,140.1982174807146,100.77518933966223,,,
XGB_LOCAL,Day 1,Verano,Zona Central,Primavera,pfv_jose_soler_mallafre,0.27446445075082654,0.17898154755433401,142.4556540185727,107.92151249336912,,,
XGB_LOCAL,7-Day Rollout,Raw,Zona Central,Primavera,pfv_jose_soler_mallafre,0.24890628070041265,0.14715037285315616,134.4479836485139,88.90366202830819,,,
XGB_LOCAL,7-Day Rollout,Invierno,Zona Central,Primavera,pfv_jose_soler_mallafre,0.19407717235464667,0.10183846307308202,131.54204855138886,116.5618363252615,,,
XGB_LOCAL,7-Day Rollout,Otoño,Zona Central,Primavera,pfv_jose_soler_mallafre,0.2748762765789605,0.11688502644738362,107.06136797337669,66.31961809266515,,,
XGB_LOCAL,7-Day Rollout,Primavera,Zona Central,Primavera,pfv_jose_soler_mallafre,0.24886300702889694,0.14694887004935436,133.85845116268524,88.8607684185416,,,
XGB_LOCAL,7-Day Rollout,Verano,Zona Central,Primavera,pfv_jose_soler_mallafre,0.36525674179913253,0.21942213271367586,137.88397066348418,131.68270585959937,,,
XGB_LOCAL,Day 1,Raw,Zona Central,Primavera,pfv_villa_seca,0.8266714396360426,0.6462612808293974,116.95710246128985,82.85110744573633,,,
XGB_LOCAL,Day 1,Invierno,Zona Central,Primavera,pfv_villa_seca,0.1969362192223751,0.10980019256961289,123.35631718521319,62.58554526362856,,,
XGB_LOCAL,Day 1,Otoño,Zona Central,Primavera,pfv_villa_seca,0.22223989076687928,0.14369520519782478,96.1814726707496,24.121721151960838,,,
XGB_LOCAL,Day 1,Primavera,Zona Central,Primavera,pfv_villa_seca,0.8623708382078944,0.5980468725708002,121.60445377704778,121.82536354321556,,,
XGB_LOCAL,Day 1,Verano,Zona Central,Primavera,pfv_villa_seca,0.6716630823130519,0.4018445915232102,112.40393039995801,75.46937469672586,,,
XGB_LOCAL,7-Day Rollout,Raw,Zona Central,Primavera,pfv_villa_seca,0.5792502595454908,0.37130710408867645,102.780488654338,58.717571647718984,,,
XGB_LOCAL,7-Day Rollout,Invierno,Zona Central,Primavera,pfv_villa_seca,0.33283664915467576,0.17306976991862721,136.1390819696938,111.12372473595671,,,
XGB_LOCAL,7-Day Rollout,Otoño,Zona Central,Primavera,pfv_villa_seca,0.28032709652721355,0.15772098500470055,100.0629218752886,32.88701234247635,,,
XGB_LOCAL,7-Day Rollout,Primavera,Zona Central,Primavera,pfv_villa_seca,0.5471549310339714,0.3413106646288985,101.05235947309393,56.19390423380065,,,
XGB_LOCAL,7-Day Rollout,Verano,Zona Central,Primavera,pfv_villa_seca,0.6123707855788155,0.37347470938803307,107.78406020045279,71.5866783392913,,,
XGB_LOCAL,Day 1,Raw,Zona Central,Verano,alto_solar,0.17586230265018737,0.10439061435560386,200.0,0.0,,,
XGB_LOCAL,Day 1,Invierno,Zona Central,Verano,alto_solar,0.7457084704186822,0.38463940674167435,140.81506085713548,107.91470596647135,,,
XGB_LOCAL,Day 1,Operational,Zona Central,Verano,alto_solar,0.3487997136019372,0.17508428230454834,100.30843809424219,38.803666448126165,,,
XGB_LOCAL,Day 1,Otoño,Zona Central,Verano,alto_solar,0.25188339660030523,0.1462590660181983,102.7403273502846,28.96192304897352,,,
XGB_LOCAL,Day 1,Primavera,Zona Central,Verano,alto_solar,0.320665188597594,0.16422919765197244,115.5656229159151,47.624900343842114,,,
XGB_LOCAL,Day 1,Verano,Zona Central,Verano,alto_solar,0.3487997136019372,0.17508428230454834,100.30843809424219,38.803666448126165,,,
XGB_LOCAL,7-Day Rollout,Raw,Zona Central,Verano,alto_solar,0.17434174401608055,0.10334910807155427,185.71428571428572,0.0,,,
XGB_LOCAL,7-Day Rollout,Invierno,Zona Central,Verano,alto_solar,0.46245975016388496,0.21234419541464636,152.00822701530421,158.33258667583326,,,
XGB_LOCAL,7-Day Rollout,Operational,Zona Central,Verano,alto_solar,0.38608374019786473,0.17833520555480695,104.31983754712294,48.582865769163014,,,
XGB_LOCAL,7-Day Rollout,Otoño,Zona Central,Verano,alto_solar,0.4506549484491436,0.21278388741415083,107.22092490418372,56.79387150907799,,,
XGB_LOCAL,7-Day Rollout,Primavera,Zona Central,Verano,alto_solar,0.6561034315662408,0.33742681736804936,148.6342172221512,141.79051597020387,,,
XGB_LOCAL,7-Day Rollout,Verano,Zona Central,Verano,alto_solar,0.38608374019786473,0.17833520555480695,104.31983754712294,48.582865769163014,,,
XGB_LOCAL,Day 1,Raw,Zona Central,Verano,chancon,0.30818596261676756,0.17722070310022295,97.17424772928611,34.12057356308825,,,
XGB_LOCAL,Day 1,Invierno,Zona Central,Verano,chancon,0.2701640051655464,0.1479336452515175,131.2868148865823,57.39048813056693,,,
XGB_LOCAL,Day 1,Otoño,Zona Central,Verano,chancon,0.19853434313196056,0.11528655227448326,99.43912439587105,25.822690610177396,,,
XGB_LOCAL,Day 1,Primavera,Zona Central,Verano,chancon,0.31995441120685625,0.1999118080517898,129.14326208648387,74.55622581032625,,,
XGB_LOCAL,Day 1,Verano,Zona Central,Verano,chancon,0.30818761919324705,0.17727656631420055,98.16061271865793,34.12206030677085,,,
XGB_LOCAL,7-Day Rollout,Raw,Zona Central,Verano,chancon,0.40285661116604665,0.2108184896805185,100.06778425001055,43.87544507447437,,,
XGB_LOCAL,7-Day Rollout,Invierno,Zona Central,Verano,chancon,0.31751044486645347,0.15994672869902343,155.03171059961437,174.7033217250642,,,
XGB_LOCAL,7-Day Rollout,Otoño,Zona Central,Verano,chancon,0.29472424360488264,0.16283599070532415,107.04817036917018,36.74155493075024,,,
XGB_LOCAL,7-Day Rollout,Primavera,Zona Central,Verano,chancon,0.6218966339931583,0.36498748597990643,157.6931185606531,180.75302157832775,,,
XGB_LOCAL,7-Day Rollout,Verano,Zona Central,Verano,chancon,0.40285656897042155,0.2108192017046912,100.00868940420256,43.87533265209294,,,
XGB_LOCAL,Day 1,Raw,Zona Central,Verano,chimbarongo,0.6499215696183706,0.4191992074872057,122.44720666977902,216.03676040902556,,,
XGB_LOCAL,Day 1,Invierno,Zona Central,Verano,chimbarongo,0.28179170069957904,0.1346954002729035,61.598626053051674,96.74583563217683,,,
XGB_LOCAL,Day 1,Otoño,Zona Central,Verano,chimbarongo,0.40563312180999317,0.24502878519706428,60.806829120205904,44.71256125030741,,,
XGB_LOCAL,Day 1,Primavera,Zona Central,Verano,chimbarongo,0.24026377093491075,0.15313198370089745,137.84470187989,128.00521548043292,,,
XGB_LOCAL,Day 1,Verano,Zona Central,Verano,chimbarongo,0.6507506140492214,0.4208296244032681,106.96462636948083,217.23855773312607,,,
XGB_LOCAL,7-Day Rollout,Raw,Zona Central,Verano,chimbarongo,0.49105860168254767,0.3059278773491228,90.42590505143883,63.76813311995304,,,
XGB_LOCAL,7-Day Rollout,Invierno,Zona Central,Verano,chimbarongo,0.22710626883821927,0.1055637471650005,89.54007260339534,217.2174107758152,,,
XGB_LOCAL,7-Day Rollout,Otoño,Zona Central,Verano,chimbarongo,0.25054603844810647,0.13186639580112028,65.80234759998444,29.615054799949302,,,
XGB_LOCAL,7-Day Rollout,Primavera,Zona Central,Verano,chimbarongo,0.5791522196830425,0.3466749713200624,159.69108426458106,201.92796785079352,,,
XGB_LOCAL,7-Day Rollout,Verano,Zona Central,Verano,chimbarongo,0.4910569761763473,0.3059665782813162,92.07197509733572,63.80649638673233,,,
XGB_LOCAL,Day 1,Raw,Zona Central,Verano,don_eugenio,0.3945326137552933,0.2520743566710735,111.50064571925039,46.0122818663494,,,
XGB_LOCAL,Day 1,Invierno,Zona Central,Verano,don_eugenio,0.36944921776910994,0.21227692820927282,133.305128154595,63.521367384030405,,,
XGB_LOCAL,Day 1,Otoño,Zona Central,Verano,don_eugenio,0.31187903712483245,0.16439008423670506,100.94221877527865,30.137419537562437,,,
XGB_LOCAL,Day 1,Primavera,Zona Central,Verano,don_eugenio,0.46699515577481626,0.26085702950755757,134.55619172210325,92.92012785684813,,,
XGB_LOCAL,Day 1,Verano,Zona Central,Verano,don_eugenio,0.39452863693473655,0.25189804021889967,111.853361542185,46.01252062460561,,,
XGB_LOCAL,7-Day Rollout,Raw,Zona Central,Verano,don_eugenio,0.4309275060630722,0.27753191489875784,105.15616306277113,43.93134364906957,,,
XGB_LOCAL,7-Day Rollout,Invierno,Zona Central,Verano,don_eugenio,0.37603675504530304,0.18848180875065304,139.11021483937094,170.27558836730836,,,
XGB_LOCAL,7-Day Rollout,Otoño,Zona Central,Verano,don_eugenio,0.3147161234884252,0.15499380518780353,103.14662807376203,34.62827202750711,,,
XGB_LOCAL,7-Day Rollout,Primavera,Zona Central,Verano,don_eugenio,0.6332021384562355,0.34435961791227565,136.05267156167443,107.23472227525765,,,
XGB_LOCAL,7-Day Rollout,Verano,Zona Central,Verano,don_eugenio,0.4309255840753699,0.27741163218371545,103.80596923296703,43.93091506293117,,,
XGB_LOCAL,Day 1,Raw,Zona Central,Verano,el_pilpen,0.386691778782053,0.25980145553270023,109.93762846285777,33.929083211906914,,,
XGB_LOCAL,Day 1,Invierno,Zona Central,Verano,el_pilpen,0.34940033077691524,0.20059823972405866,131.82123767825104,59.5616688353195,,,
XGB_LOCAL,Day 1,Otoño,Zona Central,Verano,el_pilpen,0.22235885982213896,0.11915828615989692,96.21702456218708,22.113563018522193,,,
XGB_LOCAL,Day 1,Primavera,Zona Central,Verano,el_pilpen,0.3786767335589611,0.20083671753976282,117.77710330666602,61.8922806216089,,,
XGB_LOCAL,Day 1,Verano,Zona Central,Verano,el_pilpen,0.386808411153997,0.26028895094350446,103.79290761953122,33.841993246292915,,,
XGB_LOCAL,7-Day Rollout,Raw,Zona Central,Verano,el_pilpen,0.40576697114320287,0.24852041802902866,100.87981301843638,34.459366295368184,,,
XGB_LOCAL,7-Day Rollout,Invierno,Zona Central,Verano,el_pilpen,0.41321926366631057,0.21579984889212073,151.9380678110822,170.58168477936945,,,
XGB_LOCAL,7-Day Rollout,Otoño,Zona Central,Verano,el_pilpen,0.2876672034546891,0.13065568304158487,101.93950490123811,30.863069849923765,,,
XGB_LOCAL,7-Day Rollout,Primavera,Zona Central,Verano,el_pilpen,0.6482510893004764,0.3399158746591898,142.18742917124115,115.92771951881463,,,
XGB_LOCAL,7-Day Rollout,Verano,Zona Central,Verano,el_pilpen,0.40628379217170446,0.24973149455460705,100.16815695380525,34.44539249060405,,,
XGB_LOCAL,Day 1,Raw,Zona Central,Verano,el_roble,2.486720007895824,1.303513756642739,144.41462773077916,155.31365277936834,,,
XGB_LOCAL,Day 1,Invierno,Zona Central,Verano,el_roble,1.4262330793280364,0.7961467074540755,48.265788091993784,82.02247359555503,,,
XGB_LOCAL,Day 1,Otoño,Zona Central,Verano,el_roble,0.705343210417756,0.4173538928941222,108.60900663610131,24.752603596119926,,,
XGB_LOCAL,Day 1,Primavera,Zona Central,Verano,el_roble,1.287752968744306,0.7576077435320864,132.46528509253216,75.05391851450355,,,
XGB_LOCAL,Day 1,Verano,Zona Central,Verano,el_roble,2.4865657682513125,1.2980070837462943,136.32337630685763,154.9095940433861,,,
XGB_LOCAL,7-Day Rollout,Raw,Zona Central,Verano,el_roble,1.7358288665512034,0.9735213499973595,115.36566624069542,64.16834539327802,,,
XGB_LOCAL,7-Day Rollout,Invierno,Zona Central,Verano,el_roble,1.1537324708331373,0.5936773952689908,66.40618066857259,150.33628087190627,,,
XGB_LOCAL,7-Day Rollout,Otoño,Zona Central,Verano,el_roble,1.0197465945930733,0.48222523978485504,115.46155648441439,41.95540096790981,,,
XGB_LOCAL,7-Day Rollout,Primavera,Zona Central,Verano,el_roble,1.9218727841612104,1.0707257351030075,145.8788694350852,124.81832109481803,,,
XGB_LOCAL,7-Day Rollout,Verano,Zona Central,Verano,el_roble,1.735877420738881,0.9738781910380654,114.60525927546972,64.11573705113337,,,
XGB_LOCAL,Day 1,Raw,Zona Central,Verano,el_sauce,0.9024046314752657,0.4916379628702998,140.56687887690615,163.03836652004594,,,
XGB_LOCAL,Day 1,Invierno,Zona Central,Verano,el_sauce,0.38001991943330116,0.20407671729723612,137.10153202713008,72.63367006856446,,,
XGB_LOCAL,Day 1,Otoño,Zona Central,Verano,el_sauce,0.24083946172413995,0.13299164237469085,105.71203288058541,25.660971024815478,,,
XGB_LOCAL,Day 1,Primavera,Zona Central,Verano,el_sauce,0.48183085475757015,0.27191651868148864,135.30278561021234,103.84188030247381,,,
XGB_LOCAL,Day 1,Verano,Zona Central,Verano,el_sauce,0.9024029130347777,0.49144295137375593,140.56687887690612,163.03805604764767,,,
XGB_LOCAL,7-Day Rollout,Raw,Zona Central,Verano,el_sauce,0.5928277532394455,0.291150044977604,111.89808294410457,68.32402723257121,,,
XGB_LOCAL,7-Day Rollout,Invierno,Zona Central,Verano,el_sauce,0.39480372302934275,0.20399075983393308,158.36645160286312,194.07297884453612,,,
XGB_LOCAL,7-Day Rollout,Otoño,Zona Central,Verano,el_sauce,0.357370179425013,0.15895664914455665,108.91857191090284,42.60795394600693,,,
XGB_LOCAL,7-Day Rollout,Primavera,Zona Central,Verano,el_sauce,0.7598199064313894,0.42185695474437945,154.8932052657095,176.1274866423034,,,
XGB_LOCAL,7-Day Rollout,Verano,Zona Central,Verano,el_sauce,0.5928272894871185,0.29115022266757606,111.80953090939443,68.3236947963413,,,
XGB_LOCAL,Day 1,Raw,Zona Central,Verano,la_acacia,0.4108324304944953,0.23798257857561111,200.0,0.0,,,
XGB_LOCAL,Day 1,Invierno,Zona Central,Verano,la_acacia,0.423762985848116,0.21721604126355487,85.97729977900073,116.44719921952938,,,
XGB_LOCAL,Day 1,Operational,Zona Central,Verano,la_acacia,0.3304719310583525,0.1936806607991457,72.43914337310677,11.846160520682508,,,
XGB_LOCAL,Day 1,Otoño,Zona Central,Verano,la_acacia,0.38945441599330993,0.24119408287030333,83.52063957202166,17.757814467112734,,,
XGB_LOCAL,Day 1,Primavera,Zona Central,Verano,la_acacia,1.3369413315601617,0.8520467221363409,161.6097530302029,431.4923334912733,,,
XGB_LOCAL,Day 1,Verano,Zona Central,Verano,la_acacia,0.3304719310583525,0.1936806607991457,72.43914337310677,11.846160520682508,,,
XGB_LOCAL,7-Day Rollout,Raw,Zona Central,Verano,la_acacia,0.4238004780269904,0.25537205877758207,198.80952380952382,0.0,,,
XGB_LOCAL,7-Day Rollout,Invierno,Zona Central,Verano,la_acacia,0.5660328908263494,0.4175959250941554,109.32378393790655,126.71123806640472,,,
XGB_LOCAL,7-Day Rollout,Operational,Zona Central,Verano,la_acacia,0.6691342848702917,0.34864300460737596,79.59779915266158,26.135321507951804,,,
XGB_LOCAL,7-Day Rollout,Otoño,Zona Central,Verano,la_acacia,1.144202927558904,0.40568097000695635,94.36755784973548,63.60676275598664,,,
XGB_LOCAL,7-Day Rollout,Primavera,Zona Central,Verano,la_acacia,0.8712184251395996,0.5027807751357614,128.28338281229892,71.57196296834661,,,
XGB_LOCAL,7-Day Rollout,Verano,Zona Central,Verano,la_acacia,0.6691342848702917,0.34864300460737596,79.59779915266158,26.135321507951804,,,
XGB_LOCAL,Day 1,Raw,Zona Central,Verano,la_blanquina,1.441589877787747,0.8192524013769192,186.04338252734954,16698.57945927365,,,
XGB_LOCAL,Day 1,Invierno,Zona Central,Verano,la_blanquina,1.0186980391845568,0.5754709691973403,130.45513610010823,62.24385428734933,,,
XGB_LOCAL,Day 1,Operational,Zona Central,Verano,la_blanquina,0.6113137918004123,0.36520341197804856,97.4679254572209,28.864222222241832,,,
XGB_LOCAL,Day 1,Otoño,Zona Central,Verano,la_blanquina,0.6113137918004123,0.36520341197804856,97.4679254572209,28.864222222241832,,,
XGB_LOCAL,Day 1,Primavera,Zona Central,Verano,la_blanquina,1.3364040557265742,0.8020048949159294,129.06049087182916,62.01014509366733,,,
XGB_LOCAL,Day 1,Verano,Zona Central,Verano,la_blanquina,0.43548218464810534,0.3027797839604318,80.81744963107232,11.86046511556127,,,
XGB_LOCAL,7-Day Rollout,Raw,Zona Central,Verano,la_blanquina,1.7887601338500196,0.9744516556654291,140.9895952526249,152.65170581402828,,,
XGB_LOCAL,7-Day Rollout,Invierno,Zona Central,Verano,la_blanquina,1.073735611555538,0.5497760143599797,151.45048304722636,175.42080092777508,,,
XGB_LOCAL,7-Day Rollout,Operational,Zona Central,Verano,la_blanquina,2.0348029002216896,1.1560701988079625,141.08785685026993,184.0385484007671,,,
XGB_LOCAL,7-Day Rollout,Otoño,Zona Central,Verano,la_blanquina,2.0348029002216896,1.1560701988079625,141.08785685026993,184.0385484007671,,,
XGB_LOCAL,7-Day Rollout,Primavera,Zona Central,Verano,la_blanquina,2.0873774388670645,1.1941338795641925,150.66660631493158,156.17919508380385,,,
XGB_LOCAL,7-Day Rollout,Verano,Zona Central,Verano,la_blanquina,1.8702761928324367,0.823344409288395,99.78240544944956,65.78874590781756,,,
XGB_LOCAL,Day 1,Raw,Zona Central,Verano,la_frontera,0.7841101788206409,0.45819689404500724,106.76686053561082,90.43539405181579,,,
XGB_LOCAL,Day 1,Invierno,Zona Central,Verano,la_frontera,0.8080614380197662,0.41988184189540334,131.68108788902683,75.811733153928,,,
XGB_LOCAL,Day 1,Otoño,Zona Central,Verano,la_frontera,0.3409740516378847,0.212378158660916,99.39842984351725,22.874029790381968,,,
XGB_LOCAL,Day 1,Primavera,Zona Central,Verano,la_frontera,0.45318439130766003,0.24678905288844058,118.50274024662613,44.24374920634296,,,
XGB_LOCAL,Day 1,Verano,Zona Central,Verano,la_frontera,0.7844161943118821,0.4619091461859674,115.16231046486591,90.8842241327646,,,
XGB_LOCAL,7-Day Rollout,Raw,Zona Central,Verano,la_frontera,0.5696900460549141,0.3279263149561212,105.82275931389698,53.77786327848961,,,
XGB_LOCAL,7-Day Rollout,Invierno,Zona Central,Verano,la_frontera,0.753614868179783,0.3736422483944222,153.09921976119168,184.80208074331156,,,
XGB_LOCAL,7-Day Rollout,Otoño,Zona Central,Verano,la_frontera,0.2782377188754624,0.1481630032216171,99.6414745334607,19.37238269145641,,,
XGB_LOCAL,7-Day Rollout,Primavera,Zona Central,Verano,la_frontera,1.0921215221185019,0.5919168954115732,147.89096857690666,148.66017814181515,,,
XGB_LOCAL,7-Day Rollout,Verano,Zona Central,Verano,la_frontera,0.5697431208910444,0.328413127731818,104.87226613330411,53.76513160818157,,,
XGB_LOCAL,Day 1,Raw,Zona Central,Verano,la_manga_i,0.18268030937481447,0.11114220322148564,92.73818891605409,27.967818280989665,,,
XGB_LOCAL,Day 1,Invierno,Zona Central,Verano,la_manga_i,0.4029505254212211,0.21371653473276334,133.80712877701916,75.61242188601825,,,
XGB_LOCAL,Day 1,Otoño,Zona Central,Verano,la_manga_i,0.2166982658578785,0.12947303827968426,103.11190624152593,32.51015280120435,,,
XGB_LOCAL,Day 1,Primavera,Zona Central,Verano,la_manga_i,0.35164080321238045,0.19200786550614643,120.43051678210396,64.32049292853021,,,
XGB_LOCAL,Day 1,Verano,Zona Central,Verano,la_manga_i,0.18269100509235514,0.11121020679032274,94.56962521391881,28.01508247281109,,,
XGB_LOCAL,7-Day Rollout,Raw,Zona Central,Verano,la_manga_i,0.1759596266964723,0.10528279300825893,91.75652829250693,26.8452990029942,,,
XGB_LOCAL,7-Day Rollout,Invierno,Zona Central,Verano,la_manga_i,0.3350372299963676,0.1674718664212378,151.47775571508765,151.4400184915572,,,
XGB_LOCAL,7-Day Rollout,Otoño,Zona Central,Verano,la_manga_i,0.18660903957832423,0.10224671024098782,100.61269852063339,29.497237054043303,,,
XGB_LOCAL,7-Day Rollout,Primavera,Zona Central,Verano,la_manga_i,0.5512195312794411,0.30440136762182474,148.52664188090193,147.9504044658109,,,
XGB_LOCAL,7-Day Rollout,Verano,Zona Central,Verano,la_manga_i,0.17595438490865214,0.10523354241219461,91.91761992475979,26.847328740823155,,,
XGB_LOCAL,Day 1,Raw,Zona Central,Verano,los_libertadores,0.4029498742918671,0.24542933609336615,88.86955780924399,16.670653007571996,,,
XGB_LOCAL,Day 1,Invierno,Zona Central,Verano,los_libertadores,0.6537161634832009,0.3352381959557533,200.0,0.0,,,
XGB_LOCAL,Day 1,Operational,Zona Central,Verano,los_libertadores,0.3187427992424808,0.1931109968572855,88.83112521085422,12.63728867629587,,,
XGB_LOCAL,Day 1,Otoño,Zona Central,Verano,los_libertadores,0.5694681118436496,0.2990944466243188,97.99820583175703,25.526433987938884,,,
XGB_LOCAL,Day 1,Primavera,Zona Central,Verano,los_libertadores,1.2521580267779362,0.7168188537470996,126.10791481021266,71.26622986841721,,,
XGB_LOCAL,Day 1,Verano,Zona Central,Verano,los_libertadores,0.3187427992424808,0.1931109968572855,88.83112521085422,12.63728867629587,,,
XGB_LOCAL,7-Day Rollout,Raw,Zona Central,Verano,los_libertadores,0.33851977850012394,0.20855584248368228,90.29582859775279,13.73896587687291,,,
XGB_LOCAL,7-Day Rollout,Invierno,Zona Central,Verano,los_libertadores,1.0108707881026444,0.46777508928405115,176.9597804775821,339.8100656293293,,,
XGB_LOCAL,7-Day Rollout,Operational,Zona Central,Verano,los_libertadores,0.3489264478944192,0.2104450423669602,89.77058761304191,13.93498695254558,,,
XGB_LOCAL,7-Day Rollout,Otoño,Zona Central,Verano,los_libertadores,0.659209334614039,0.32536509760296084,104.79987793535872,31.168875941974644,,,
XGB_LOCAL,7-Day Rollout,Primavera,Zona Central,Verano,los_libertadores,1.4054814593312983,0.7668230109670863,131.71114321839715,87.96769155061634,,,
XGB_LOCAL,7-Day Rollout,Verano,Zona Central,Verano,los_libertadores,0.3489264478944192,0.2104450423669602,89.77058761304191,13.93498695254558,,,
XGB_LOCAL,Day 1,Raw,Zona Central,Verano,los_patos,0.8717482014320614,0.5495186274250349,200.0,0.0,,,
XGB_LOCAL,Day 1,Invierno,Zona Central,Verano,los_patos,0.35837218262740117,0.180586912514021,141.911507476182,89.56970127924848,,,
XGB_LOCAL,Day 1,Operational,Zona Central,Verano,los_patos,0.26347720336738306,0.17207209082941213,86.84935268560095,19.608901249711323,,,
XGB_LOCAL,Day 1,Otoño,Zona Central,Verano,los_patos,0.23543363765119132,0.1454938953005088,96.7561333732054,21.975195809338256,,,
XGB_LOCAL,Day 1,Primavera,Zona Central,Verano,los_patos,0.3799690015600452,0.18991609662771225,129.04696888673047,73.2689349733016,,,
XGB_LOCAL,Day 1,Verano,Zona Central,Verano,los_patos,0.26347720336738306,0.17207209082941213,86.84935268560095,19.608901249711323,,,
XGB_LOCAL,7-Day Rollout,Raw,Zona Central,Verano,los_patos,0.8566415893629068,0.5394338245193163,198.80952380952382,0.0,,,
XGB_LOCAL,7-Day Rollout,Invierno,Zona Central,Verano,los_patos,0.3068830842564506,0.15308187141601506,156.62923474913052,285.6799175558622,,,
XGB_LOCAL,7-Day Rollout,Operational,Zona Central,Verano,los_patos,0.2907066780883728,0.17142560454972444,92.16428497922932,23.302373498478442,,,
XGB_LOCAL,7-Day Rollout,Otoño,Zona Central,Verano,los_patos,0.19651575971154683,0.10786589445810282,98.61440951697583,18.75144033521539,,,
XGB_LOCAL,7-Day Rollout,Primavera,Zona Central,Verano,los_patos,0.700298034851231,0.4021170211812032,151.43743485378127,160.20269031841488,,,
XGB_LOCAL,7-Day Rollout,Verano,Zona Central,Verano,los_patos,0.2907066780883728,0.17142560454972444,92.16428497922932,23.302373498478442,,,
XGB_LOCAL,Day 1,Raw,Zona Central,Verano,peralillo,0.7948055357375202,0.5242430739365697,126.05534012367568,174.98828442117988,,,
XGB_LOCAL,Day 1,Invierno,Zona Central,Verano,peralillo,0.5963053824669113,0.3018822145586455,152.5496511932921,119.30802590299085,,,
XGB_LOCAL,Day 1,Otoño,Zona Central,Verano,peralillo,0.3198722033385622,0.17326184773507217,95.88989792517245,29.49241116489416,,,
XGB_LOCAL,Day 1,Primavera,Zona Central,Verano,peralillo,0.4367723848438769,0.23836418318872651,124.57943263521425,71.66392071306531,,,
XGB_LOCAL,Day 1,Verano,Zona Central,Verano,peralillo,0.7948035879581057,0.524087556682351,126.53439367997741,174.99457884239678,,,
XGB_LOCAL,7-Day Rollout,Raw,Zona Central,Verano,peralillo,0.5105680846982714,0.3092275324998725,104.83100446216416,51.91756140455358,,,
XGB_LOCAL,7-Day Rollout,Invierno,Zona Central,Verano,peralillo,0.34346283847950126,0.1574111358652669,144.96197064421966,194.2429533194919,,,
XGB_LOCAL,7-Day Rollout,Otoño,Zona Central,Verano,peralillo,0.27175404425727945,0.14653968468995854,96.29708527705435,26.837749954388574,,,
XGB_LOCAL,7-Day Rollout,Primavera,Zona Central,Verano,peralillo,0.7871147945449749,0.4546096782398222,156.88746771334735,170.39266961329145,,,
XGB_LOCAL,7-Day Rollout,Verano,Zona Central,Verano,peralillo,0.5105674683058129,0.3091896587595202,104.56389495575482,51.91697222452475,,,
XGB_LOCAL,Day 1,Raw,Zona Central,Verano,pfv_marchigue_ii,0.7275896996137446,0.4776102254788081,90.99017415254252,19.561045960490553,,,
XGB_LOCAL,Day 1,Invierno,Zona Central,Verano,pfv_marchigue_ii,2.1972574137736207,1.2791332478324573,134.4524724728825,108.18128748158962,,,
XGB_LOCAL,Day 1,Otoño,Zona Central,Verano,pfv_marchigue_ii,1.4514060343892565,0.843122026824858,108.6052337344751,39.79961295544023,,,
XGB_LOCAL,Day 1,Primavera,Zona Central,Verano,pfv_marchigue_ii,1.6209193646374995,0.8930227143379549,80.73782891223198,63.72008030080916,,,
XGB_LOCAL,Day 1,Verano,Zona Central,Verano,pfv_marchigue_ii,0.7275892724044349,0.4776102254788081,90.99017415254252,19.56103447508752,,,
XGB_LOCAL,7-Day Rollout,Raw,Zona Central,Verano,pfv_marchigue_ii,2.0433909031201694,1.2010941847693175,129.78629387388375,82.68646531638385,,,
XGB_LOCAL,7-Day Rollout,Invierno,Zona Central,Verano,pfv_marchigue_ii,1.318945032247408,0.6759559065325275,131.2693279112282,146.98184134649333,,,
XGB_LOCAL,7-Day Rollout,Otoño,Zona Central,Verano,pfv_marchigue_ii,1.021247462055611,0.580286005135609,106.7335144911879,30.757979980259936,,,
XGB_LOCAL,7-Day Rollout,Primavera,Zona Central,Verano,pfv_marchigue_ii,2.2599317676811563,1.2819908329825858,126.9900612019978,134.95033676358884,,,
XGB_LOCAL,7-Day Rollout,Verano,Zona Central,Verano,pfv_marchigue_ii,2.045191146635529,1.207913682031046,129.78629387388375,82.75931274502148,,,
XGB_LOCAL,Day 1,Raw,Zona Sur,Invierno,las_codornices,0.2233590451337349,0.1357547806498284,123.46854599475307,33.35343442136286,,,
XGB_LOCAL,Day 1,Invierno,Zona Sur,Invierno,las_codornices,0.22336864216779542,0.1358599574305117,118.96908591491876,33.363241559841875,,,
XGB_LOCAL,Day 1,Otoño,Zona Sur,Invierno,las_codornices,0.37314532791235294,0.21984036571423834,91.66447146146668,33.518490889521026,,,
XGB_LOCAL,Day 1,Primavera,Zona Sur,Invierno,las_codornices,0.49707993545465956,0.3058746477763634,134.096097539506,132.8310500678753,,,
XGB_LOCAL,Day 1,Verano,Zona Sur,Invierno,las_codornices,0.23610150606709374,0.15519650544350347,82.46519136727558,15.931467233470636,,,
XGB_LOCAL,7-Day Rollout,Raw,Zona Sur,Invierno,las_codornices,0.37230935874231647,0.20222038739025483,118.24759403903893,67.17552537710736,,,
XGB_LOCAL,7-Day Rollout,Invierno,Zona Sur,Invierno,las_codornices,0.3723045938724466,0.20197065715287213,116.36616057862265,67.18225329171568,,,
XGB_LOCAL,7-Day Rollout,Otoño,Zona Sur,Invierno,las_codornices,0.37157032217191904,0.19382632172380995,97.11712622594982,36.441747748703385,,,
XGB_LOCAL,7-Day Rollout,Primavera,Zona Sur,Invierno,las_codornices,0.4801080456423748,0.2736060442673479,129.32801001264573,125.4818274157526,,,
XGB_LOCAL,7-Day Rollout,Verano,Zona Sur,Invierno,las_codornices,0.5214335906473209,0.2915957278317451,96.8102370572048,43.15591152170353,,,
